INFO 2026-02-13 15:29:00,451 autoreload 30104 8584863936 Watching for file changes with StatReloader
INFO 2026-02-13 15:29:25,752 autoreload 30361 8584863936 Watching for file changes with StatReloader
INFO 2026-02-13 15:31:47,682 autoreload 30361 8584863936 /Users/grizzly/grizzly/edu/python/django/dmoneytracker/dmoneytracker/settings/base.py changed, reloading.
INFO 2026-02-13 15:31:47,992 autoreload 30414 8584863936 Watching for file changes with StatReloader
INFO 2026-02-13 15:32:50,859 autoreload 30584 8584863936 Watching for file changes with StatReloader
INFO 2026-02-13 15:32:59,181 autoreload 30722 8584863936 Watching for file changes with StatReloader
INFO 2026-02-13 15:33:31,731 autoreload 30722 8584863936 /Users/grizzly/grizzly/edu/python/django/dmoneytracker/dmoneytracker/settings/base.py changed, reloading.
INFO 2026-02-13 15:33:32,042 autoreload 30739 8584863936 Watching for file changes with StatReloader
INFO 2026-02-13 15:33:37,277 autoreload 30739 8584863936 /Users/grizzly/grizzly/edu/python/django/dmoneytracker/dmoneytracker/settings/base.py changed, reloading.
INFO 2026-02-13 15:33:37,553 autoreload 30746 8584863936 Watching for file changes with StatReloader
INFO 2026-02-13 15:33:39,757 autoreload 30746 8584863936 /Users/grizzly/grizzly/edu/python/django/dmoneytracker/dmoneytracker/settings/base.py changed, reloading.
INFO 2026-02-13 15:33:39,962 autoreload 30750 8584863936 Watching for file changes with StatReloader
INFO 2026-02-13 15:34:00,331 autoreload 30750 8584863936 /Users/grizzly/grizzly/edu/python/django/dmoneytracker/apps/core/apps.py changed, reloading.
INFO 2026-02-13 15:34:00,641 autoreload 30770 8584863936 Watching for file changes with StatReloader
INFO 2026-02-13 15:34:06,863 autoreload 30770 8584863936 /Users/grizzly/grizzly/edu/python/django/dmoneytracker/dmoneytracker/settings/base.py changed, reloading.
INFO 2026-02-13 15:34:07,141 autoreload 30779 8584863936 Watching for file changes with StatReloader
INFO 2026-02-13 15:34:12,381 autoreload 30779 8584863936 /Users/grizzly/grizzly/edu/python/django/dmoneytracker/dmoneytracker/settings/base.py changed, reloading.
INFO 2026-02-13 15:34:12,659 autoreload 30782 8584863936 Watching for file changes with StatReloader
INFO 2026-02-13 15:34:20,916 autoreload 30782 8584863936 /Users/grizzly/grizzly/edu/python/django/dmoneytracker/dmoneytracker/settings/base.py changed, reloading.
INFO 2026-02-13 15:34:21,275 autoreload 30789 8584863936 Watching for file changes with StatReloader
INFO 2026-02-13 15:34:30,621 autoreload 30789 8584863936 /Users/grizzly/grizzly/edu/python/django/dmoneytracker/dmoneytracker/urls.py changed, reloading.
INFO 2026-02-13 15:34:30,966 autoreload 30796 8584863936 Watching for file changes with StatReloader
INFO 2026-02-13 15:34:33,082 autoreload 30796 8584863936 /Users/grizzly/grizzly/edu/python/django/dmoneytracker/dmoneytracker/urls.py changed, reloading.
INFO 2026-02-13 15:34:33,314 autoreload 30801 8584863936 Watching for file changes with StatReloader
INFO 2026-02-14 06:02:16,908 autoreload 31822 8584863936 Watching for file changes with StatReloader
INFO 2026-02-14 07:10:50,910 autoreload 34486 8584863936 Watching for file changes with StatReloader
WARNING 2026-02-22 05:07:51,516 log 34486 6170996736 Not Found: /docs
WARNING 2026-02-22 05:07:51,572 log 34486 6170996736 Not Found: /favicon.ico
INFO 2026-02-22 05:38:39,585 autoreload 34486 8584863936 /Users/grizzly/grizzly/edu/python/django/dmoneytracker/apps/endusers/models.py changed, reloading.
INFO 2026-02-22 05:38:40,808 autoreload 43127 8584863936 Watching for file changes with StatReloader
INFO 2026-02-22 05:38:50,203 autoreload 43127 8584863936 /Users/grizzly/grizzly/edu/python/django/dmoneytracker/apps/endusers/models.py changed, reloading.
INFO 2026-02-22 05:38:50,603 autoreload 43134 8584863936 Watching for file changes with StatReloader
INFO 2026-02-22 05:39:23,659 autoreload 43134 8584863936 /Users/grizzly/grizzly/edu/python/django/dmoneytracker/apps/endusers/apps.py changed, reloading.
INFO 2026-02-22 05:39:24,038 autoreload 43146 8584863936 Watching for file changes with StatReloader
INFO 2026-02-22 05:39:37,558 autoreload 43146 8584863936 /Users/grizzly/grizzly/edu/python/django/dmoneytracker/apps/endusers/admin.py changed, reloading.
INFO 2026-02-22 05:39:37,914 autoreload 43154 8584863936 Watching for file changes with StatReloader
INFO 2026-02-22 05:39:45,267 autoreload 43154 8584863936 /Users/grizzly/grizzly/edu/python/django/dmoneytracker/apps/endusers/admin.py changed, reloading.
INFO 2026-02-22 05:39:45,686 autoreload 43163 8584863936 Watching for file changes with StatReloader
INFO 2026-02-22 05:40:01,238 autoreload 43163 8584863936 /Users/grizzly/grizzly/edu/python/django/dmoneytracker/apps/endusers/serializers.py changed, reloading.
INFO 2026-02-22 05:40:01,679 autoreload 43170 8584863936 Watching for file changes with StatReloader
INFO 2026-02-22 05:40:09,014 autoreload 43170 8584863936 /Users/grizzly/grizzly/edu/python/django/dmoneytracker/apps/endusers/serializers.py changed, reloading.
INFO 2026-02-22 05:40:09,360 autoreload 43176 8584863936 Watching for file changes with StatReloader
INFO 2026-02-22 05:49:22,596 autoreload 43176 8584863936 /Users/grizzly/grizzly/edu/python/django/dmoneytracker/apps/endusers/migrations/0001_initial.py changed, reloading.
INFO 2026-02-22 05:49:22,910 autoreload 43381 8584863936 Watching for file changes with StatReloader
INFO 2026-02-22 05:50:57,850 autoreload 43534 8584863936 Watching for file changes with StatReloader
INFO 2026-02-22 05:53:53,471 autoreload 43534 8584863936 /Users/grizzly/grizzly/edu/python/django/dmoneytracker/apps/endusers/models.py changed, reloading.
INFO 2026-02-22 05:53:53,898 autoreload 43576 8584863936 Watching for file changes with StatReloader
INFO 2026-02-22 05:53:57,160 autoreload 43576 8584863936 /Users/grizzly/grizzly/edu/python/django/dmoneytracker/apps/endusers/models.py changed, reloading.
INFO 2026-02-22 05:53:57,404 autoreload 43581 8584863936 Watching for file changes with StatReloader
INFO 2026-02-22 05:54:57,177 autoreload 43581 8584863936 /Users/grizzly/grizzly/edu/python/django/dmoneytracker/apps/endusers/models.py changed, reloading.
INFO 2026-02-22 05:54:57,557 autoreload 43609 8584863936 Watching for file changes with StatReloader
INFO 2026-02-22 05:54:59,742 autoreload 43609 8584863936 /Users/grizzly/grizzly/edu/python/django/dmoneytracker/apps/endusers/models.py changed, reloading.
INFO 2026-02-22 05:55:00,064 autoreload 43613 8584863936 Watching for file changes with StatReloader
INFO 2026-02-22 05:55:01,258 autoreload 43613 8584863936 /Users/grizzly/grizzly/edu/python/django/dmoneytracker/apps/endusers/models.py changed, reloading.
INFO 2026-02-22 05:55:01,479 autoreload 43615 8584863936 Watching for file changes with StatReloader
INFO 2026-02-22 05:55:03,671 autoreload 43615 8584863936 /Users/grizzly/grizzly/edu/python/django/dmoneytracker/apps/endusers/models.py changed, reloading.
INFO 2026-02-22 05:55:03,909 autoreload 43619 8584863936 Watching for file changes with StatReloader
INFO 2026-02-22 05:55:08,114 autoreload 43619 8584863936 /Users/grizzly/grizzly/edu/python/django/dmoneytracker/apps/endusers/models.py changed, reloading.
INFO 2026-02-22 05:55:08,363 autoreload 43621 8584863936 Watching for file changes with StatReloader
INFO 2026-02-22 05:55:13,569 autoreload 43621 8584863936 /Users/grizzly/grizzly/edu/python/django/dmoneytracker/apps/endusers/models.py changed, reloading.
INFO 2026-02-22 05:55:13,827 autoreload 43627 8584863936 Watching for file changes with StatReloader
INFO 2026-02-22 05:55:20,102 autoreload 43627 8584863936 /Users/grizzly/grizzly/edu/python/django/dmoneytracker/apps/subcategories/models.py changed, reloading.
INFO 2026-02-22 05:55:20,367 autoreload 43633 8584863936 Watching for file changes with StatReloader
INFO 2026-02-22 05:55:24,577 autoreload 43633 8584863936 /Users/grizzly/grizzly/edu/python/django/dmoneytracker/apps/subcategories/models.py changed, reloading.
INFO 2026-02-22 05:55:24,810 autoreload 43636 8584863936 Watching for file changes with StatReloader
INFO 2026-02-22 05:55:44,385 autoreload 43636 8584863936 /Users/grizzly/grizzly/edu/python/django/dmoneytracker/apps/categories/models.py changed, reloading.
INFO 2026-02-22 05:55:44,737 autoreload 43643 8584863936 Watching for file changes with StatReloader
INFO 2026-02-22 05:55:48,042 autoreload 43643 8584863936 /Users/grizzly/grizzly/edu/python/django/dmoneytracker/apps/categories/models.py changed, reloading.
INFO 2026-02-22 05:55:48,333 autoreload 43646 8584863936 Watching for file changes with StatReloader
INFO 2026-02-22 06:04:24,767 autoreload 44375 8584863936 Watching for file changes with StatReloader
WARNING 2026-02-22 06:04:27,843 log 44375 6164213760 Forbidden: /api/
WARNING 2026-02-22 06:07:34,477 log 44375 6163640320 Forbidden: /api/
INFO 2026-02-22 06:55:29,825 autoreload 44375 8584863936 /Users/grizzly/grizzly/edu/python/django/dmoneytracker/dmoneytracker/urls.py changed, reloading.
INFO 2026-02-22 06:55:30,316 autoreload 45116 8584863936 Watching for file changes with StatReloader
INFO 2026-02-22 06:57:21,539 autoreload 45116 8584863936 /Users/grizzly/grizzly/edu/python/django/dmoneytracker/apps/categories/urls.py changed, reloading.
INFO 2026-02-22 06:57:21,917 autoreload 45158 8584863936 Watching for file changes with StatReloader
INFO 2026-02-22 06:57:25,053 autoreload 45158 8584863936 /Users/grizzly/grizzly/edu/python/django/dmoneytracker/apps/categories/urls.py changed, reloading.
INFO 2026-02-22 06:57:25,296 autoreload 45166 8584863936 Watching for file changes with StatReloader
INFO 2026-02-22 06:57:27,398 autoreload 45166 8584863936 /Users/grizzly/grizzly/edu/python/django/dmoneytracker/apps/categories/urls.py changed, reloading.
INFO 2026-02-22 06:57:27,634 autoreload 45167 8584863936 Watching for file changes with StatReloader
INFO 2026-02-22 06:57:31,836 autoreload 45167 8584863936 /Users/grizzly/grizzly/edu/python/django/dmoneytracker/apps/endusers/urls.py changed, reloading.
INFO 2026-02-22 06:57:32,072 autoreload 45183 8584863936 Watching for file changes with StatReloader
INFO 2026-02-22 06:57:37,319 autoreload 45183 8584863936 /Users/grizzly/grizzly/edu/python/django/dmoneytracker/apps/subcategories/urls.py changed, reloading.
INFO 2026-02-22 06:57:37,752 autoreload 45196 8584863936 Watching for file changes with StatReloader
WARNING 2026-02-22 06:57:43,733 log 45196 6125318144 Not Found: /api/
WARNING 2026-02-22 06:57:44,650 log 45196 6125318144 Not Found: /api/
WARNING 2026-02-22 06:57:45,082 log 45196 6125318144 Not Found: /api/
WARNING 2026-02-22 06:57:45,657 log 45196 6125318144 Not Found: /api/
WARNING 2026-02-22 06:57:49,332 log 45196 6125318144 Not Found: /api
WARNING 2026-02-22 06:57:57,019 log 45196 6125318144 Forbidden: /api/categories/
WARNING 2026-02-22 06:58:02,666 log 45196 6125318144 Forbidden: /api/categories/
WARNING 2026-02-22 06:58:04,465 log 45196 6125318144 Forbidden: /api/categories/
WARNING 2026-02-22 06:58:13,469 log 45196 6125318144 Forbidden: /api/endusers/
WARNING 2026-02-22 06:58:15,916 log 45196 6125318144 Forbidden: /api/endusers/
WARNING 2026-02-22 06:58:23,599 log 45196 6125318144 Forbidden: /api/endusers/
INFO 2026-02-22 07:02:24,150 autoreload 45196 8584863936 /Users/grizzly/grizzly/edu/python/django/dmoneytracker/apps/subcategories/viewsets.py changed, reloading.
INFO 2026-02-22 07:02:24,542 autoreload 45262 8584863936 Watching for file changes with StatReloader
INFO 2026-02-22 07:02:28,804 autoreload 45262 8584863936 /Users/grizzly/grizzly/edu/python/django/dmoneytracker/apps/subcategories/viewsets.py changed, reloading.
INFO 2026-02-22 07:02:29,045 autoreload 45267 8584863936 Watching for file changes with StatReloader
INFO 2026-02-22 07:02:31,168 autoreload 45267 8584863936 /Users/grizzly/grizzly/edu/python/django/dmoneytracker/apps/subcategories/viewsets.py changed, reloading.
INFO 2026-02-22 07:02:31,392 autoreload 45270 8584863936 Watching for file changes with StatReloader
INFO 2026-02-22 07:03:07,592 autoreload 45270 8584863936 /Users/grizzly/grizzly/edu/python/django/dmoneytracker/apps/subcategories/viewsets.py changed, reloading.
INFO 2026-02-22 07:03:07,953 autoreload 45283 8584863936 Watching for file changes with StatReloader
INFO 2026-02-22 07:03:22,472 autoreload 45283 8584863936 /Users/grizzly/grizzly/edu/python/django/dmoneytracker/apps/subcategories/viewsets.py changed, reloading.
INFO 2026-02-22 07:03:22,813 autoreload 45290 8584863936 Watching for file changes with StatReloader
INFO 2026-02-22 07:03:23,918 autoreload 45290 8584863936 /Users/grizzly/grizzly/edu/python/django/dmoneytracker/apps/subcategories/viewsets.py changed, reloading.
INFO 2026-02-22 07:03:24,173 autoreload 45293 8584863936 Watching for file changes with StatReloader
INFO 2026-02-22 07:03:25,282 autoreload 45293 8584863936 /Users/grizzly/grizzly/edu/python/django/dmoneytracker/apps/subcategories/viewsets.py changed, reloading.
INFO 2026-02-22 07:03:25,498 autoreload 45295 8584863936 Watching for file changes with StatReloader
INFO 2026-02-22 07:03:27,595 autoreload 45295 8584863936 /Users/grizzly/grizzly/edu/python/django/dmoneytracker/apps/subcategories/viewsets.py changed, reloading.
INFO 2026-02-22 07:03:27,818 autoreload 45296 8584863936 Watching for file changes with StatReloader
INFO 2026-02-22 07:03:31,020 autoreload 45296 8584863936 /Users/grizzly/grizzly/edu/python/django/dmoneytracker/apps/subcategories/viewsets.py changed, reloading.
INFO 2026-02-22 07:03:31,256 autoreload 45300 8584863936 Watching for file changes with StatReloader
INFO 2026-02-22 07:03:36,531 autoreload 45300 8584863936 /Users/grizzly/grizzly/edu/python/django/dmoneytracker/apps/subcategories/viewsets.py changed, reloading.
INFO 2026-02-22 07:03:36,754 autoreload 45305 8584863936 Watching for file changes with StatReloader
INFO 2026-02-22 07:03:56,353 autoreload 45305 8584863936 /Users/grizzly/grizzly/edu/python/django/dmoneytracker/apps/subcategories/viewsets.py changed, reloading.
INFO 2026-02-22 07:03:56,973 autoreload 45311 8584863936 Watching for file changes with StatReloader
INFO 2026-02-22 07:04:33,257 autoreload 45311 8584863936 /Users/grizzly/grizzly/edu/python/django/dmoneytracker/apps/subcategories/viewsets.py changed, reloading.
INFO 2026-02-22 07:04:33,625 autoreload 45336 8584863936 Watching for file changes with StatReloader
INFO 2026-02-22 07:04:34,723 autoreload 45336 8584863936 /Users/grizzly/grizzly/edu/python/django/dmoneytracker/apps/subcategories/viewsets.py changed, reloading.
INFO 2026-02-22 07:04:34,949 autoreload 45339 8584863936 Watching for file changes with StatReloader
INFO 2026-02-22 07:04:36,145 autoreload 45339 8584863936 /Users/grizzly/grizzly/edu/python/django/dmoneytracker/apps/subcategories/viewsets.py changed, reloading.
INFO 2026-02-22 07:04:36,369 autoreload 45342 8584863936 Watching for file changes with StatReloader
INFO 2026-02-22 07:04:43,674 autoreload 45342 8584863936 /Users/grizzly/grizzly/edu/python/django/dmoneytracker/apps/subcategories/viewsets.py changed, reloading.
INFO 2026-02-22 07:04:43,928 autoreload 45346 8584863936 Watching for file changes with StatReloader
INFO 2026-02-22 07:05:35,442 autoreload 45346 8584863936 /Users/grizzly/grizzly/edu/python/django/dmoneytracker/apps/subcategories/viewsets.py changed, reloading.
INFO 2026-02-22 07:05:35,880 autoreload 45357 8584863936 Watching for file changes with StatReloader
INFO 2026-02-22 07:05:36,998 autoreload 45357 8584863936 /Users/grizzly/grizzly/edu/python/django/dmoneytracker/apps/subcategories/viewsets.py changed, reloading.
INFO 2026-02-22 07:05:37,218 autoreload 45360 8584863936 Watching for file changes with StatReloader
INFO 2026-02-22 07:05:42,389 autoreload 45360 8584863936 /Users/grizzly/grizzly/edu/python/django/dmoneytracker/apps/subcategories/viewsets.py changed, reloading.
INFO 2026-02-22 07:05:42,626 autoreload 45363 8584863936 Watching for file changes with StatReloader
INFO 2026-02-22 07:05:44,732 autoreload 45363 8584863936 /Users/grizzly/grizzly/edu/python/django/dmoneytracker/apps/subcategories/viewsets.py changed, reloading.
INFO 2026-02-22 07:05:44,944 autoreload 45365 8584863936 Watching for file changes with StatReloader
INFO 2026-02-22 07:05:46,107 autoreload 45365 8584863936 /Users/grizzly/grizzly/edu/python/django/dmoneytracker/apps/subcategories/viewsets.py changed, reloading.
INFO 2026-02-22 07:05:46,314 autoreload 45367 8584863936 Watching for file changes with StatReloader
INFO 2026-02-22 07:05:47,473 autoreload 45367 8584863936 /Users/grizzly/grizzly/edu/python/django/dmoneytracker/apps/subcategories/viewsets.py changed, reloading.
INFO 2026-02-22 07:05:47,684 autoreload 45371 8584863936 Watching for file changes with StatReloader
INFO 2026-02-22 07:06:28,893 autoreload 45371 8584863936 /Users/grizzly/grizzly/edu/python/django/dmoneytracker/apps/subcategories/viewsets.py changed, reloading.
INFO 2026-02-22 07:06:29,252 autoreload 45382 8584863936 Watching for file changes with StatReloader
INFO 2026-02-22 07:06:30,451 autoreload 45382 8584863936 /Users/grizzly/grizzly/edu/python/django/dmoneytracker/apps/subcategories/viewsets.py changed, reloading.
INFO 2026-02-22 07:06:30,655 autoreload 45386 8584863936 Watching for file changes with StatReloader
ERROR 2026-02-22 07:07:24,075 log 45386 6136426496 Internal Server Error: /api/endusers/
Traceback (most recent call last):
  File "/Users/grizzly/.pyenv/versions/mt/lib/python3.12/site-packages/django/core/handlers/exception.py", line 55, in inner
    response = get_response(request)
               ^^^^^^^^^^^^^^^^^^^^^
  File "/Users/grizzly/.pyenv/versions/mt/lib/python3.12/site-packages/django/core/handlers/base.py", line 221, in _get_response
    response = response.render()
               ^^^^^^^^^^^^^^^^^
  File "/Users/grizzly/.pyenv/versions/mt/lib/python3.12/site-packages/django/template/response.py", line 114, in render
    self.content = self.rendered_content
                   ^^^^^^^^^^^^^^^^^^^^^
  File "/Users/grizzly/.pyenv/versions/mt/lib/python3.12/site-packages/rest_framework/response.py", line 74, in rendered_content
    ret = renderer.render(self.data, accepted_media_type, context)
          ^^^^^^^^^^^^^^^^^^^^^^^^^^^^^^^^^^^^^^^^^^^^^^^^^^^^^^^^
  File "/Users/grizzly/.pyenv/versions/mt/lib/python3.12/site-packages/rest_framework/renderers.py", line 732, in render
    ret = template.render(context, request=renderer_context['request'])
          ^^^^^^^^^^^^^^^^^^^^^^^^^^^^^^^^^^^^^^^^^^^^^^^^^^^^^^^^^^^^^
  File "/Users/grizzly/.pyenv/versions/mt/lib/python3.12/site-packages/django/template/backends/django.py", line 107, in render
    return self.template.render(context)
           ^^^^^^^^^^^^^^^^^^^^^^^^^^^^^
  File "/Users/grizzly/.pyenv/versions/mt/lib/python3.12/site-packages/django/template/base.py", line 174, in render
    return self._render(context)
           ^^^^^^^^^^^^^^^^^^^^^
  File "/Users/grizzly/.pyenv/versions/mt/lib/python3.12/site-packages/django/template/base.py", line 166, in _render
    return self.nodelist.render(context)
           ^^^^^^^^^^^^^^^^^^^^^^^^^^^^^
  File "/Users/grizzly/.pyenv/versions/mt/lib/python3.12/site-packages/django/template/base.py", line 1091, in render
    return SafeString("".join([node.render_annotated(context) for node in self]))
                               ^^^^^^^^^^^^^^^^^^^^^^^^^^^^^^
  File "/Users/grizzly/.pyenv/versions/mt/lib/python3.12/site-packages/django/template/base.py", line 1052, in render_annotated
    return self.render(context)
           ^^^^^^^^^^^^^^^^^^^^
  File "/Users/grizzly/.pyenv/versions/mt/lib/python3.12/site-packages/django/template/loader_tags.py", line 160, in render
    return compiled_parent._render(context)
           ^^^^^^^^^^^^^^^^^^^^^^^^^^^^^^^^
  File "/Users/grizzly/.pyenv/versions/mt/lib/python3.12/site-packages/django/template/base.py", line 166, in _render
    return self.nodelist.render(context)
           ^^^^^^^^^^^^^^^^^^^^^^^^^^^^^
  File "/Users/grizzly/.pyenv/versions/mt/lib/python3.12/site-packages/django/template/base.py", line 1091, in render
    return SafeString("".join([node.render_annotated(context) for node in self]))
                               ^^^^^^^^^^^^^^^^^^^^^^^^^^^^^^
  File "/Users/grizzly/.pyenv/versions/mt/lib/python3.12/site-packages/django/template/base.py", line 1052, in render_annotated
    return self.render(context)
           ^^^^^^^^^^^^^^^^^^^^
  File "/Users/grizzly/.pyenv/versions/mt/lib/python3.12/site-packages/django/template/loader_tags.py", line 66, in render
    result = block.nodelist.render(context)
             ^^^^^^^^^^^^^^^^^^^^^^^^^^^^^^
  File "/Users/grizzly/.pyenv/versions/mt/lib/python3.12/site-packages/django/template/base.py", line 1091, in render
    return SafeString("".join([node.render_annotated(context) for node in self]))
                               ^^^^^^^^^^^^^^^^^^^^^^^^^^^^^^
  File "/Users/grizzly/.pyenv/versions/mt/lib/python3.12/site-packages/django/template/base.py", line 1052, in render_annotated
    return self.render(context)
           ^^^^^^^^^^^^^^^^^^^^
  File "/Users/grizzly/.pyenv/versions/mt/lib/python3.12/site-packages/django/template/loader_tags.py", line 66, in render
    result = block.nodelist.render(context)
             ^^^^^^^^^^^^^^^^^^^^^^^^^^^^^^
  File "/Users/grizzly/.pyenv/versions/mt/lib/python3.12/site-packages/django/template/base.py", line 1091, in render
    return SafeString("".join([node.render_annotated(context) for node in self]))
                               ^^^^^^^^^^^^^^^^^^^^^^^^^^^^^^
  File "/Users/grizzly/.pyenv/versions/mt/lib/python3.12/site-packages/django/template/base.py", line 1052, in render_annotated
    return self.render(context)
           ^^^^^^^^^^^^^^^^^^^^
  File "/Users/grizzly/.pyenv/versions/mt/lib/python3.12/site-packages/django/template/loader_tags.py", line 66, in render
    result = block.nodelist.render(context)
             ^^^^^^^^^^^^^^^^^^^^^^^^^^^^^^
  File "/Users/grizzly/.pyenv/versions/mt/lib/python3.12/site-packages/django/template/base.py", line 1091, in render
    return SafeString("".join([node.render_annotated(context) for node in self]))
                               ^^^^^^^^^^^^^^^^^^^^^^^^^^^^^^
  File "/Users/grizzly/.pyenv/versions/mt/lib/python3.12/site-packages/django/template/base.py", line 1052, in render_annotated
    return self.render(context)
           ^^^^^^^^^^^^^^^^^^^^
  File "/Users/grizzly/.pyenv/versions/mt/lib/python3.12/site-packages/django/template/defaulttags.py", line 333, in render
    return nodelist.render(context)
           ^^^^^^^^^^^^^^^^^^^^^^^^
  File "/Users/grizzly/.pyenv/versions/mt/lib/python3.12/site-packages/django/template/base.py", line 1091, in render
    return SafeString("".join([node.render_annotated(context) for node in self]))
                               ^^^^^^^^^^^^^^^^^^^^^^^^^^^^^^
  File "/Users/grizzly/.pyenv/versions/mt/lib/python3.12/site-packages/django/template/base.py", line 1052, in render_annotated
    return self.render(context)
           ^^^^^^^^^^^^^^^^^^^^
  File "/Users/grizzly/.pyenv/versions/mt/lib/python3.12/site-packages/django/template/library.py", line 325, in render
    output = self.func(*resolved_args, **resolved_kwargs)
             ^^^^^^^^^^^^^^^^^^^^^^^^^^^^^^^^^^^^^^^^^^^^
  File "/Users/grizzly/.pyenv/versions/mt/lib/python3.12/site-packages/rest_framework/templatetags/rest_framework.py", line 95, in optional_login
    login_url = reverse('rest_framework:login')
                ^^^^^^^^^^^^^^^^^^^^^^^^^^^^^^^
  File "/Users/grizzly/.pyenv/versions/mt/lib/python3.12/site-packages/django/urls/base.py", line 64, in reverse
    app_list = resolver.app_dict[ns]
               ^^^^^^^^^^^^^^^^^
  File "/Users/grizzly/.pyenv/versions/mt/lib/python3.12/site-packages/django/urls/resolvers.py", line 647, in app_dict
    self._populate()
  File "/Users/grizzly/.pyenv/versions/mt/lib/python3.12/site-packages/django/urls/resolvers.py", line 584, in _populate
    url_pattern._populate()
  File "/Users/grizzly/.pyenv/versions/mt/lib/python3.12/site-packages/django/urls/resolvers.py", line 584, in _populate
    url_pattern._populate()
  File "/Users/grizzly/.pyenv/versions/mt/lib/python3.12/site-packages/django/urls/resolvers.py", line 563, in _populate
    bits = normalize(url_pattern.pattern.regex.pattern)
           ^^^^^^^^^^^^^^^^^^^^^^^^^^^^^^^^^^^^^^^^^^^^
  File "/Users/grizzly/.pyenv/versions/mt/lib/python3.12/site-packages/django/utils/regex_helper.py", line 160, in normalize
    count, ch = get_quantifier(ch, pattern_iter)
                ^^^^^^^^^^^^^^^^^^^^^^^^^^^^^^^^
  File "/Users/grizzly/.pyenv/versions/mt/lib/python3.12/site-packages/django/utils/regex_helper.py", line 272, in get_quantifier
    return int(values[0]), ch
           ^^^^^^^^^^^^^^
ValueError: invalid literal for int() with base 10: 'user'
WARNING 2026-02-22 07:07:34,041 log 45386 6136426496 Not Found: /api/
ERROR 2026-02-22 07:07:39,844 log 45386 6136426496 Internal Server Error: /api/endusers/
Traceback (most recent call last):
  File "/Users/grizzly/.pyenv/versions/mt/lib/python3.12/site-packages/django/core/handlers/exception.py", line 55, in inner
    response = get_response(request)
               ^^^^^^^^^^^^^^^^^^^^^
  File "/Users/grizzly/.pyenv/versions/mt/lib/python3.12/site-packages/django/core/handlers/base.py", line 221, in _get_response
    response = response.render()
               ^^^^^^^^^^^^^^^^^
  File "/Users/grizzly/.pyenv/versions/mt/lib/python3.12/site-packages/django/template/response.py", line 114, in render
    self.content = self.rendered_content
                   ^^^^^^^^^^^^^^^^^^^^^
  File "/Users/grizzly/.pyenv/versions/mt/lib/python3.12/site-packages/rest_framework/response.py", line 74, in rendered_content
    ret = renderer.render(self.data, accepted_media_type, context)
          ^^^^^^^^^^^^^^^^^^^^^^^^^^^^^^^^^^^^^^^^^^^^^^^^^^^^^^^^
  File "/Users/grizzly/.pyenv/versions/mt/lib/python3.12/site-packages/rest_framework/renderers.py", line 732, in render
    ret = template.render(context, request=renderer_context['request'])
          ^^^^^^^^^^^^^^^^^^^^^^^^^^^^^^^^^^^^^^^^^^^^^^^^^^^^^^^^^^^^^
  File "/Users/grizzly/.pyenv/versions/mt/lib/python3.12/site-packages/django/template/backends/django.py", line 107, in render
    return self.template.render(context)
           ^^^^^^^^^^^^^^^^^^^^^^^^^^^^^
  File "/Users/grizzly/.pyenv/versions/mt/lib/python3.12/site-packages/django/template/base.py", line 174, in render
    return self._render(context)
           ^^^^^^^^^^^^^^^^^^^^^
  File "/Users/grizzly/.pyenv/versions/mt/lib/python3.12/site-packages/django/template/base.py", line 166, in _render
    return self.nodelist.render(context)
           ^^^^^^^^^^^^^^^^^^^^^^^^^^^^^
  File "/Users/grizzly/.pyenv/versions/mt/lib/python3.12/site-packages/django/template/base.py", line 1091, in render
    return SafeString("".join([node.render_annotated(context) for node in self]))
                               ^^^^^^^^^^^^^^^^^^^^^^^^^^^^^^
  File "/Users/grizzly/.pyenv/versions/mt/lib/python3.12/site-packages/django/template/base.py", line 1052, in render_annotated
    return self.render(context)
           ^^^^^^^^^^^^^^^^^^^^
  File "/Users/grizzly/.pyenv/versions/mt/lib/python3.12/site-packages/django/template/loader_tags.py", line 160, in render
    return compiled_parent._render(context)
           ^^^^^^^^^^^^^^^^^^^^^^^^^^^^^^^^
  File "/Users/grizzly/.pyenv/versions/mt/lib/python3.12/site-packages/django/template/base.py", line 166, in _render
    return self.nodelist.render(context)
           ^^^^^^^^^^^^^^^^^^^^^^^^^^^^^
  File "/Users/grizzly/.pyenv/versions/mt/lib/python3.12/site-packages/django/template/base.py", line 1091, in render
    return SafeString("".join([node.render_annotated(context) for node in self]))
                               ^^^^^^^^^^^^^^^^^^^^^^^^^^^^^^
  File "/Users/grizzly/.pyenv/versions/mt/lib/python3.12/site-packages/django/template/base.py", line 1052, in render_annotated
    return self.render(context)
           ^^^^^^^^^^^^^^^^^^^^
  File "/Users/grizzly/.pyenv/versions/mt/lib/python3.12/site-packages/django/template/loader_tags.py", line 66, in render
    result = block.nodelist.render(context)
             ^^^^^^^^^^^^^^^^^^^^^^^^^^^^^^
  File "/Users/grizzly/.pyenv/versions/mt/lib/python3.12/site-packages/django/template/base.py", line 1091, in render
    return SafeString("".join([node.render_annotated(context) for node in self]))
                               ^^^^^^^^^^^^^^^^^^^^^^^^^^^^^^
  File "/Users/grizzly/.pyenv/versions/mt/lib/python3.12/site-packages/django/template/base.py", line 1052, in render_annotated
    return self.render(context)
           ^^^^^^^^^^^^^^^^^^^^
  File "/Users/grizzly/.pyenv/versions/mt/lib/python3.12/site-packages/django/template/loader_tags.py", line 66, in render
    result = block.nodelist.render(context)
             ^^^^^^^^^^^^^^^^^^^^^^^^^^^^^^
  File "/Users/grizzly/.pyenv/versions/mt/lib/python3.12/site-packages/django/template/base.py", line 1091, in render
    return SafeString("".join([node.render_annotated(context) for node in self]))
                               ^^^^^^^^^^^^^^^^^^^^^^^^^^^^^^
  File "/Users/grizzly/.pyenv/versions/mt/lib/python3.12/site-packages/django/template/base.py", line 1052, in render_annotated
    return self.render(context)
           ^^^^^^^^^^^^^^^^^^^^
  File "/Users/grizzly/.pyenv/versions/mt/lib/python3.12/site-packages/django/template/loader_tags.py", line 66, in render
    result = block.nodelist.render(context)
             ^^^^^^^^^^^^^^^^^^^^^^^^^^^^^^
  File "/Users/grizzly/.pyenv/versions/mt/lib/python3.12/site-packages/django/template/base.py", line 1091, in render
    return SafeString("".join([node.render_annotated(context) for node in self]))
                               ^^^^^^^^^^^^^^^^^^^^^^^^^^^^^^
  File "/Users/grizzly/.pyenv/versions/mt/lib/python3.12/site-packages/django/template/base.py", line 1052, in render_annotated
    return self.render(context)
           ^^^^^^^^^^^^^^^^^^^^
  File "/Users/grizzly/.pyenv/versions/mt/lib/python3.12/site-packages/django/template/defaulttags.py", line 333, in render
    return nodelist.render(context)
           ^^^^^^^^^^^^^^^^^^^^^^^^
  File "/Users/grizzly/.pyenv/versions/mt/lib/python3.12/site-packages/django/template/base.py", line 1091, in render
    return SafeString("".join([node.render_annotated(context) for node in self]))
                               ^^^^^^^^^^^^^^^^^^^^^^^^^^^^^^
  File "/Users/grizzly/.pyenv/versions/mt/lib/python3.12/site-packages/django/template/base.py", line 1052, in render_annotated
    return self.render(context)
           ^^^^^^^^^^^^^^^^^^^^
  File "/Users/grizzly/.pyenv/versions/mt/lib/python3.12/site-packages/django/template/library.py", line 325, in render
    output = self.func(*resolved_args, **resolved_kwargs)
             ^^^^^^^^^^^^^^^^^^^^^^^^^^^^^^^^^^^^^^^^^^^^
  File "/Users/grizzly/.pyenv/versions/mt/lib/python3.12/site-packages/rest_framework/templatetags/rest_framework.py", line 95, in optional_login
    login_url = reverse('rest_framework:login')
                ^^^^^^^^^^^^^^^^^^^^^^^^^^^^^^^
  File "/Users/grizzly/.pyenv/versions/mt/lib/python3.12/site-packages/django/urls/base.py", line 64, in reverse
    app_list = resolver.app_dict[ns]
               ^^^^^^^^^^^^^^^^^
  File "/Users/grizzly/.pyenv/versions/mt/lib/python3.12/site-packages/django/urls/resolvers.py", line 647, in app_dict
    self._populate()
  File "/Users/grizzly/.pyenv/versions/mt/lib/python3.12/site-packages/django/urls/resolvers.py", line 584, in _populate
    url_pattern._populate()
  File "/Users/grizzly/.pyenv/versions/mt/lib/python3.12/site-packages/django/urls/resolvers.py", line 584, in _populate
    url_pattern._populate()
  File "/Users/grizzly/.pyenv/versions/mt/lib/python3.12/site-packages/django/urls/resolvers.py", line 563, in _populate
    bits = normalize(url_pattern.pattern.regex.pattern)
           ^^^^^^^^^^^^^^^^^^^^^^^^^^^^^^^^^^^^^^^^^^^^
  File "/Users/grizzly/.pyenv/versions/mt/lib/python3.12/site-packages/django/utils/regex_helper.py", line 160, in normalize
    count, ch = get_quantifier(ch, pattern_iter)
                ^^^^^^^^^^^^^^^^^^^^^^^^^^^^^^^^
  File "/Users/grizzly/.pyenv/versions/mt/lib/python3.12/site-packages/django/utils/regex_helper.py", line 272, in get_quantifier
    return int(values[0]), ch
           ^^^^^^^^^^^^^^
ValueError: invalid literal for int() with base 10: 'user'
INFO 2026-02-22 07:07:56,189 autoreload 45386 8584863936 /Users/grizzly/grizzly/edu/python/django/dmoneytracker/dmoneytracker/urls.py changed, reloading.
INFO 2026-02-22 07:07:56,555 autoreload 45414 8584863936 Watching for file changes with StatReloader
INFO 2026-02-22 07:07:57,734 autoreload 45414 8584863936 /Users/grizzly/grizzly/edu/python/django/dmoneytracker/dmoneytracker/urls.py changed, reloading.
INFO 2026-02-22 07:07:57,939 autoreload 45418 8584863936 Watching for file changes with StatReloader
INFO 2026-02-22 07:14:50,064 autoreload 45418 8584863936 /Users/grizzly/grizzly/edu/python/django/dmoneytracker/apps/endusers/urls.py changed, reloading.
INFO 2026-02-22 07:14:50,487 autoreload 45537 8584863936 Watching for file changes with StatReloader
INFO 2026-02-22 08:03:45,588 autoreload 45537 8584863936 /Users/grizzly/.pyenv/versions/3.12.12/envs/mt/lib/python3.12/site-packages/__editable___dmoneytracker_0_1_0_finder.py changed, reloading.
INFO 2026-02-22 08:03:45,921 autoreload 46403 8584863936 Watching for file changes with StatReloader
INFO 2026-02-22 08:04:04,443 autoreload 46403 8584863936 /Users/grizzly/grizzly/edu/python/django/dmoneytracker/apps/endusers/models.py changed, reloading.
INFO 2026-02-22 08:04:04,791 autoreload 46413 8584863936 Watching for file changes with StatReloader
INFO 2026-02-22 09:41:17,672 autoreload 46413 8584863936 /Users/grizzly/grizzly/edu/python/django/dmoneytracker/apps/endusers/serializers.py changed, reloading.
INFO 2026-02-22 09:41:18,063 autoreload 47048 8584863936 Watching for file changes with StatReloader
INFO 2026-02-22 09:41:33,603 autoreload 47048 8584863936 /Users/grizzly/grizzly/edu/python/django/dmoneytracker/apps/endusers/viewsets.py changed, reloading.
INFO 2026-02-22 09:41:33,937 autoreload 47059 8584863936 Watching for file changes with StatReloader
INFO 2026-02-22 09:41:40,248 autoreload 47059 8584863936 /Users/grizzly/grizzly/edu/python/django/dmoneytracker/apps/endusers/viewsets.py changed, reloading.
INFO 2026-02-22 09:41:40,596 autoreload 47065 8584863936 Watching for file changes with StatReloader
INFO 2026-02-22 09:41:57,199 autoreload 47065 8584863936 /Users/grizzly/grizzly/edu/python/django/dmoneytracker/apps/endusers/viewsets.py changed, reloading.
INFO 2026-02-22 09:41:57,543 autoreload 47083 8584863936 Watching for file changes with StatReloader
INFO 2026-02-22 09:42:51,139 autoreload 47083 8584863936 /Users/grizzly/grizzly/edu/python/django/dmoneytracker/apps/endusers/urls.py changed, reloading.
INFO 2026-02-22 09:42:51,600 autoreload 47124 8584863936 Watching for file changes with StatReloader
ERROR 2026-02-22 09:45:18,733 log 47124 6205485056 Internal Server Error: /api/users/
Traceback (most recent call last):
  File "/Users/grizzly/.pyenv/versions/mt/lib/python3.12/site-packages/django/core/handlers/exception.py", line 55, in inner
    response = get_response(request)
               ^^^^^^^^^^^^^^^^^^^^^
  File "/Users/grizzly/.pyenv/versions/mt/lib/python3.12/site-packages/django/core/handlers/base.py", line 221, in _get_response
    response = response.render()
               ^^^^^^^^^^^^^^^^^
  File "/Users/grizzly/.pyenv/versions/mt/lib/python3.12/site-packages/django/template/response.py", line 114, in render
    self.content = self.rendered_content
                   ^^^^^^^^^^^^^^^^^^^^^
  File "/Users/grizzly/.pyenv/versions/mt/lib/python3.12/site-packages/rest_framework/response.py", line 74, in rendered_content
    ret = renderer.render(self.data, accepted_media_type, context)
          ^^^^^^^^^^^^^^^^^^^^^^^^^^^^^^^^^^^^^^^^^^^^^^^^^^^^^^^^
  File "/Users/grizzly/.pyenv/versions/mt/lib/python3.12/site-packages/rest_framework/renderers.py", line 732, in render
    ret = template.render(context, request=renderer_context['request'])
          ^^^^^^^^^^^^^^^^^^^^^^^^^^^^^^^^^^^^^^^^^^^^^^^^^^^^^^^^^^^^^
  File "/Users/grizzly/.pyenv/versions/mt/lib/python3.12/site-packages/django/template/backends/django.py", line 107, in render
    return self.template.render(context)
           ^^^^^^^^^^^^^^^^^^^^^^^^^^^^^
  File "/Users/grizzly/.pyenv/versions/mt/lib/python3.12/site-packages/django/template/base.py", line 174, in render
    return self._render(context)
           ^^^^^^^^^^^^^^^^^^^^^
  File "/Users/grizzly/.pyenv/versions/mt/lib/python3.12/site-packages/django/template/base.py", line 166, in _render
    return self.nodelist.render(context)
           ^^^^^^^^^^^^^^^^^^^^^^^^^^^^^
  File "/Users/grizzly/.pyenv/versions/mt/lib/python3.12/site-packages/django/template/base.py", line 1091, in render
    return SafeString("".join([node.render_annotated(context) for node in self]))
                               ^^^^^^^^^^^^^^^^^^^^^^^^^^^^^^
  File "/Users/grizzly/.pyenv/versions/mt/lib/python3.12/site-packages/django/template/base.py", line 1052, in render_annotated
    return self.render(context)
           ^^^^^^^^^^^^^^^^^^^^
  File "/Users/grizzly/.pyenv/versions/mt/lib/python3.12/site-packages/django/template/loader_tags.py", line 160, in render
    return compiled_parent._render(context)
           ^^^^^^^^^^^^^^^^^^^^^^^^^^^^^^^^
  File "/Users/grizzly/.pyenv/versions/mt/lib/python3.12/site-packages/django/template/base.py", line 166, in _render
    return self.nodelist.render(context)
           ^^^^^^^^^^^^^^^^^^^^^^^^^^^^^
  File "/Users/grizzly/.pyenv/versions/mt/lib/python3.12/site-packages/django/template/base.py", line 1091, in render
    return SafeString("".join([node.render_annotated(context) for node in self]))
                               ^^^^^^^^^^^^^^^^^^^^^^^^^^^^^^
  File "/Users/grizzly/.pyenv/versions/mt/lib/python3.12/site-packages/django/template/base.py", line 1052, in render_annotated
    return self.render(context)
           ^^^^^^^^^^^^^^^^^^^^
  File "/Users/grizzly/.pyenv/versions/mt/lib/python3.12/site-packages/django/template/loader_tags.py", line 66, in render
    result = block.nodelist.render(context)
             ^^^^^^^^^^^^^^^^^^^^^^^^^^^^^^
  File "/Users/grizzly/.pyenv/versions/mt/lib/python3.12/site-packages/django/template/base.py", line 1091, in render
    return SafeString("".join([node.render_annotated(context) for node in self]))
                               ^^^^^^^^^^^^^^^^^^^^^^^^^^^^^^
  File "/Users/grizzly/.pyenv/versions/mt/lib/python3.12/site-packages/django/template/base.py", line 1052, in render_annotated
    return self.render(context)
           ^^^^^^^^^^^^^^^^^^^^
  File "/Users/grizzly/.pyenv/versions/mt/lib/python3.12/site-packages/django/template/loader_tags.py", line 66, in render
    result = block.nodelist.render(context)
             ^^^^^^^^^^^^^^^^^^^^^^^^^^^^^^
  File "/Users/grizzly/.pyenv/versions/mt/lib/python3.12/site-packages/django/template/base.py", line 1091, in render
    return SafeString("".join([node.render_annotated(context) for node in self]))
                               ^^^^^^^^^^^^^^^^^^^^^^^^^^^^^^
  File "/Users/grizzly/.pyenv/versions/mt/lib/python3.12/site-packages/django/template/base.py", line 1052, in render_annotated
    return self.render(context)
           ^^^^^^^^^^^^^^^^^^^^
  File "/Users/grizzly/.pyenv/versions/mt/lib/python3.12/site-packages/django/template/loader_tags.py", line 66, in render
    result = block.nodelist.render(context)
             ^^^^^^^^^^^^^^^^^^^^^^^^^^^^^^
  File "/Users/grizzly/.pyenv/versions/mt/lib/python3.12/site-packages/django/template/base.py", line 1091, in render
    return SafeString("".join([node.render_annotated(context) for node in self]))
                               ^^^^^^^^^^^^^^^^^^^^^^^^^^^^^^
  File "/Users/grizzly/.pyenv/versions/mt/lib/python3.12/site-packages/django/template/base.py", line 1052, in render_annotated
    return self.render(context)
           ^^^^^^^^^^^^^^^^^^^^
  File "/Users/grizzly/.pyenv/versions/mt/lib/python3.12/site-packages/django/template/defaulttags.py", line 333, in render
    return nodelist.render(context)
           ^^^^^^^^^^^^^^^^^^^^^^^^
  File "/Users/grizzly/.pyenv/versions/mt/lib/python3.12/site-packages/django/template/base.py", line 1091, in render
    return SafeString("".join([node.render_annotated(context) for node in self]))
                               ^^^^^^^^^^^^^^^^^^^^^^^^^^^^^^
  File "/Users/grizzly/.pyenv/versions/mt/lib/python3.12/site-packages/django/template/base.py", line 1052, in render_annotated
    return self.render(context)
           ^^^^^^^^^^^^^^^^^^^^
  File "/Users/grizzly/.pyenv/versions/mt/lib/python3.12/site-packages/django/template/library.py", line 325, in render
    output = self.func(*resolved_args, **resolved_kwargs)
             ^^^^^^^^^^^^^^^^^^^^^^^^^^^^^^^^^^^^^^^^^^^^
  File "/Users/grizzly/.pyenv/versions/mt/lib/python3.12/site-packages/rest_framework/templatetags/rest_framework.py", line 95, in optional_login
    login_url = reverse('rest_framework:login')
                ^^^^^^^^^^^^^^^^^^^^^^^^^^^^^^^
  File "/Users/grizzly/.pyenv/versions/mt/lib/python3.12/site-packages/django/urls/base.py", line 64, in reverse
    app_list = resolver.app_dict[ns]
               ^^^^^^^^^^^^^^^^^
  File "/Users/grizzly/.pyenv/versions/mt/lib/python3.12/site-packages/django/urls/resolvers.py", line 647, in app_dict
    self._populate()
  File "/Users/grizzly/.pyenv/versions/mt/lib/python3.12/site-packages/django/urls/resolvers.py", line 584, in _populate
    url_pattern._populate()
  File "/Users/grizzly/.pyenv/versions/mt/lib/python3.12/site-packages/django/urls/resolvers.py", line 584, in _populate
    url_pattern._populate()
  File "/Users/grizzly/.pyenv/versions/mt/lib/python3.12/site-packages/django/urls/resolvers.py", line 563, in _populate
    bits = normalize(url_pattern.pattern.regex.pattern)
           ^^^^^^^^^^^^^^^^^^^^^^^^^^^^^^^^^^^^^^^^^^^^
  File "/Users/grizzly/.pyenv/versions/mt/lib/python3.12/site-packages/django/utils/regex_helper.py", line 160, in normalize
    count, ch = get_quantifier(ch, pattern_iter)
                ^^^^^^^^^^^^^^^^^^^^^^^^^^^^^^^^
  File "/Users/grizzly/.pyenv/versions/mt/lib/python3.12/site-packages/django/utils/regex_helper.py", line 272, in get_quantifier
    return int(values[0]), ch
           ^^^^^^^^^^^^^^
ValueError: invalid literal for int() with base 10: 'user'
WARNING 2026-02-22 09:45:24,701 log 47124 6205485056 Not Found: /api/
INFO 2026-02-22 09:51:21,794 autoreload 47124 8584863936 /Users/grizzly/.pyenv/versions/3.12.12/envs/mt/lib/python3.12/site-packages/__editable___dmoneytracker_0_1_0_finder.py changed, reloading.
INFO 2026-02-22 09:51:22,115 autoreload 47295 8584863936 Watching for file changes with StatReloader
INFO 2026-02-22 09:53:07,232 autoreload 47295 8584863936 /Users/grizzly/grizzly/edu/python/django/dmoneytracker/dmoneytracker/settings/base.py changed, reloading.
INFO 2026-02-22 09:53:07,657 autoreload 47325 8584863936 Watching for file changes with StatReloader
INFO 2026-02-22 09:53:15,060 autoreload 47325 8584863936 /Users/grizzly/grizzly/edu/python/django/dmoneytracker/dmoneytracker/settings/base.py changed, reloading.
INFO 2026-02-22 09:53:15,391 autoreload 47333 8584863936 Watching for file changes with StatReloader
INFO 2026-02-22 09:53:27,925 autoreload 47333 8584863936 /Users/grizzly/grizzly/edu/python/django/dmoneytracker/dmoneytracker/settings/base.py changed, reloading.
INFO 2026-02-22 09:53:28,427 autoreload 47339 8584863936 Watching for file changes with StatReloader
INFO 2026-02-22 09:53:39,991 autoreload 47339 8584863936 /Users/grizzly/grizzly/edu/python/django/dmoneytracker/dmoneytracker/urls.py changed, reloading.
INFO 2026-02-22 09:53:40,326 autoreload 47345 8584863936 Watching for file changes with StatReloader
ERROR 2026-02-22 09:56:47,171 log 47345 6170898432 Internal Server Error: /api/docs/
Traceback (most recent call last):
  File "/Users/grizzly/.pyenv/versions/mt/lib/python3.12/site-packages/django/core/handlers/exception.py", line 55, in inner
    response = get_response(request)
               ^^^^^^^^^^^^^^^^^^^^^
  File "/Users/grizzly/.pyenv/versions/mt/lib/python3.12/site-packages/django/core/handlers/base.py", line 198, in _get_response
    response = wrapped_callback(request, *callback_args, **callback_kwargs)
               ^^^^^^^^^^^^^^^^^^^^^^^^^^^^^^^^^^^^^^^^^^^^^^^^^^^^^^^^^^^^
  File "/Users/grizzly/.pyenv/versions/mt/lib/python3.12/site-packages/django/views/decorators/csrf.py", line 65, in _view_wrapper
    return view_func(request, *args, **kwargs)
           ^^^^^^^^^^^^^^^^^^^^^^^^^^^^^^^^^^^
  File "/Users/grizzly/.pyenv/versions/mt/lib/python3.12/site-packages/django/views/generic/base.py", line 106, in view
    return self.dispatch(request, *args, **kwargs)
           ^^^^^^^^^^^^^^^^^^^^^^^^^^^^^^^^^^^^^^^
  File "/Users/grizzly/.pyenv/versions/mt/lib/python3.12/site-packages/rest_framework/views.py", line 515, in dispatch
    response = self.handle_exception(exc)
               ^^^^^^^^^^^^^^^^^^^^^^^^^^
  File "/Users/grizzly/.pyenv/versions/mt/lib/python3.12/site-packages/rest_framework/views.py", line 475, in handle_exception
    self.raise_uncaught_exception(exc)
  File "/Users/grizzly/.pyenv/versions/mt/lib/python3.12/site-packages/rest_framework/views.py", line 486, in raise_uncaught_exception
    raise exc
  File "/Users/grizzly/.pyenv/versions/mt/lib/python3.12/site-packages/rest_framework/views.py", line 512, in dispatch
    response = handler(request, *args, **kwargs)
               ^^^^^^^^^^^^^^^^^^^^^^^^^^^^^^^^^
  File "/Users/grizzly/.pyenv/versions/mt/lib/python3.12/site-packages/drf_spectacular/views.py", line 141, in get
    'schema_url': self._get_schema_url(request),
                  ^^^^^^^^^^^^^^^^^^^^^^^^^^^^^
  File "/Users/grizzly/.pyenv/versions/mt/lib/python3.12/site-packages/drf_spectacular/views.py", line 159, in _get_schema_url
    schema_url = self.url or get_relative_url(reverse(self.url_name, request=request))
                                              ^^^^^^^^^^^^^^^^^^^^^^^^^^^^^^^^^^^^^^^
  File "/Users/grizzly/.pyenv/versions/mt/lib/python3.12/site-packages/rest_framework/reverse.py", line 47, in reverse
    url = _reverse(viewname, args, kwargs, request, format, **extra)
          ^^^^^^^^^^^^^^^^^^^^^^^^^^^^^^^^^^^^^^^^^^^^^^^^^^^^^^^^^^
  File "/Users/grizzly/.pyenv/versions/mt/lib/python3.12/site-packages/rest_framework/reverse.py", line 60, in _reverse
    url = django_reverse(viewname, args=args, kwargs=kwargs, **extra)
          ^^^^^^^^^^^^^^^^^^^^^^^^^^^^^^^^^^^^^^^^^^^^^^^^^^^^^^^^^^^
  File "/Users/grizzly/.pyenv/versions/mt/lib/python3.12/site-packages/django/urls/base.py", line 98, in reverse
    resolved_url = resolver._reverse_with_prefix(view, prefix, *args, **kwargs)
                   ^^^^^^^^^^^^^^^^^^^^^^^^^^^^^^^^^^^^^^^^^^^^^^^^^^^^^^^^^^^^
  File "/Users/grizzly/.pyenv/versions/mt/lib/python3.12/site-packages/django/urls/resolvers.py", line 760, in _reverse_with_prefix
    self._populate()
  File "/Users/grizzly/.pyenv/versions/mt/lib/python3.12/site-packages/django/urls/resolvers.py", line 584, in _populate
    url_pattern._populate()
  File "/Users/grizzly/.pyenv/versions/mt/lib/python3.12/site-packages/django/urls/resolvers.py", line 584, in _populate
    url_pattern._populate()
  File "/Users/grizzly/.pyenv/versions/mt/lib/python3.12/site-packages/django/urls/resolvers.py", line 563, in _populate
    bits = normalize(url_pattern.pattern.regex.pattern)
           ^^^^^^^^^^^^^^^^^^^^^^^^^^^^^^^^^^^^^^^^^^^^
  File "/Users/grizzly/.pyenv/versions/mt/lib/python3.12/site-packages/django/utils/regex_helper.py", line 160, in normalize
    count, ch = get_quantifier(ch, pattern_iter)
                ^^^^^^^^^^^^^^^^^^^^^^^^^^^^^^^^
  File "/Users/grizzly/.pyenv/versions/mt/lib/python3.12/site-packages/django/utils/regex_helper.py", line 272, in get_quantifier
    return int(values[0]), ch
           ^^^^^^^^^^^^^^
ValueError: invalid literal for int() with base 10: 'user'
ERROR 2026-02-22 09:57:45,878 log 47345 6170898432 Internal Server Error: /api/docs/
Traceback (most recent call last):
  File "/Users/grizzly/.pyenv/versions/mt/lib/python3.12/site-packages/django/core/handlers/exception.py", line 55, in inner
    response = get_response(request)
               ^^^^^^^^^^^^^^^^^^^^^
  File "/Users/grizzly/.pyenv/versions/mt/lib/python3.12/site-packages/django/core/handlers/base.py", line 198, in _get_response
    response = wrapped_callback(request, *callback_args, **callback_kwargs)
               ^^^^^^^^^^^^^^^^^^^^^^^^^^^^^^^^^^^^^^^^^^^^^^^^^^^^^^^^^^^^
  File "/Users/grizzly/.pyenv/versions/mt/lib/python3.12/site-packages/django/views/decorators/csrf.py", line 65, in _view_wrapper
    return view_func(request, *args, **kwargs)
           ^^^^^^^^^^^^^^^^^^^^^^^^^^^^^^^^^^^
  File "/Users/grizzly/.pyenv/versions/mt/lib/python3.12/site-packages/django/views/generic/base.py", line 106, in view
    return self.dispatch(request, *args, **kwargs)
           ^^^^^^^^^^^^^^^^^^^^^^^^^^^^^^^^^^^^^^^
  File "/Users/grizzly/.pyenv/versions/mt/lib/python3.12/site-packages/rest_framework/views.py", line 515, in dispatch
    response = self.handle_exception(exc)
               ^^^^^^^^^^^^^^^^^^^^^^^^^^
  File "/Users/grizzly/.pyenv/versions/mt/lib/python3.12/site-packages/rest_framework/views.py", line 475, in handle_exception
    self.raise_uncaught_exception(exc)
  File "/Users/grizzly/.pyenv/versions/mt/lib/python3.12/site-packages/rest_framework/views.py", line 486, in raise_uncaught_exception
    raise exc
  File "/Users/grizzly/.pyenv/versions/mt/lib/python3.12/site-packages/rest_framework/views.py", line 512, in dispatch
    response = handler(request, *args, **kwargs)
               ^^^^^^^^^^^^^^^^^^^^^^^^^^^^^^^^^
  File "/Users/grizzly/.pyenv/versions/mt/lib/python3.12/site-packages/drf_spectacular/views.py", line 141, in get
    'schema_url': self._get_schema_url(request),
                  ^^^^^^^^^^^^^^^^^^^^^^^^^^^^^
  File "/Users/grizzly/.pyenv/versions/mt/lib/python3.12/site-packages/drf_spectacular/views.py", line 159, in _get_schema_url
    schema_url = self.url or get_relative_url(reverse(self.url_name, request=request))
                                              ^^^^^^^^^^^^^^^^^^^^^^^^^^^^^^^^^^^^^^^
  File "/Users/grizzly/.pyenv/versions/mt/lib/python3.12/site-packages/rest_framework/reverse.py", line 47, in reverse
    url = _reverse(viewname, args, kwargs, request, format, **extra)
          ^^^^^^^^^^^^^^^^^^^^^^^^^^^^^^^^^^^^^^^^^^^^^^^^^^^^^^^^^^
  File "/Users/grizzly/.pyenv/versions/mt/lib/python3.12/site-packages/rest_framework/reverse.py", line 60, in _reverse
    url = django_reverse(viewname, args=args, kwargs=kwargs, **extra)
          ^^^^^^^^^^^^^^^^^^^^^^^^^^^^^^^^^^^^^^^^^^^^^^^^^^^^^^^^^^^
  File "/Users/grizzly/.pyenv/versions/mt/lib/python3.12/site-packages/django/urls/base.py", line 98, in reverse
    resolved_url = resolver._reverse_with_prefix(view, prefix, *args, **kwargs)
                   ^^^^^^^^^^^^^^^^^^^^^^^^^^^^^^^^^^^^^^^^^^^^^^^^^^^^^^^^^^^^
  File "/Users/grizzly/.pyenv/versions/mt/lib/python3.12/site-packages/django/urls/resolvers.py", line 760, in _reverse_with_prefix
    self._populate()
  File "/Users/grizzly/.pyenv/versions/mt/lib/python3.12/site-packages/django/urls/resolvers.py", line 584, in _populate
    url_pattern._populate()
  File "/Users/grizzly/.pyenv/versions/mt/lib/python3.12/site-packages/django/urls/resolvers.py", line 584, in _populate
    url_pattern._populate()
  File "/Users/grizzly/.pyenv/versions/mt/lib/python3.12/site-packages/django/urls/resolvers.py", line 563, in _populate
    bits = normalize(url_pattern.pattern.regex.pattern)
           ^^^^^^^^^^^^^^^^^^^^^^^^^^^^^^^^^^^^^^^^^^^^
  File "/Users/grizzly/.pyenv/versions/mt/lib/python3.12/site-packages/django/utils/regex_helper.py", line 160, in normalize
    count, ch = get_quantifier(ch, pattern_iter)
                ^^^^^^^^^^^^^^^^^^^^^^^^^^^^^^^^
  File "/Users/grizzly/.pyenv/versions/mt/lib/python3.12/site-packages/django/utils/regex_helper.py", line 272, in get_quantifier
    return int(values[0]), ch
           ^^^^^^^^^^^^^^
ValueError: invalid literal for int() with base 10: 'user'
ERROR 2026-02-22 09:57:46,286 log 47345 6170898432 Internal Server Error: /api/docs/
Traceback (most recent call last):
  File "/Users/grizzly/.pyenv/versions/mt/lib/python3.12/site-packages/django/core/handlers/exception.py", line 55, in inner
    response = get_response(request)
               ^^^^^^^^^^^^^^^^^^^^^
  File "/Users/grizzly/.pyenv/versions/mt/lib/python3.12/site-packages/django/core/handlers/base.py", line 198, in _get_response
    response = wrapped_callback(request, *callback_args, **callback_kwargs)
               ^^^^^^^^^^^^^^^^^^^^^^^^^^^^^^^^^^^^^^^^^^^^^^^^^^^^^^^^^^^^
  File "/Users/grizzly/.pyenv/versions/mt/lib/python3.12/site-packages/django/views/decorators/csrf.py", line 65, in _view_wrapper
    return view_func(request, *args, **kwargs)
           ^^^^^^^^^^^^^^^^^^^^^^^^^^^^^^^^^^^
  File "/Users/grizzly/.pyenv/versions/mt/lib/python3.12/site-packages/django/views/generic/base.py", line 106, in view
    return self.dispatch(request, *args, **kwargs)
           ^^^^^^^^^^^^^^^^^^^^^^^^^^^^^^^^^^^^^^^
  File "/Users/grizzly/.pyenv/versions/mt/lib/python3.12/site-packages/rest_framework/views.py", line 515, in dispatch
    response = self.handle_exception(exc)
               ^^^^^^^^^^^^^^^^^^^^^^^^^^
  File "/Users/grizzly/.pyenv/versions/mt/lib/python3.12/site-packages/rest_framework/views.py", line 475, in handle_exception
    self.raise_uncaught_exception(exc)
  File "/Users/grizzly/.pyenv/versions/mt/lib/python3.12/site-packages/rest_framework/views.py", line 486, in raise_uncaught_exception
    raise exc
  File "/Users/grizzly/.pyenv/versions/mt/lib/python3.12/site-packages/rest_framework/views.py", line 512, in dispatch
    response = handler(request, *args, **kwargs)
               ^^^^^^^^^^^^^^^^^^^^^^^^^^^^^^^^^
  File "/Users/grizzly/.pyenv/versions/mt/lib/python3.12/site-packages/drf_spectacular/views.py", line 141, in get
    'schema_url': self._get_schema_url(request),
                  ^^^^^^^^^^^^^^^^^^^^^^^^^^^^^
  File "/Users/grizzly/.pyenv/versions/mt/lib/python3.12/site-packages/drf_spectacular/views.py", line 159, in _get_schema_url
    schema_url = self.url or get_relative_url(reverse(self.url_name, request=request))
                                              ^^^^^^^^^^^^^^^^^^^^^^^^^^^^^^^^^^^^^^^
  File "/Users/grizzly/.pyenv/versions/mt/lib/python3.12/site-packages/rest_framework/reverse.py", line 47, in reverse
    url = _reverse(viewname, args, kwargs, request, format, **extra)
          ^^^^^^^^^^^^^^^^^^^^^^^^^^^^^^^^^^^^^^^^^^^^^^^^^^^^^^^^^^
  File "/Users/grizzly/.pyenv/versions/mt/lib/python3.12/site-packages/rest_framework/reverse.py", line 60, in _reverse
    url = django_reverse(viewname, args=args, kwargs=kwargs, **extra)
          ^^^^^^^^^^^^^^^^^^^^^^^^^^^^^^^^^^^^^^^^^^^^^^^^^^^^^^^^^^^
  File "/Users/grizzly/.pyenv/versions/mt/lib/python3.12/site-packages/django/urls/base.py", line 98, in reverse
    resolved_url = resolver._reverse_with_prefix(view, prefix, *args, **kwargs)
                   ^^^^^^^^^^^^^^^^^^^^^^^^^^^^^^^^^^^^^^^^^^^^^^^^^^^^^^^^^^^^
  File "/Users/grizzly/.pyenv/versions/mt/lib/python3.12/site-packages/django/urls/resolvers.py", line 760, in _reverse_with_prefix
    self._populate()
  File "/Users/grizzly/.pyenv/versions/mt/lib/python3.12/site-packages/django/urls/resolvers.py", line 584, in _populate
    url_pattern._populate()
  File "/Users/grizzly/.pyenv/versions/mt/lib/python3.12/site-packages/django/urls/resolvers.py", line 584, in _populate
    url_pattern._populate()
  File "/Users/grizzly/.pyenv/versions/mt/lib/python3.12/site-packages/django/urls/resolvers.py", line 563, in _populate
    bits = normalize(url_pattern.pattern.regex.pattern)
           ^^^^^^^^^^^^^^^^^^^^^^^^^^^^^^^^^^^^^^^^^^^^
  File "/Users/grizzly/.pyenv/versions/mt/lib/python3.12/site-packages/django/utils/regex_helper.py", line 160, in normalize
    count, ch = get_quantifier(ch, pattern_iter)
                ^^^^^^^^^^^^^^^^^^^^^^^^^^^^^^^^
  File "/Users/grizzly/.pyenv/versions/mt/lib/python3.12/site-packages/django/utils/regex_helper.py", line 272, in get_quantifier
    return int(values[0]), ch
           ^^^^^^^^^^^^^^
ValueError: invalid literal for int() with base 10: 'user'
INFO 2026-02-22 10:01:27,102 autoreload 47345 8584863936 /Users/grizzly/grizzly/edu/python/django/dmoneytracker/apps/endusers/urls.py changed, reloading.
INFO 2026-02-22 10:01:27,618 autoreload 47455 8584863936 Watching for file changes with StatReloader
ERROR 2026-02-22 10:03:57,286 log 47455 6157447168 Internal Server Error: /api/docs/
Traceback (most recent call last):
  File "/Users/grizzly/.pyenv/versions/mt/lib/python3.12/site-packages/django/core/handlers/exception.py", line 55, in inner
    response = get_response(request)
               ^^^^^^^^^^^^^^^^^^^^^
  File "/Users/grizzly/.pyenv/versions/mt/lib/python3.12/site-packages/django/core/handlers/base.py", line 198, in _get_response
    response = wrapped_callback(request, *callback_args, **callback_kwargs)
               ^^^^^^^^^^^^^^^^^^^^^^^^^^^^^^^^^^^^^^^^^^^^^^^^^^^^^^^^^^^^
  File "/Users/grizzly/.pyenv/versions/mt/lib/python3.12/site-packages/django/views/decorators/csrf.py", line 65, in _view_wrapper
    return view_func(request, *args, **kwargs)
           ^^^^^^^^^^^^^^^^^^^^^^^^^^^^^^^^^^^
  File "/Users/grizzly/.pyenv/versions/mt/lib/python3.12/site-packages/django/views/generic/base.py", line 106, in view
    return self.dispatch(request, *args, **kwargs)
           ^^^^^^^^^^^^^^^^^^^^^^^^^^^^^^^^^^^^^^^
  File "/Users/grizzly/.pyenv/versions/mt/lib/python3.12/site-packages/rest_framework/views.py", line 515, in dispatch
    response = self.handle_exception(exc)
               ^^^^^^^^^^^^^^^^^^^^^^^^^^
  File "/Users/grizzly/.pyenv/versions/mt/lib/python3.12/site-packages/rest_framework/views.py", line 475, in handle_exception
    self.raise_uncaught_exception(exc)
  File "/Users/grizzly/.pyenv/versions/mt/lib/python3.12/site-packages/rest_framework/views.py", line 486, in raise_uncaught_exception
    raise exc
  File "/Users/grizzly/.pyenv/versions/mt/lib/python3.12/site-packages/rest_framework/views.py", line 512, in dispatch
    response = handler(request, *args, **kwargs)
               ^^^^^^^^^^^^^^^^^^^^^^^^^^^^^^^^^
  File "/Users/grizzly/.pyenv/versions/mt/lib/python3.12/site-packages/drf_spectacular/views.py", line 141, in get
    'schema_url': self._get_schema_url(request),
                  ^^^^^^^^^^^^^^^^^^^^^^^^^^^^^
  File "/Users/grizzly/.pyenv/versions/mt/lib/python3.12/site-packages/drf_spectacular/views.py", line 159, in _get_schema_url
    schema_url = self.url or get_relative_url(reverse(self.url_name, request=request))
                                              ^^^^^^^^^^^^^^^^^^^^^^^^^^^^^^^^^^^^^^^
  File "/Users/grizzly/.pyenv/versions/mt/lib/python3.12/site-packages/rest_framework/reverse.py", line 47, in reverse
    url = _reverse(viewname, args, kwargs, request, format, **extra)
          ^^^^^^^^^^^^^^^^^^^^^^^^^^^^^^^^^^^^^^^^^^^^^^^^^^^^^^^^^^
  File "/Users/grizzly/.pyenv/versions/mt/lib/python3.12/site-packages/rest_framework/reverse.py", line 60, in _reverse
    url = django_reverse(viewname, args=args, kwargs=kwargs, **extra)
          ^^^^^^^^^^^^^^^^^^^^^^^^^^^^^^^^^^^^^^^^^^^^^^^^^^^^^^^^^^^
  File "/Users/grizzly/.pyenv/versions/mt/lib/python3.12/site-packages/django/urls/base.py", line 98, in reverse
    resolved_url = resolver._reverse_with_prefix(view, prefix, *args, **kwargs)
                   ^^^^^^^^^^^^^^^^^^^^^^^^^^^^^^^^^^^^^^^^^^^^^^^^^^^^^^^^^^^^
  File "/Users/grizzly/.pyenv/versions/mt/lib/python3.12/site-packages/django/urls/resolvers.py", line 760, in _reverse_with_prefix
    self._populate()
  File "/Users/grizzly/.pyenv/versions/mt/lib/python3.12/site-packages/django/urls/resolvers.py", line 584, in _populate
    url_pattern._populate()
  File "/Users/grizzly/.pyenv/versions/mt/lib/python3.12/site-packages/django/urls/resolvers.py", line 584, in _populate
    url_pattern._populate()
  File "/Users/grizzly/.pyenv/versions/mt/lib/python3.12/site-packages/django/urls/resolvers.py", line 563, in _populate
    bits = normalize(url_pattern.pattern.regex.pattern)
           ^^^^^^^^^^^^^^^^^^^^^^^^^^^^^^^^^^^^^^^^^^^^
  File "/Users/grizzly/.pyenv/versions/mt/lib/python3.12/site-packages/django/utils/regex_helper.py", line 160, in normalize
    count, ch = get_quantifier(ch, pattern_iter)
                ^^^^^^^^^^^^^^^^^^^^^^^^^^^^^^^^
  File "/Users/grizzly/.pyenv/versions/mt/lib/python3.12/site-packages/django/utils/regex_helper.py", line 272, in get_quantifier
    return int(values[0]), ch
           ^^^^^^^^^^^^^^
ValueError: invalid literal for int() with base 10: 'user'
ERROR 2026-02-22 10:03:58,032 log 47455 6157447168 Internal Server Error: /api/docs/
Traceback (most recent call last):
  File "/Users/grizzly/.pyenv/versions/mt/lib/python3.12/site-packages/django/core/handlers/exception.py", line 55, in inner
    response = get_response(request)
               ^^^^^^^^^^^^^^^^^^^^^
  File "/Users/grizzly/.pyenv/versions/mt/lib/python3.12/site-packages/django/core/handlers/base.py", line 198, in _get_response
    response = wrapped_callback(request, *callback_args, **callback_kwargs)
               ^^^^^^^^^^^^^^^^^^^^^^^^^^^^^^^^^^^^^^^^^^^^^^^^^^^^^^^^^^^^
  File "/Users/grizzly/.pyenv/versions/mt/lib/python3.12/site-packages/django/views/decorators/csrf.py", line 65, in _view_wrapper
    return view_func(request, *args, **kwargs)
           ^^^^^^^^^^^^^^^^^^^^^^^^^^^^^^^^^^^
  File "/Users/grizzly/.pyenv/versions/mt/lib/python3.12/site-packages/django/views/generic/base.py", line 106, in view
    return self.dispatch(request, *args, **kwargs)
           ^^^^^^^^^^^^^^^^^^^^^^^^^^^^^^^^^^^^^^^
  File "/Users/grizzly/.pyenv/versions/mt/lib/python3.12/site-packages/rest_framework/views.py", line 515, in dispatch
    response = self.handle_exception(exc)
               ^^^^^^^^^^^^^^^^^^^^^^^^^^
  File "/Users/grizzly/.pyenv/versions/mt/lib/python3.12/site-packages/rest_framework/views.py", line 475, in handle_exception
    self.raise_uncaught_exception(exc)
  File "/Users/grizzly/.pyenv/versions/mt/lib/python3.12/site-packages/rest_framework/views.py", line 486, in raise_uncaught_exception
    raise exc
  File "/Users/grizzly/.pyenv/versions/mt/lib/python3.12/site-packages/rest_framework/views.py", line 512, in dispatch
    response = handler(request, *args, **kwargs)
               ^^^^^^^^^^^^^^^^^^^^^^^^^^^^^^^^^
  File "/Users/grizzly/.pyenv/versions/mt/lib/python3.12/site-packages/drf_spectacular/views.py", line 141, in get
    'schema_url': self._get_schema_url(request),
                  ^^^^^^^^^^^^^^^^^^^^^^^^^^^^^
  File "/Users/grizzly/.pyenv/versions/mt/lib/python3.12/site-packages/drf_spectacular/views.py", line 159, in _get_schema_url
    schema_url = self.url or get_relative_url(reverse(self.url_name, request=request))
                                              ^^^^^^^^^^^^^^^^^^^^^^^^^^^^^^^^^^^^^^^
  File "/Users/grizzly/.pyenv/versions/mt/lib/python3.12/site-packages/rest_framework/reverse.py", line 47, in reverse
    url = _reverse(viewname, args, kwargs, request, format, **extra)
          ^^^^^^^^^^^^^^^^^^^^^^^^^^^^^^^^^^^^^^^^^^^^^^^^^^^^^^^^^^
  File "/Users/grizzly/.pyenv/versions/mt/lib/python3.12/site-packages/rest_framework/reverse.py", line 60, in _reverse
    url = django_reverse(viewname, args=args, kwargs=kwargs, **extra)
          ^^^^^^^^^^^^^^^^^^^^^^^^^^^^^^^^^^^^^^^^^^^^^^^^^^^^^^^^^^^
  File "/Users/grizzly/.pyenv/versions/mt/lib/python3.12/site-packages/django/urls/base.py", line 98, in reverse
    resolved_url = resolver._reverse_with_prefix(view, prefix, *args, **kwargs)
                   ^^^^^^^^^^^^^^^^^^^^^^^^^^^^^^^^^^^^^^^^^^^^^^^^^^^^^^^^^^^^
  File "/Users/grizzly/.pyenv/versions/mt/lib/python3.12/site-packages/django/urls/resolvers.py", line 760, in _reverse_with_prefix
    self._populate()
  File "/Users/grizzly/.pyenv/versions/mt/lib/python3.12/site-packages/django/urls/resolvers.py", line 584, in _populate
    url_pattern._populate()
  File "/Users/grizzly/.pyenv/versions/mt/lib/python3.12/site-packages/django/urls/resolvers.py", line 584, in _populate
    url_pattern._populate()
  File "/Users/grizzly/.pyenv/versions/mt/lib/python3.12/site-packages/django/urls/resolvers.py", line 563, in _populate
    bits = normalize(url_pattern.pattern.regex.pattern)
           ^^^^^^^^^^^^^^^^^^^^^^^^^^^^^^^^^^^^^^^^^^^^
  File "/Users/grizzly/.pyenv/versions/mt/lib/python3.12/site-packages/django/utils/regex_helper.py", line 160, in normalize
    count, ch = get_quantifier(ch, pattern_iter)
                ^^^^^^^^^^^^^^^^^^^^^^^^^^^^^^^^
  File "/Users/grizzly/.pyenv/versions/mt/lib/python3.12/site-packages/django/utils/regex_helper.py", line 272, in get_quantifier
    return int(values[0]), ch
           ^^^^^^^^^^^^^^
ValueError: invalid literal for int() with base 10: 'user'
ERROR 2026-02-22 10:03:58,186 log 47455 6157447168 Internal Server Error: /api/docs/
Traceback (most recent call last):
  File "/Users/grizzly/.pyenv/versions/mt/lib/python3.12/site-packages/django/core/handlers/exception.py", line 55, in inner
    response = get_response(request)
               ^^^^^^^^^^^^^^^^^^^^^
  File "/Users/grizzly/.pyenv/versions/mt/lib/python3.12/site-packages/django/core/handlers/base.py", line 198, in _get_response
    response = wrapped_callback(request, *callback_args, **callback_kwargs)
               ^^^^^^^^^^^^^^^^^^^^^^^^^^^^^^^^^^^^^^^^^^^^^^^^^^^^^^^^^^^^
  File "/Users/grizzly/.pyenv/versions/mt/lib/python3.12/site-packages/django/views/decorators/csrf.py", line 65, in _view_wrapper
    return view_func(request, *args, **kwargs)
           ^^^^^^^^^^^^^^^^^^^^^^^^^^^^^^^^^^^
  File "/Users/grizzly/.pyenv/versions/mt/lib/python3.12/site-packages/django/views/generic/base.py", line 106, in view
    return self.dispatch(request, *args, **kwargs)
           ^^^^^^^^^^^^^^^^^^^^^^^^^^^^^^^^^^^^^^^
  File "/Users/grizzly/.pyenv/versions/mt/lib/python3.12/site-packages/rest_framework/views.py", line 515, in dispatch
    response = self.handle_exception(exc)
               ^^^^^^^^^^^^^^^^^^^^^^^^^^
  File "/Users/grizzly/.pyenv/versions/mt/lib/python3.12/site-packages/rest_framework/views.py", line 475, in handle_exception
    self.raise_uncaught_exception(exc)
  File "/Users/grizzly/.pyenv/versions/mt/lib/python3.12/site-packages/rest_framework/views.py", line 486, in raise_uncaught_exception
    raise exc
  File "/Users/grizzly/.pyenv/versions/mt/lib/python3.12/site-packages/rest_framework/views.py", line 512, in dispatch
    response = handler(request, *args, **kwargs)
               ^^^^^^^^^^^^^^^^^^^^^^^^^^^^^^^^^
  File "/Users/grizzly/.pyenv/versions/mt/lib/python3.12/site-packages/drf_spectacular/views.py", line 141, in get
    'schema_url': self._get_schema_url(request),
                  ^^^^^^^^^^^^^^^^^^^^^^^^^^^^^
  File "/Users/grizzly/.pyenv/versions/mt/lib/python3.12/site-packages/drf_spectacular/views.py", line 159, in _get_schema_url
    schema_url = self.url or get_relative_url(reverse(self.url_name, request=request))
                                              ^^^^^^^^^^^^^^^^^^^^^^^^^^^^^^^^^^^^^^^
  File "/Users/grizzly/.pyenv/versions/mt/lib/python3.12/site-packages/rest_framework/reverse.py", line 47, in reverse
    url = _reverse(viewname, args, kwargs, request, format, **extra)
          ^^^^^^^^^^^^^^^^^^^^^^^^^^^^^^^^^^^^^^^^^^^^^^^^^^^^^^^^^^
  File "/Users/grizzly/.pyenv/versions/mt/lib/python3.12/site-packages/rest_framework/reverse.py", line 60, in _reverse
    url = django_reverse(viewname, args=args, kwargs=kwargs, **extra)
          ^^^^^^^^^^^^^^^^^^^^^^^^^^^^^^^^^^^^^^^^^^^^^^^^^^^^^^^^^^^
  File "/Users/grizzly/.pyenv/versions/mt/lib/python3.12/site-packages/django/urls/base.py", line 98, in reverse
    resolved_url = resolver._reverse_with_prefix(view, prefix, *args, **kwargs)
                   ^^^^^^^^^^^^^^^^^^^^^^^^^^^^^^^^^^^^^^^^^^^^^^^^^^^^^^^^^^^^
  File "/Users/grizzly/.pyenv/versions/mt/lib/python3.12/site-packages/django/urls/resolvers.py", line 760, in _reverse_with_prefix
    self._populate()
  File "/Users/grizzly/.pyenv/versions/mt/lib/python3.12/site-packages/django/urls/resolvers.py", line 584, in _populate
    url_pattern._populate()
  File "/Users/grizzly/.pyenv/versions/mt/lib/python3.12/site-packages/django/urls/resolvers.py", line 584, in _populate
    url_pattern._populate()
  File "/Users/grizzly/.pyenv/versions/mt/lib/python3.12/site-packages/django/urls/resolvers.py", line 563, in _populate
    bits = normalize(url_pattern.pattern.regex.pattern)
           ^^^^^^^^^^^^^^^^^^^^^^^^^^^^^^^^^^^^^^^^^^^^
  File "/Users/grizzly/.pyenv/versions/mt/lib/python3.12/site-packages/django/utils/regex_helper.py", line 160, in normalize
    count, ch = get_quantifier(ch, pattern_iter)
                ^^^^^^^^^^^^^^^^^^^^^^^^^^^^^^^^
  File "/Users/grizzly/.pyenv/versions/mt/lib/python3.12/site-packages/django/utils/regex_helper.py", line 272, in get_quantifier
    return int(values[0]), ch
           ^^^^^^^^^^^^^^
ValueError: invalid literal for int() with base 10: 'user'
ERROR 2026-02-22 10:03:58,500 log 47455 6157447168 Internal Server Error: /api/docs/
Traceback (most recent call last):
  File "/Users/grizzly/.pyenv/versions/mt/lib/python3.12/site-packages/django/core/handlers/exception.py", line 55, in inner
    response = get_response(request)
               ^^^^^^^^^^^^^^^^^^^^^
  File "/Users/grizzly/.pyenv/versions/mt/lib/python3.12/site-packages/django/core/handlers/base.py", line 198, in _get_response
    response = wrapped_callback(request, *callback_args, **callback_kwargs)
               ^^^^^^^^^^^^^^^^^^^^^^^^^^^^^^^^^^^^^^^^^^^^^^^^^^^^^^^^^^^^
  File "/Users/grizzly/.pyenv/versions/mt/lib/python3.12/site-packages/django/views/decorators/csrf.py", line 65, in _view_wrapper
    return view_func(request, *args, **kwargs)
           ^^^^^^^^^^^^^^^^^^^^^^^^^^^^^^^^^^^
  File "/Users/grizzly/.pyenv/versions/mt/lib/python3.12/site-packages/django/views/generic/base.py", line 106, in view
    return self.dispatch(request, *args, **kwargs)
           ^^^^^^^^^^^^^^^^^^^^^^^^^^^^^^^^^^^^^^^
  File "/Users/grizzly/.pyenv/versions/mt/lib/python3.12/site-packages/rest_framework/views.py", line 515, in dispatch
    response = self.handle_exception(exc)
               ^^^^^^^^^^^^^^^^^^^^^^^^^^
  File "/Users/grizzly/.pyenv/versions/mt/lib/python3.12/site-packages/rest_framework/views.py", line 475, in handle_exception
    self.raise_uncaught_exception(exc)
  File "/Users/grizzly/.pyenv/versions/mt/lib/python3.12/site-packages/rest_framework/views.py", line 486, in raise_uncaught_exception
    raise exc
  File "/Users/grizzly/.pyenv/versions/mt/lib/python3.12/site-packages/rest_framework/views.py", line 512, in dispatch
    response = handler(request, *args, **kwargs)
               ^^^^^^^^^^^^^^^^^^^^^^^^^^^^^^^^^
  File "/Users/grizzly/.pyenv/versions/mt/lib/python3.12/site-packages/drf_spectacular/views.py", line 141, in get
    'schema_url': self._get_schema_url(request),
                  ^^^^^^^^^^^^^^^^^^^^^^^^^^^^^
  File "/Users/grizzly/.pyenv/versions/mt/lib/python3.12/site-packages/drf_spectacular/views.py", line 159, in _get_schema_url
    schema_url = self.url or get_relative_url(reverse(self.url_name, request=request))
                                              ^^^^^^^^^^^^^^^^^^^^^^^^^^^^^^^^^^^^^^^
  File "/Users/grizzly/.pyenv/versions/mt/lib/python3.12/site-packages/rest_framework/reverse.py", line 47, in reverse
    url = _reverse(viewname, args, kwargs, request, format, **extra)
          ^^^^^^^^^^^^^^^^^^^^^^^^^^^^^^^^^^^^^^^^^^^^^^^^^^^^^^^^^^
  File "/Users/grizzly/.pyenv/versions/mt/lib/python3.12/site-packages/rest_framework/reverse.py", line 60, in _reverse
    url = django_reverse(viewname, args=args, kwargs=kwargs, **extra)
          ^^^^^^^^^^^^^^^^^^^^^^^^^^^^^^^^^^^^^^^^^^^^^^^^^^^^^^^^^^^
  File "/Users/grizzly/.pyenv/versions/mt/lib/python3.12/site-packages/django/urls/base.py", line 98, in reverse
    resolved_url = resolver._reverse_with_prefix(view, prefix, *args, **kwargs)
                   ^^^^^^^^^^^^^^^^^^^^^^^^^^^^^^^^^^^^^^^^^^^^^^^^^^^^^^^^^^^^
  File "/Users/grizzly/.pyenv/versions/mt/lib/python3.12/site-packages/django/urls/resolvers.py", line 760, in _reverse_with_prefix
    self._populate()
  File "/Users/grizzly/.pyenv/versions/mt/lib/python3.12/site-packages/django/urls/resolvers.py", line 584, in _populate
    url_pattern._populate()
  File "/Users/grizzly/.pyenv/versions/mt/lib/python3.12/site-packages/django/urls/resolvers.py", line 584, in _populate
    url_pattern._populate()
  File "/Users/grizzly/.pyenv/versions/mt/lib/python3.12/site-packages/django/urls/resolvers.py", line 563, in _populate
    bits = normalize(url_pattern.pattern.regex.pattern)
           ^^^^^^^^^^^^^^^^^^^^^^^^^^^^^^^^^^^^^^^^^^^^
  File "/Users/grizzly/.pyenv/versions/mt/lib/python3.12/site-packages/django/utils/regex_helper.py", line 160, in normalize
    count, ch = get_quantifier(ch, pattern_iter)
                ^^^^^^^^^^^^^^^^^^^^^^^^^^^^^^^^
  File "/Users/grizzly/.pyenv/versions/mt/lib/python3.12/site-packages/django/utils/regex_helper.py", line 272, in get_quantifier
    return int(values[0]), ch
           ^^^^^^^^^^^^^^
ValueError: invalid literal for int() with base 10: 'user'
ERROR 2026-02-22 10:03:58,660 log 47455 6157447168 Internal Server Error: /api/docs/
Traceback (most recent call last):
  File "/Users/grizzly/.pyenv/versions/mt/lib/python3.12/site-packages/django/core/handlers/exception.py", line 55, in inner
    response = get_response(request)
               ^^^^^^^^^^^^^^^^^^^^^
  File "/Users/grizzly/.pyenv/versions/mt/lib/python3.12/site-packages/django/core/handlers/base.py", line 198, in _get_response
    response = wrapped_callback(request, *callback_args, **callback_kwargs)
               ^^^^^^^^^^^^^^^^^^^^^^^^^^^^^^^^^^^^^^^^^^^^^^^^^^^^^^^^^^^^
  File "/Users/grizzly/.pyenv/versions/mt/lib/python3.12/site-packages/django/views/decorators/csrf.py", line 65, in _view_wrapper
    return view_func(request, *args, **kwargs)
           ^^^^^^^^^^^^^^^^^^^^^^^^^^^^^^^^^^^
  File "/Users/grizzly/.pyenv/versions/mt/lib/python3.12/site-packages/django/views/generic/base.py", line 106, in view
    return self.dispatch(request, *args, **kwargs)
           ^^^^^^^^^^^^^^^^^^^^^^^^^^^^^^^^^^^^^^^
  File "/Users/grizzly/.pyenv/versions/mt/lib/python3.12/site-packages/rest_framework/views.py", line 515, in dispatch
    response = self.handle_exception(exc)
               ^^^^^^^^^^^^^^^^^^^^^^^^^^
  File "/Users/grizzly/.pyenv/versions/mt/lib/python3.12/site-packages/rest_framework/views.py", line 475, in handle_exception
    self.raise_uncaught_exception(exc)
  File "/Users/grizzly/.pyenv/versions/mt/lib/python3.12/site-packages/rest_framework/views.py", line 486, in raise_uncaught_exception
    raise exc
  File "/Users/grizzly/.pyenv/versions/mt/lib/python3.12/site-packages/rest_framework/views.py", line 512, in dispatch
    response = handler(request, *args, **kwargs)
               ^^^^^^^^^^^^^^^^^^^^^^^^^^^^^^^^^
  File "/Users/grizzly/.pyenv/versions/mt/lib/python3.12/site-packages/drf_spectacular/views.py", line 141, in get
    'schema_url': self._get_schema_url(request),
                  ^^^^^^^^^^^^^^^^^^^^^^^^^^^^^
  File "/Users/grizzly/.pyenv/versions/mt/lib/python3.12/site-packages/drf_spectacular/views.py", line 159, in _get_schema_url
    schema_url = self.url or get_relative_url(reverse(self.url_name, request=request))
                                              ^^^^^^^^^^^^^^^^^^^^^^^^^^^^^^^^^^^^^^^
  File "/Users/grizzly/.pyenv/versions/mt/lib/python3.12/site-packages/rest_framework/reverse.py", line 47, in reverse
    url = _reverse(viewname, args, kwargs, request, format, **extra)
          ^^^^^^^^^^^^^^^^^^^^^^^^^^^^^^^^^^^^^^^^^^^^^^^^^^^^^^^^^^
  File "/Users/grizzly/.pyenv/versions/mt/lib/python3.12/site-packages/rest_framework/reverse.py", line 60, in _reverse
    url = django_reverse(viewname, args=args, kwargs=kwargs, **extra)
          ^^^^^^^^^^^^^^^^^^^^^^^^^^^^^^^^^^^^^^^^^^^^^^^^^^^^^^^^^^^
  File "/Users/grizzly/.pyenv/versions/mt/lib/python3.12/site-packages/django/urls/base.py", line 98, in reverse
    resolved_url = resolver._reverse_with_prefix(view, prefix, *args, **kwargs)
                   ^^^^^^^^^^^^^^^^^^^^^^^^^^^^^^^^^^^^^^^^^^^^^^^^^^^^^^^^^^^^
  File "/Users/grizzly/.pyenv/versions/mt/lib/python3.12/site-packages/django/urls/resolvers.py", line 760, in _reverse_with_prefix
    self._populate()
  File "/Users/grizzly/.pyenv/versions/mt/lib/python3.12/site-packages/django/urls/resolvers.py", line 584, in _populate
    url_pattern._populate()
  File "/Users/grizzly/.pyenv/versions/mt/lib/python3.12/site-packages/django/urls/resolvers.py", line 584, in _populate
    url_pattern._populate()
  File "/Users/grizzly/.pyenv/versions/mt/lib/python3.12/site-packages/django/urls/resolvers.py", line 563, in _populate
    bits = normalize(url_pattern.pattern.regex.pattern)
           ^^^^^^^^^^^^^^^^^^^^^^^^^^^^^^^^^^^^^^^^^^^^
  File "/Users/grizzly/.pyenv/versions/mt/lib/python3.12/site-packages/django/utils/regex_helper.py", line 160, in normalize
    count, ch = get_quantifier(ch, pattern_iter)
                ^^^^^^^^^^^^^^^^^^^^^^^^^^^^^^^^
  File "/Users/grizzly/.pyenv/versions/mt/lib/python3.12/site-packages/django/utils/regex_helper.py", line 272, in get_quantifier
    return int(values[0]), ch
           ^^^^^^^^^^^^^^
ValueError: invalid literal for int() with base 10: 'user'
ERROR 2026-02-22 10:03:58,806 log 47455 6157447168 Internal Server Error: /api/docs/
Traceback (most recent call last):
  File "/Users/grizzly/.pyenv/versions/mt/lib/python3.12/site-packages/django/core/handlers/exception.py", line 55, in inner
    response = get_response(request)
               ^^^^^^^^^^^^^^^^^^^^^
  File "/Users/grizzly/.pyenv/versions/mt/lib/python3.12/site-packages/django/core/handlers/base.py", line 198, in _get_response
    response = wrapped_callback(request, *callback_args, **callback_kwargs)
               ^^^^^^^^^^^^^^^^^^^^^^^^^^^^^^^^^^^^^^^^^^^^^^^^^^^^^^^^^^^^
  File "/Users/grizzly/.pyenv/versions/mt/lib/python3.12/site-packages/django/views/decorators/csrf.py", line 65, in _view_wrapper
    return view_func(request, *args, **kwargs)
           ^^^^^^^^^^^^^^^^^^^^^^^^^^^^^^^^^^^
  File "/Users/grizzly/.pyenv/versions/mt/lib/python3.12/site-packages/django/views/generic/base.py", line 106, in view
    return self.dispatch(request, *args, **kwargs)
           ^^^^^^^^^^^^^^^^^^^^^^^^^^^^^^^^^^^^^^^
  File "/Users/grizzly/.pyenv/versions/mt/lib/python3.12/site-packages/rest_framework/views.py", line 515, in dispatch
    response = self.handle_exception(exc)
               ^^^^^^^^^^^^^^^^^^^^^^^^^^
  File "/Users/grizzly/.pyenv/versions/mt/lib/python3.12/site-packages/rest_framework/views.py", line 475, in handle_exception
    self.raise_uncaught_exception(exc)
  File "/Users/grizzly/.pyenv/versions/mt/lib/python3.12/site-packages/rest_framework/views.py", line 486, in raise_uncaught_exception
    raise exc
  File "/Users/grizzly/.pyenv/versions/mt/lib/python3.12/site-packages/rest_framework/views.py", line 512, in dispatch
    response = handler(request, *args, **kwargs)
               ^^^^^^^^^^^^^^^^^^^^^^^^^^^^^^^^^
  File "/Users/grizzly/.pyenv/versions/mt/lib/python3.12/site-packages/drf_spectacular/views.py", line 141, in get
    'schema_url': self._get_schema_url(request),
                  ^^^^^^^^^^^^^^^^^^^^^^^^^^^^^
  File "/Users/grizzly/.pyenv/versions/mt/lib/python3.12/site-packages/drf_spectacular/views.py", line 159, in _get_schema_url
    schema_url = self.url or get_relative_url(reverse(self.url_name, request=request))
                                              ^^^^^^^^^^^^^^^^^^^^^^^^^^^^^^^^^^^^^^^
  File "/Users/grizzly/.pyenv/versions/mt/lib/python3.12/site-packages/rest_framework/reverse.py", line 47, in reverse
    url = _reverse(viewname, args, kwargs, request, format, **extra)
          ^^^^^^^^^^^^^^^^^^^^^^^^^^^^^^^^^^^^^^^^^^^^^^^^^^^^^^^^^^
  File "/Users/grizzly/.pyenv/versions/mt/lib/python3.12/site-packages/rest_framework/reverse.py", line 60, in _reverse
    url = django_reverse(viewname, args=args, kwargs=kwargs, **extra)
          ^^^^^^^^^^^^^^^^^^^^^^^^^^^^^^^^^^^^^^^^^^^^^^^^^^^^^^^^^^^
  File "/Users/grizzly/.pyenv/versions/mt/lib/python3.12/site-packages/django/urls/base.py", line 98, in reverse
    resolved_url = resolver._reverse_with_prefix(view, prefix, *args, **kwargs)
                   ^^^^^^^^^^^^^^^^^^^^^^^^^^^^^^^^^^^^^^^^^^^^^^^^^^^^^^^^^^^^
  File "/Users/grizzly/.pyenv/versions/mt/lib/python3.12/site-packages/django/urls/resolvers.py", line 760, in _reverse_with_prefix
    self._populate()
  File "/Users/grizzly/.pyenv/versions/mt/lib/python3.12/site-packages/django/urls/resolvers.py", line 584, in _populate
    url_pattern._populate()
  File "/Users/grizzly/.pyenv/versions/mt/lib/python3.12/site-packages/django/urls/resolvers.py", line 584, in _populate
    url_pattern._populate()
  File "/Users/grizzly/.pyenv/versions/mt/lib/python3.12/site-packages/django/urls/resolvers.py", line 563, in _populate
    bits = normalize(url_pattern.pattern.regex.pattern)
           ^^^^^^^^^^^^^^^^^^^^^^^^^^^^^^^^^^^^^^^^^^^^
  File "/Users/grizzly/.pyenv/versions/mt/lib/python3.12/site-packages/django/utils/regex_helper.py", line 160, in normalize
    count, ch = get_quantifier(ch, pattern_iter)
                ^^^^^^^^^^^^^^^^^^^^^^^^^^^^^^^^
  File "/Users/grizzly/.pyenv/versions/mt/lib/python3.12/site-packages/django/utils/regex_helper.py", line 272, in get_quantifier
    return int(values[0]), ch
           ^^^^^^^^^^^^^^
ValueError: invalid literal for int() with base 10: 'user'
ERROR 2026-02-22 10:03:58,995 log 47455 6157447168 Internal Server Error: /api/docs/
Traceback (most recent call last):
  File "/Users/grizzly/.pyenv/versions/mt/lib/python3.12/site-packages/django/core/handlers/exception.py", line 55, in inner
    response = get_response(request)
               ^^^^^^^^^^^^^^^^^^^^^
  File "/Users/grizzly/.pyenv/versions/mt/lib/python3.12/site-packages/django/core/handlers/base.py", line 198, in _get_response
    response = wrapped_callback(request, *callback_args, **callback_kwargs)
               ^^^^^^^^^^^^^^^^^^^^^^^^^^^^^^^^^^^^^^^^^^^^^^^^^^^^^^^^^^^^
  File "/Users/grizzly/.pyenv/versions/mt/lib/python3.12/site-packages/django/views/decorators/csrf.py", line 65, in _view_wrapper
    return view_func(request, *args, **kwargs)
           ^^^^^^^^^^^^^^^^^^^^^^^^^^^^^^^^^^^
  File "/Users/grizzly/.pyenv/versions/mt/lib/python3.12/site-packages/django/views/generic/base.py", line 106, in view
    return self.dispatch(request, *args, **kwargs)
           ^^^^^^^^^^^^^^^^^^^^^^^^^^^^^^^^^^^^^^^
  File "/Users/grizzly/.pyenv/versions/mt/lib/python3.12/site-packages/rest_framework/views.py", line 515, in dispatch
    response = self.handle_exception(exc)
               ^^^^^^^^^^^^^^^^^^^^^^^^^^
  File "/Users/grizzly/.pyenv/versions/mt/lib/python3.12/site-packages/rest_framework/views.py", line 475, in handle_exception
    self.raise_uncaught_exception(exc)
  File "/Users/grizzly/.pyenv/versions/mt/lib/python3.12/site-packages/rest_framework/views.py", line 486, in raise_uncaught_exception
    raise exc
  File "/Users/grizzly/.pyenv/versions/mt/lib/python3.12/site-packages/rest_framework/views.py", line 512, in dispatch
    response = handler(request, *args, **kwargs)
               ^^^^^^^^^^^^^^^^^^^^^^^^^^^^^^^^^
  File "/Users/grizzly/.pyenv/versions/mt/lib/python3.12/site-packages/drf_spectacular/views.py", line 141, in get
    'schema_url': self._get_schema_url(request),
                  ^^^^^^^^^^^^^^^^^^^^^^^^^^^^^
  File "/Users/grizzly/.pyenv/versions/mt/lib/python3.12/site-packages/drf_spectacular/views.py", line 159, in _get_schema_url
    schema_url = self.url or get_relative_url(reverse(self.url_name, request=request))
                                              ^^^^^^^^^^^^^^^^^^^^^^^^^^^^^^^^^^^^^^^
  File "/Users/grizzly/.pyenv/versions/mt/lib/python3.12/site-packages/rest_framework/reverse.py", line 47, in reverse
    url = _reverse(viewname, args, kwargs, request, format, **extra)
          ^^^^^^^^^^^^^^^^^^^^^^^^^^^^^^^^^^^^^^^^^^^^^^^^^^^^^^^^^^
  File "/Users/grizzly/.pyenv/versions/mt/lib/python3.12/site-packages/rest_framework/reverse.py", line 60, in _reverse
    url = django_reverse(viewname, args=args, kwargs=kwargs, **extra)
          ^^^^^^^^^^^^^^^^^^^^^^^^^^^^^^^^^^^^^^^^^^^^^^^^^^^^^^^^^^^
  File "/Users/grizzly/.pyenv/versions/mt/lib/python3.12/site-packages/django/urls/base.py", line 98, in reverse
    resolved_url = resolver._reverse_with_prefix(view, prefix, *args, **kwargs)
                   ^^^^^^^^^^^^^^^^^^^^^^^^^^^^^^^^^^^^^^^^^^^^^^^^^^^^^^^^^^^^
  File "/Users/grizzly/.pyenv/versions/mt/lib/python3.12/site-packages/django/urls/resolvers.py", line 760, in _reverse_with_prefix
    self._populate()
  File "/Users/grizzly/.pyenv/versions/mt/lib/python3.12/site-packages/django/urls/resolvers.py", line 584, in _populate
    url_pattern._populate()
  File "/Users/grizzly/.pyenv/versions/mt/lib/python3.12/site-packages/django/urls/resolvers.py", line 584, in _populate
    url_pattern._populate()
  File "/Users/grizzly/.pyenv/versions/mt/lib/python3.12/site-packages/django/urls/resolvers.py", line 563, in _populate
    bits = normalize(url_pattern.pattern.regex.pattern)
           ^^^^^^^^^^^^^^^^^^^^^^^^^^^^^^^^^^^^^^^^^^^^
  File "/Users/grizzly/.pyenv/versions/mt/lib/python3.12/site-packages/django/utils/regex_helper.py", line 160, in normalize
    count, ch = get_quantifier(ch, pattern_iter)
                ^^^^^^^^^^^^^^^^^^^^^^^^^^^^^^^^
  File "/Users/grizzly/.pyenv/versions/mt/lib/python3.12/site-packages/django/utils/regex_helper.py", line 272, in get_quantifier
    return int(values[0]), ch
           ^^^^^^^^^^^^^^
ValueError: invalid literal for int() with base 10: 'user'
ERROR 2026-02-22 10:03:59,195 log 47455 6157447168 Internal Server Error: /api/docs/
Traceback (most recent call last):
  File "/Users/grizzly/.pyenv/versions/mt/lib/python3.12/site-packages/django/core/handlers/exception.py", line 55, in inner
    response = get_response(request)
               ^^^^^^^^^^^^^^^^^^^^^
  File "/Users/grizzly/.pyenv/versions/mt/lib/python3.12/site-packages/django/core/handlers/base.py", line 198, in _get_response
    response = wrapped_callback(request, *callback_args, **callback_kwargs)
               ^^^^^^^^^^^^^^^^^^^^^^^^^^^^^^^^^^^^^^^^^^^^^^^^^^^^^^^^^^^^
  File "/Users/grizzly/.pyenv/versions/mt/lib/python3.12/site-packages/django/views/decorators/csrf.py", line 65, in _view_wrapper
    return view_func(request, *args, **kwargs)
           ^^^^^^^^^^^^^^^^^^^^^^^^^^^^^^^^^^^
  File "/Users/grizzly/.pyenv/versions/mt/lib/python3.12/site-packages/django/views/generic/base.py", line 106, in view
    return self.dispatch(request, *args, **kwargs)
           ^^^^^^^^^^^^^^^^^^^^^^^^^^^^^^^^^^^^^^^
  File "/Users/grizzly/.pyenv/versions/mt/lib/python3.12/site-packages/rest_framework/views.py", line 515, in dispatch
    response = self.handle_exception(exc)
               ^^^^^^^^^^^^^^^^^^^^^^^^^^
  File "/Users/grizzly/.pyenv/versions/mt/lib/python3.12/site-packages/rest_framework/views.py", line 475, in handle_exception
    self.raise_uncaught_exception(exc)
  File "/Users/grizzly/.pyenv/versions/mt/lib/python3.12/site-packages/rest_framework/views.py", line 486, in raise_uncaught_exception
    raise exc
  File "/Users/grizzly/.pyenv/versions/mt/lib/python3.12/site-packages/rest_framework/views.py", line 512, in dispatch
    response = handler(request, *args, **kwargs)
               ^^^^^^^^^^^^^^^^^^^^^^^^^^^^^^^^^
  File "/Users/grizzly/.pyenv/versions/mt/lib/python3.12/site-packages/drf_spectacular/views.py", line 141, in get
    'schema_url': self._get_schema_url(request),
                  ^^^^^^^^^^^^^^^^^^^^^^^^^^^^^
  File "/Users/grizzly/.pyenv/versions/mt/lib/python3.12/site-packages/drf_spectacular/views.py", line 159, in _get_schema_url
    schema_url = self.url or get_relative_url(reverse(self.url_name, request=request))
                                              ^^^^^^^^^^^^^^^^^^^^^^^^^^^^^^^^^^^^^^^
  File "/Users/grizzly/.pyenv/versions/mt/lib/python3.12/site-packages/rest_framework/reverse.py", line 47, in reverse
    url = _reverse(viewname, args, kwargs, request, format, **extra)
          ^^^^^^^^^^^^^^^^^^^^^^^^^^^^^^^^^^^^^^^^^^^^^^^^^^^^^^^^^^
  File "/Users/grizzly/.pyenv/versions/mt/lib/python3.12/site-packages/rest_framework/reverse.py", line 60, in _reverse
    url = django_reverse(viewname, args=args, kwargs=kwargs, **extra)
          ^^^^^^^^^^^^^^^^^^^^^^^^^^^^^^^^^^^^^^^^^^^^^^^^^^^^^^^^^^^
  File "/Users/grizzly/.pyenv/versions/mt/lib/python3.12/site-packages/django/urls/base.py", line 98, in reverse
    resolved_url = resolver._reverse_with_prefix(view, prefix, *args, **kwargs)
                   ^^^^^^^^^^^^^^^^^^^^^^^^^^^^^^^^^^^^^^^^^^^^^^^^^^^^^^^^^^^^
  File "/Users/grizzly/.pyenv/versions/mt/lib/python3.12/site-packages/django/urls/resolvers.py", line 760, in _reverse_with_prefix
    self._populate()
  File "/Users/grizzly/.pyenv/versions/mt/lib/python3.12/site-packages/django/urls/resolvers.py", line 584, in _populate
    url_pattern._populate()
  File "/Users/grizzly/.pyenv/versions/mt/lib/python3.12/site-packages/django/urls/resolvers.py", line 584, in _populate
    url_pattern._populate()
  File "/Users/grizzly/.pyenv/versions/mt/lib/python3.12/site-packages/django/urls/resolvers.py", line 563, in _populate
    bits = normalize(url_pattern.pattern.regex.pattern)
           ^^^^^^^^^^^^^^^^^^^^^^^^^^^^^^^^^^^^^^^^^^^^
  File "/Users/grizzly/.pyenv/versions/mt/lib/python3.12/site-packages/django/utils/regex_helper.py", line 160, in normalize
    count, ch = get_quantifier(ch, pattern_iter)
                ^^^^^^^^^^^^^^^^^^^^^^^^^^^^^^^^
  File "/Users/grizzly/.pyenv/versions/mt/lib/python3.12/site-packages/django/utils/regex_helper.py", line 272, in get_quantifier
    return int(values[0]), ch
           ^^^^^^^^^^^^^^
ValueError: invalid literal for int() with base 10: 'user'
ERROR 2026-02-22 10:03:59,359 log 47455 6157447168 Internal Server Error: /api/docs/
Traceback (most recent call last):
  File "/Users/grizzly/.pyenv/versions/mt/lib/python3.12/site-packages/django/core/handlers/exception.py", line 55, in inner
    response = get_response(request)
               ^^^^^^^^^^^^^^^^^^^^^
  File "/Users/grizzly/.pyenv/versions/mt/lib/python3.12/site-packages/django/core/handlers/base.py", line 198, in _get_response
    response = wrapped_callback(request, *callback_args, **callback_kwargs)
               ^^^^^^^^^^^^^^^^^^^^^^^^^^^^^^^^^^^^^^^^^^^^^^^^^^^^^^^^^^^^
  File "/Users/grizzly/.pyenv/versions/mt/lib/python3.12/site-packages/django/views/decorators/csrf.py", line 65, in _view_wrapper
    return view_func(request, *args, **kwargs)
           ^^^^^^^^^^^^^^^^^^^^^^^^^^^^^^^^^^^
  File "/Users/grizzly/.pyenv/versions/mt/lib/python3.12/site-packages/django/views/generic/base.py", line 106, in view
    return self.dispatch(request, *args, **kwargs)
           ^^^^^^^^^^^^^^^^^^^^^^^^^^^^^^^^^^^^^^^
  File "/Users/grizzly/.pyenv/versions/mt/lib/python3.12/site-packages/rest_framework/views.py", line 515, in dispatch
    response = self.handle_exception(exc)
               ^^^^^^^^^^^^^^^^^^^^^^^^^^
  File "/Users/grizzly/.pyenv/versions/mt/lib/python3.12/site-packages/rest_framework/views.py", line 475, in handle_exception
    self.raise_uncaught_exception(exc)
  File "/Users/grizzly/.pyenv/versions/mt/lib/python3.12/site-packages/rest_framework/views.py", line 486, in raise_uncaught_exception
    raise exc
  File "/Users/grizzly/.pyenv/versions/mt/lib/python3.12/site-packages/rest_framework/views.py", line 512, in dispatch
    response = handler(request, *args, **kwargs)
               ^^^^^^^^^^^^^^^^^^^^^^^^^^^^^^^^^
  File "/Users/grizzly/.pyenv/versions/mt/lib/python3.12/site-packages/drf_spectacular/views.py", line 141, in get
    'schema_url': self._get_schema_url(request),
                  ^^^^^^^^^^^^^^^^^^^^^^^^^^^^^
  File "/Users/grizzly/.pyenv/versions/mt/lib/python3.12/site-packages/drf_spectacular/views.py", line 159, in _get_schema_url
    schema_url = self.url or get_relative_url(reverse(self.url_name, request=request))
                                              ^^^^^^^^^^^^^^^^^^^^^^^^^^^^^^^^^^^^^^^
  File "/Users/grizzly/.pyenv/versions/mt/lib/python3.12/site-packages/rest_framework/reverse.py", line 47, in reverse
    url = _reverse(viewname, args, kwargs, request, format, **extra)
          ^^^^^^^^^^^^^^^^^^^^^^^^^^^^^^^^^^^^^^^^^^^^^^^^^^^^^^^^^^
  File "/Users/grizzly/.pyenv/versions/mt/lib/python3.12/site-packages/rest_framework/reverse.py", line 60, in _reverse
    url = django_reverse(viewname, args=args, kwargs=kwargs, **extra)
          ^^^^^^^^^^^^^^^^^^^^^^^^^^^^^^^^^^^^^^^^^^^^^^^^^^^^^^^^^^^
  File "/Users/grizzly/.pyenv/versions/mt/lib/python3.12/site-packages/django/urls/base.py", line 98, in reverse
    resolved_url = resolver._reverse_with_prefix(view, prefix, *args, **kwargs)
                   ^^^^^^^^^^^^^^^^^^^^^^^^^^^^^^^^^^^^^^^^^^^^^^^^^^^^^^^^^^^^
  File "/Users/grizzly/.pyenv/versions/mt/lib/python3.12/site-packages/django/urls/resolvers.py", line 760, in _reverse_with_prefix
    self._populate()
  File "/Users/grizzly/.pyenv/versions/mt/lib/python3.12/site-packages/django/urls/resolvers.py", line 584, in _populate
    url_pattern._populate()
  File "/Users/grizzly/.pyenv/versions/mt/lib/python3.12/site-packages/django/urls/resolvers.py", line 584, in _populate
    url_pattern._populate()
  File "/Users/grizzly/.pyenv/versions/mt/lib/python3.12/site-packages/django/urls/resolvers.py", line 563, in _populate
    bits = normalize(url_pattern.pattern.regex.pattern)
           ^^^^^^^^^^^^^^^^^^^^^^^^^^^^^^^^^^^^^^^^^^^^
  File "/Users/grizzly/.pyenv/versions/mt/lib/python3.12/site-packages/django/utils/regex_helper.py", line 160, in normalize
    count, ch = get_quantifier(ch, pattern_iter)
                ^^^^^^^^^^^^^^^^^^^^^^^^^^^^^^^^
  File "/Users/grizzly/.pyenv/versions/mt/lib/python3.12/site-packages/django/utils/regex_helper.py", line 272, in get_quantifier
    return int(values[0]), ch
           ^^^^^^^^^^^^^^
ValueError: invalid literal for int() with base 10: 'user'
INFO 2026-02-22 10:04:52,567 autoreload 47455 8584863936 /Users/grizzly/grizzly/edu/python/django/dmoneytracker/apps/endusers/urls.py changed, reloading.
INFO 2026-02-22 10:04:53,092 autoreload 47532 8584863936 Watching for file changes with StatReloader
INFO 2026-02-22 10:05:02,502 autoreload 47532 8584863936 /Users/grizzly/grizzly/edu/python/django/dmoneytracker/apps/endusers/urls.py changed, reloading.
INFO 2026-02-22 10:05:02,844 autoreload 47539 8584863936 Watching for file changes with StatReloader
WARNING 2026-02-24 16:19:08,849 log 47539 6132625408 Not Found: /docs
ERROR 2026-02-24 16:20:30,526 log 47539 6132625408 Internal Server Error: /api/docs/
Traceback (most recent call last):
  File "/Users/grizzly/.pyenv/versions/mt/lib/python3.12/site-packages/django/core/handlers/exception.py", line 55, in inner
    response = get_response(request)
               ^^^^^^^^^^^^^^^^^^^^^
  File "/Users/grizzly/.pyenv/versions/mt/lib/python3.12/site-packages/django/core/handlers/base.py", line 198, in _get_response
    response = wrapped_callback(request, *callback_args, **callback_kwargs)
               ^^^^^^^^^^^^^^^^^^^^^^^^^^^^^^^^^^^^^^^^^^^^^^^^^^^^^^^^^^^^
  File "/Users/grizzly/.pyenv/versions/mt/lib/python3.12/site-packages/django/views/decorators/csrf.py", line 65, in _view_wrapper
    return view_func(request, *args, **kwargs)
           ^^^^^^^^^^^^^^^^^^^^^^^^^^^^^^^^^^^
  File "/Users/grizzly/.pyenv/versions/mt/lib/python3.12/site-packages/django/views/generic/base.py", line 106, in view
    return self.dispatch(request, *args, **kwargs)
           ^^^^^^^^^^^^^^^^^^^^^^^^^^^^^^^^^^^^^^^
  File "/Users/grizzly/.pyenv/versions/mt/lib/python3.12/site-packages/rest_framework/views.py", line 515, in dispatch
    response = self.handle_exception(exc)
               ^^^^^^^^^^^^^^^^^^^^^^^^^^
  File "/Users/grizzly/.pyenv/versions/mt/lib/python3.12/site-packages/rest_framework/views.py", line 475, in handle_exception
    self.raise_uncaught_exception(exc)
  File "/Users/grizzly/.pyenv/versions/mt/lib/python3.12/site-packages/rest_framework/views.py", line 486, in raise_uncaught_exception
    raise exc
  File "/Users/grizzly/.pyenv/versions/mt/lib/python3.12/site-packages/rest_framework/views.py", line 512, in dispatch
    response = handler(request, *args, **kwargs)
               ^^^^^^^^^^^^^^^^^^^^^^^^^^^^^^^^^
  File "/Users/grizzly/.pyenv/versions/mt/lib/python3.12/site-packages/drf_spectacular/views.py", line 141, in get
    'schema_url': self._get_schema_url(request),
                  ^^^^^^^^^^^^^^^^^^^^^^^^^^^^^
  File "/Users/grizzly/.pyenv/versions/mt/lib/python3.12/site-packages/drf_spectacular/views.py", line 159, in _get_schema_url
    schema_url = self.url or get_relative_url(reverse(self.url_name, request=request))
                                              ^^^^^^^^^^^^^^^^^^^^^^^^^^^^^^^^^^^^^^^
  File "/Users/grizzly/.pyenv/versions/mt/lib/python3.12/site-packages/rest_framework/reverse.py", line 47, in reverse
    url = _reverse(viewname, args, kwargs, request, format, **extra)
          ^^^^^^^^^^^^^^^^^^^^^^^^^^^^^^^^^^^^^^^^^^^^^^^^^^^^^^^^^^
  File "/Users/grizzly/.pyenv/versions/mt/lib/python3.12/site-packages/rest_framework/reverse.py", line 60, in _reverse
    url = django_reverse(viewname, args=args, kwargs=kwargs, **extra)
          ^^^^^^^^^^^^^^^^^^^^^^^^^^^^^^^^^^^^^^^^^^^^^^^^^^^^^^^^^^^
  File "/Users/grizzly/.pyenv/versions/mt/lib/python3.12/site-packages/django/urls/base.py", line 98, in reverse
    resolved_url = resolver._reverse_with_prefix(view, prefix, *args, **kwargs)
                   ^^^^^^^^^^^^^^^^^^^^^^^^^^^^^^^^^^^^^^^^^^^^^^^^^^^^^^^^^^^^
  File "/Users/grizzly/.pyenv/versions/mt/lib/python3.12/site-packages/django/urls/resolvers.py", line 760, in _reverse_with_prefix
    self._populate()
  File "/Users/grizzly/.pyenv/versions/mt/lib/python3.12/site-packages/django/urls/resolvers.py", line 584, in _populate
    url_pattern._populate()
  File "/Users/grizzly/.pyenv/versions/mt/lib/python3.12/site-packages/django/urls/resolvers.py", line 584, in _populate
    url_pattern._populate()
  File "/Users/grizzly/.pyenv/versions/mt/lib/python3.12/site-packages/django/urls/resolvers.py", line 563, in _populate
    bits = normalize(url_pattern.pattern.regex.pattern)
           ^^^^^^^^^^^^^^^^^^^^^^^^^^^^^^^^^^^^^^^^^^^^
  File "/Users/grizzly/.pyenv/versions/mt/lib/python3.12/site-packages/django/utils/regex_helper.py", line 160, in normalize
    count, ch = get_quantifier(ch, pattern_iter)
                ^^^^^^^^^^^^^^^^^^^^^^^^^^^^^^^^
  File "/Users/grizzly/.pyenv/versions/mt/lib/python3.12/site-packages/django/utils/regex_helper.py", line 272, in get_quantifier
    return int(values[0]), ch
           ^^^^^^^^^^^^^^
ValueError: invalid literal for int() with base 10: 'user'
INFO 2026-02-24 16:21:35,662 autoreload 47539 8584863936 /Users/grizzly/grizzly/edu/python/django/dmoneytracker/apps/endusers/urls.py changed, reloading.
INFO 2026-02-24 16:21:36,114 autoreload 49662 8584863936 Watching for file changes with StatReloader
WARNING 2026-02-24 16:25:24,525 log 49662 6172454912 Not Found: /api/user/
WARNING 2026-02-24 16:25:28,838 log 49662 6172454912 Not Found: /api/user/
ERROR 2026-02-24 16:25:40,841 log 49662 6172454912 Internal Server Error: /api/users/
Traceback (most recent call last):
  File "/Users/grizzly/.pyenv/versions/mt/lib/python3.12/site-packages/django/core/handlers/exception.py", line 55, in inner
    response = get_response(request)
               ^^^^^^^^^^^^^^^^^^^^^
  File "/Users/grizzly/.pyenv/versions/mt/lib/python3.12/site-packages/django/core/handlers/base.py", line 221, in _get_response
    response = response.render()
               ^^^^^^^^^^^^^^^^^
  File "/Users/grizzly/.pyenv/versions/mt/lib/python3.12/site-packages/django/template/response.py", line 114, in render
    self.content = self.rendered_content
                   ^^^^^^^^^^^^^^^^^^^^^
  File "/Users/grizzly/.pyenv/versions/mt/lib/python3.12/site-packages/rest_framework/response.py", line 74, in rendered_content
    ret = renderer.render(self.data, accepted_media_type, context)
          ^^^^^^^^^^^^^^^^^^^^^^^^^^^^^^^^^^^^^^^^^^^^^^^^^^^^^^^^
  File "/Users/grizzly/.pyenv/versions/mt/lib/python3.12/site-packages/rest_framework/renderers.py", line 732, in render
    ret = template.render(context, request=renderer_context['request'])
          ^^^^^^^^^^^^^^^^^^^^^^^^^^^^^^^^^^^^^^^^^^^^^^^^^^^^^^^^^^^^^
  File "/Users/grizzly/.pyenv/versions/mt/lib/python3.12/site-packages/django/template/backends/django.py", line 107, in render
    return self.template.render(context)
           ^^^^^^^^^^^^^^^^^^^^^^^^^^^^^
  File "/Users/grizzly/.pyenv/versions/mt/lib/python3.12/site-packages/django/template/base.py", line 174, in render
    return self._render(context)
           ^^^^^^^^^^^^^^^^^^^^^
  File "/Users/grizzly/.pyenv/versions/mt/lib/python3.12/site-packages/django/template/base.py", line 166, in _render
    return self.nodelist.render(context)
           ^^^^^^^^^^^^^^^^^^^^^^^^^^^^^
  File "/Users/grizzly/.pyenv/versions/mt/lib/python3.12/site-packages/django/template/base.py", line 1091, in render
    return SafeString("".join([node.render_annotated(context) for node in self]))
                               ^^^^^^^^^^^^^^^^^^^^^^^^^^^^^^
  File "/Users/grizzly/.pyenv/versions/mt/lib/python3.12/site-packages/django/template/base.py", line 1052, in render_annotated
    return self.render(context)
           ^^^^^^^^^^^^^^^^^^^^
  File "/Users/grizzly/.pyenv/versions/mt/lib/python3.12/site-packages/django/template/loader_tags.py", line 160, in render
    return compiled_parent._render(context)
           ^^^^^^^^^^^^^^^^^^^^^^^^^^^^^^^^
  File "/Users/grizzly/.pyenv/versions/mt/lib/python3.12/site-packages/django/template/base.py", line 166, in _render
    return self.nodelist.render(context)
           ^^^^^^^^^^^^^^^^^^^^^^^^^^^^^
  File "/Users/grizzly/.pyenv/versions/mt/lib/python3.12/site-packages/django/template/base.py", line 1091, in render
    return SafeString("".join([node.render_annotated(context) for node in self]))
                               ^^^^^^^^^^^^^^^^^^^^^^^^^^^^^^
  File "/Users/grizzly/.pyenv/versions/mt/lib/python3.12/site-packages/django/template/base.py", line 1052, in render_annotated
    return self.render(context)
           ^^^^^^^^^^^^^^^^^^^^
  File "/Users/grizzly/.pyenv/versions/mt/lib/python3.12/site-packages/django/template/loader_tags.py", line 66, in render
    result = block.nodelist.render(context)
             ^^^^^^^^^^^^^^^^^^^^^^^^^^^^^^
  File "/Users/grizzly/.pyenv/versions/mt/lib/python3.12/site-packages/django/template/base.py", line 1091, in render
    return SafeString("".join([node.render_annotated(context) for node in self]))
                               ^^^^^^^^^^^^^^^^^^^^^^^^^^^^^^
  File "/Users/grizzly/.pyenv/versions/mt/lib/python3.12/site-packages/django/template/base.py", line 1052, in render_annotated
    return self.render(context)
           ^^^^^^^^^^^^^^^^^^^^
  File "/Users/grizzly/.pyenv/versions/mt/lib/python3.12/site-packages/django/template/loader_tags.py", line 66, in render
    result = block.nodelist.render(context)
             ^^^^^^^^^^^^^^^^^^^^^^^^^^^^^^
  File "/Users/grizzly/.pyenv/versions/mt/lib/python3.12/site-packages/django/template/base.py", line 1091, in render
    return SafeString("".join([node.render_annotated(context) for node in self]))
                               ^^^^^^^^^^^^^^^^^^^^^^^^^^^^^^
  File "/Users/grizzly/.pyenv/versions/mt/lib/python3.12/site-packages/django/template/base.py", line 1052, in render_annotated
    return self.render(context)
           ^^^^^^^^^^^^^^^^^^^^
  File "/Users/grizzly/.pyenv/versions/mt/lib/python3.12/site-packages/django/template/loader_tags.py", line 66, in render
    result = block.nodelist.render(context)
             ^^^^^^^^^^^^^^^^^^^^^^^^^^^^^^
  File "/Users/grizzly/.pyenv/versions/mt/lib/python3.12/site-packages/django/template/base.py", line 1091, in render
    return SafeString("".join([node.render_annotated(context) for node in self]))
                               ^^^^^^^^^^^^^^^^^^^^^^^^^^^^^^
  File "/Users/grizzly/.pyenv/versions/mt/lib/python3.12/site-packages/django/template/base.py", line 1052, in render_annotated
    return self.render(context)
           ^^^^^^^^^^^^^^^^^^^^
  File "/Users/grizzly/.pyenv/versions/mt/lib/python3.12/site-packages/django/template/defaulttags.py", line 333, in render
    return nodelist.render(context)
           ^^^^^^^^^^^^^^^^^^^^^^^^
  File "/Users/grizzly/.pyenv/versions/mt/lib/python3.12/site-packages/django/template/base.py", line 1091, in render
    return SafeString("".join([node.render_annotated(context) for node in self]))
                               ^^^^^^^^^^^^^^^^^^^^^^^^^^^^^^
  File "/Users/grizzly/.pyenv/versions/mt/lib/python3.12/site-packages/django/template/base.py", line 1052, in render_annotated
    return self.render(context)
           ^^^^^^^^^^^^^^^^^^^^
  File "/Users/grizzly/.pyenv/versions/mt/lib/python3.12/site-packages/django/template/library.py", line 325, in render
    output = self.func(*resolved_args, **resolved_kwargs)
             ^^^^^^^^^^^^^^^^^^^^^^^^^^^^^^^^^^^^^^^^^^^^
  File "/Users/grizzly/.pyenv/versions/mt/lib/python3.12/site-packages/rest_framework/templatetags/rest_framework.py", line 95, in optional_login
    login_url = reverse('rest_framework:login')
                ^^^^^^^^^^^^^^^^^^^^^^^^^^^^^^^
  File "/Users/grizzly/.pyenv/versions/mt/lib/python3.12/site-packages/django/urls/base.py", line 64, in reverse
    app_list = resolver.app_dict[ns]
               ^^^^^^^^^^^^^^^^^
  File "/Users/grizzly/.pyenv/versions/mt/lib/python3.12/site-packages/django/urls/resolvers.py", line 647, in app_dict
    self._populate()
  File "/Users/grizzly/.pyenv/versions/mt/lib/python3.12/site-packages/django/urls/resolvers.py", line 584, in _populate
    url_pattern._populate()
  File "/Users/grizzly/.pyenv/versions/mt/lib/python3.12/site-packages/django/urls/resolvers.py", line 584, in _populate
    url_pattern._populate()
  File "/Users/grizzly/.pyenv/versions/mt/lib/python3.12/site-packages/django/urls/resolvers.py", line 563, in _populate
    bits = normalize(url_pattern.pattern.regex.pattern)
           ^^^^^^^^^^^^^^^^^^^^^^^^^^^^^^^^^^^^^^^^^^^^
  File "/Users/grizzly/.pyenv/versions/mt/lib/python3.12/site-packages/django/utils/regex_helper.py", line 160, in normalize
    count, ch = get_quantifier(ch, pattern_iter)
                ^^^^^^^^^^^^^^^^^^^^^^^^^^^^^^^^
  File "/Users/grizzly/.pyenv/versions/mt/lib/python3.12/site-packages/django/utils/regex_helper.py", line 272, in get_quantifier
    return int(values[0]), ch
           ^^^^^^^^^^^^^^
ValueError: invalid literal for int() with base 10: 'user'
INFO 2026-02-24 16:28:16,967 autoreload 49662 8584863936 /Users/grizzly/grizzly/edu/python/django/dmoneytracker/apps/subcategories/views.py changed, reloading.
INFO 2026-02-24 16:28:17,466 autoreload 49760 8584863936 Watching for file changes with StatReloader
INFO 2026-02-24 16:53:47,775 autoreload 49760 8584863936 /Users/grizzly/grizzly/edu/python/django/dmoneytracker/apps/categories/viewsets.py changed, reloading.
INFO 2026-02-24 16:53:48,228 autoreload 49933 8584863936 Watching for file changes with StatReloader
INFO 2026-02-24 16:58:34,004 autoreload 49933 8584863936 /Users/grizzly/grizzly/edu/python/django/dmoneytracker/apps/endusers/urls.py changed, reloading.
INFO 2026-02-24 16:58:34,387 autoreload 49969 8584863936 Watching for file changes with StatReloader
WARNING 2026-02-24 16:59:42,289 log 49969 6163705856 Not Found: /docs
WARNING 2026-02-24 16:59:42,817 log 49969 6163705856 Not Found: /docs
WARNING 2026-02-24 16:59:43,167 log 49969 6163705856 Not Found: /docs
WARNING 2026-02-24 16:59:43,314 log 49969 6163705856 Not Found: /docs
WARNING 2026-02-24 16:59:43,443 log 49969 6163705856 Not Found: /docs
WARNING 2026-02-24 16:59:43,592 log 49969 6163705856 Not Found: /docs
WARNING 2026-02-24 16:59:43,762 log 49969 6163705856 Not Found: /docs
WARNING 2026-02-24 16:59:43,896 log 49969 6163705856 Not Found: /docs
WARNING 2026-02-24 16:59:44,047 log 49969 6163705856 Not Found: /docs
WARNING 2026-02-24 16:59:44,211 log 49969 6163705856 Not Found: /docs
INFO 2026-02-27 15:02:35,559 autoreload 51929 8584863936 Watching for file changes with StatReloader
WARNING 2026-02-27 15:02:47,317 log 51929 6157561856 Forbidden: /api/categories/
INFO 2026-02-27 15:11:03,923 autoreload 51929 8584863936 /Users/grizzly/grizzly/edu/python/django/dmoneytracker/apps/categories/viewsets.py changed, reloading.
INFO 2026-02-27 15:11:04,290 autoreload 52008 8584863936 Watching for file changes with StatReloader
INFO 2026-02-27 15:11:30,227 autoreload 52008 8584863936 /Users/grizzly/grizzly/edu/python/django/dmoneytracker/apps/endusers/views.py changed, reloading.
INFO 2026-02-27 15:11:30,582 autoreload 52017 8584863936 Watching for file changes with StatReloader
INFO 2026-02-27 15:20:04,363 autoreload 52017 8584863936 /Users/grizzly/grizzly/edu/python/django/dmoneytracker/apps/endusers/views.py changed, reloading.
INFO 2026-02-27 15:20:04,752 autoreload 52086 8584863936 Watching for file changes with StatReloader
INFO 2026-03-03 09:49:38,491 autoreload 52086 8584863936 /Users/grizzly/grizzly/edu/python/django/dmoneytracker/apps/endusers/views.py changed, reloading.
INFO 2026-03-03 09:49:39,596 autoreload 65673 8584863936 Watching for file changes with StatReloader
INFO 2026-03-03 11:55:32,477 autoreload 65673 8584863936 /Users/grizzly/grizzly/edu/python/django/dmoneytracker/apps/categories/urls.py changed, reloading.
INFO 2026-03-03 11:55:32,921 autoreload 66401 8584863936 Watching for file changes with StatReloader
INFO 2026-03-03 11:55:34,056 autoreload 66401 8584863936 /Users/grizzly/grizzly/edu/python/django/dmoneytracker/apps/categories/urls.py changed, reloading.
INFO 2026-03-03 11:55:34,294 autoreload 66405 8584863936 Watching for file changes with StatReloader
WARNING 2026-03-05 03:50:36,104 log 66405 6168801280 Bad Request: /api/users/9cf0ba41-b6dd-4871-89ce-8a06a696cb95/
WARNING 2026-03-05 03:50:42,625 log 66405 6168801280 Bad Request: /api/users/9cf0ba41-b6dd-4871-89ce-8a06a696cb95/
WARNING 2026-03-05 03:59:06,982 log 66405 6168801280 Bad Request: /api/users/update-user/
WARNING 2026-03-05 03:59:26,238 log 66405 6168801280 Bad Request: /api/users/update-user/
WARNING 2026-03-05 03:59:32,411 log 66405 6168801280 Bad Request: /api/users/update-user/
INFO 2026-03-05 04:15:15,258 autoreload 66405 8584863936 /Users/grizzly/grizzly/edu/python/django/dmoneytracker/apps/endusers/views.py changed, reloading.
INFO 2026-03-05 04:15:15,732 autoreload 68341 8584863936 Watching for file changes with StatReloader
INFO 2026-03-05 04:17:05,920 autoreload 68341 8584863936 /Users/grizzly/grizzly/edu/python/django/dmoneytracker/dmoneytracker/settings/base.py changed, reloading.
INFO 2026-03-05 04:17:06,285 autoreload 68364 8584863936 Watching for file changes with StatReloader
INFO 2026-03-05 04:17:15,669 autoreload 68364 8584863936 /Users/grizzly/grizzly/edu/python/django/dmoneytracker/dmoneytracker/settings/base.py changed, reloading.
INFO 2026-03-05 04:17:16,009 autoreload 68373 8584863936 Watching for file changes with StatReloader
INFO 2026-03-05 04:17:35,675 autoreload 68373 8584863936 /Users/grizzly/grizzly/edu/python/django/dmoneytracker/dmoneytracker/settings/base.py changed, reloading.
INFO 2026-03-05 04:17:36,046 autoreload 68383 8584863936 Watching for file changes with StatReloader
INFO 2026-03-05 04:20:21,954 autoreload 68531 8584863936 Watching for file changes with StatReloader
WARNING 2026-03-05 04:21:28,409 log 68531 6137507840 Bad Request: /api/users/login/
WARNING 2026-03-05 04:21:33,883 log 68531 6137507840 Not Found: /api/users/login/
INFO 2026-03-05 04:23:53,686 autoreload 68531 8584863936 /Users/grizzly/grizzly/edu/python/django/dmoneytracker/apps/endusers/views.py changed, reloading.
INFO 2026-03-05 04:23:54,158 autoreload 68619 8584863936 Watching for file changes with StatReloader
INFO 2026-03-05 04:25:29,016 autoreload 68619 8584863936 /Users/grizzly/grizzly/edu/python/django/dmoneytracker/apps/endusers/views.py changed, reloading.
INFO 2026-03-05 04:25:29,424 autoreload 68642 8584863936 Watching for file changes with StatReloader
INFO 2026-03-05 04:31:56,020 autoreload 68642 8584863936 /Users/grizzly/grizzly/edu/python/django/dmoneytracker/apps/endusers/views.py changed, reloading.
INFO 2026-03-05 04:31:56,469 autoreload 68703 8584863936 Watching for file changes with StatReloader
INFO 2026-03-05 04:45:33,482 autoreload 68703 8584863936 /Users/grizzly/grizzly/edu/python/django/dmoneytracker/apps/subcategories/viewsets.py changed, reloading.
INFO 2026-03-05 04:45:34,007 autoreload 68859 8584863936 Watching for file changes with StatReloader
WARNING 2026-03-05 05:50:53,103 log 68859 6159085568 Bad Request: /api/users/login/
WARNING 2026-03-05 05:50:59,111 log 68859 6159085568 Not Found: /api/users/login/
ERROR 2026-03-05 05:51:49,236 log 68859 6159085568 Internal Server Error: /api/users/update-user/
Traceback (most recent call last):
  File "/Users/grizzly/.pyenv/versions/mt/lib/python3.12/site-packages/django/core/handlers/exception.py", line 55, in inner
    response = get_response(request)
               ^^^^^^^^^^^^^^^^^^^^^
  File "/Users/grizzly/.pyenv/versions/mt/lib/python3.12/site-packages/django/core/handlers/base.py", line 198, in _get_response
    response = wrapped_callback(request, *callback_args, **callback_kwargs)
               ^^^^^^^^^^^^^^^^^^^^^^^^^^^^^^^^^^^^^^^^^^^^^^^^^^^^^^^^^^^^
  File "/Users/grizzly/.pyenv/versions/mt/lib/python3.12/site-packages/django/views/decorators/csrf.py", line 65, in _view_wrapper
    return view_func(request, *args, **kwargs)
           ^^^^^^^^^^^^^^^^^^^^^^^^^^^^^^^^^^^
  File "/Users/grizzly/.pyenv/versions/mt/lib/python3.12/site-packages/rest_framework/viewsets.py", line 125, in view
    return self.dispatch(request, *args, **kwargs)
           ^^^^^^^^^^^^^^^^^^^^^^^^^^^^^^^^^^^^^^^
  File "/Users/grizzly/.pyenv/versions/mt/lib/python3.12/site-packages/rest_framework/views.py", line 515, in dispatch
    response = self.handle_exception(exc)
               ^^^^^^^^^^^^^^^^^^^^^^^^^^
  File "/Users/grizzly/.pyenv/versions/mt/lib/python3.12/site-packages/rest_framework/views.py", line 475, in handle_exception
    self.raise_uncaught_exception(exc)
  File "/Users/grizzly/.pyenv/versions/mt/lib/python3.12/site-packages/rest_framework/views.py", line 486, in raise_uncaught_exception
    raise exc
  File "/Users/grizzly/.pyenv/versions/mt/lib/python3.12/site-packages/rest_framework/views.py", line 503, in dispatch
    self.initial(request, *args, **kwargs)
  File "/Users/grizzly/.pyenv/versions/mt/lib/python3.12/site-packages/rest_framework/views.py", line 421, in initial
    self.check_permissions(request)
  File "/Users/grizzly/.pyenv/versions/mt/lib/python3.12/site-packages/rest_framework/views.py", line 338, in check_permissions
    if not permission.has_permission(request, self):
           ^^^^^^^^^^^^^^^^^^^^^^^^^^^^^^^^^^^^^^^^
  File "/Users/grizzly/.pyenv/versions/mt/lib/python3.12/site-packages/rest_framework/permissions.py", line 151, in has_permission
    return bool(request.user and request.user.is_authenticated)
                                 ^^^^^^^^^^^^^^^^^^^^^^^^^^^^^
AttributeError: 'EndUser' object has no attribute 'is_authenticated'
INFO 2026-03-05 05:53:12,988 autoreload 68859 8584863936 /Users/grizzly/grizzly/edu/python/django/dmoneytracker/apps/endusers/views.py changed, reloading.
INFO 2026-03-05 05:53:13,397 autoreload 69581 8584863936 Watching for file changes with StatReloader
ERROR 2026-03-05 05:53:18,724 log 69581 6205534208 Internal Server Error: /api/users/update-user/
Traceback (most recent call last):
  File "/Users/grizzly/.pyenv/versions/mt/lib/python3.12/site-packages/django/core/handlers/exception.py", line 55, in inner
    response = get_response(request)
               ^^^^^^^^^^^^^^^^^^^^^
  File "/Users/grizzly/.pyenv/versions/mt/lib/python3.12/site-packages/django/core/handlers/base.py", line 198, in _get_response
    response = wrapped_callback(request, *callback_args, **callback_kwargs)
               ^^^^^^^^^^^^^^^^^^^^^^^^^^^^^^^^^^^^^^^^^^^^^^^^^^^^^^^^^^^^
  File "/Users/grizzly/.pyenv/versions/mt/lib/python3.12/site-packages/django/views/decorators/csrf.py", line 65, in _view_wrapper
    return view_func(request, *args, **kwargs)
           ^^^^^^^^^^^^^^^^^^^^^^^^^^^^^^^^^^^
  File "/Users/grizzly/.pyenv/versions/mt/lib/python3.12/site-packages/rest_framework/viewsets.py", line 125, in view
    return self.dispatch(request, *args, **kwargs)
           ^^^^^^^^^^^^^^^^^^^^^^^^^^^^^^^^^^^^^^^
  File "/Users/grizzly/.pyenv/versions/mt/lib/python3.12/site-packages/rest_framework/views.py", line 515, in dispatch
    response = self.handle_exception(exc)
               ^^^^^^^^^^^^^^^^^^^^^^^^^^
  File "/Users/grizzly/.pyenv/versions/mt/lib/python3.12/site-packages/rest_framework/views.py", line 475, in handle_exception
    self.raise_uncaught_exception(exc)
  File "/Users/grizzly/.pyenv/versions/mt/lib/python3.12/site-packages/rest_framework/views.py", line 486, in raise_uncaught_exception
    raise exc
  File "/Users/grizzly/.pyenv/versions/mt/lib/python3.12/site-packages/rest_framework/views.py", line 503, in dispatch
    self.initial(request, *args, **kwargs)
  File "/Users/grizzly/.pyenv/versions/mt/lib/python3.12/site-packages/rest_framework/views.py", line 421, in initial
    self.check_permissions(request)
  File "/Users/grizzly/.pyenv/versions/mt/lib/python3.12/site-packages/rest_framework/views.py", line 338, in check_permissions
    if not permission.has_permission(request, self):
           ^^^^^^^^^^^^^^^^^^^^^^^^^^^^^^^^^^^^^^^^
  File "/Users/grizzly/.pyenv/versions/mt/lib/python3.12/site-packages/rest_framework/permissions.py", line 151, in has_permission
    return bool(request.user and request.user.is_authenticated)
                                 ^^^^^^^^^^^^^^^^^^^^^^^^^^^^^
AttributeError: 'EndUser' object has no attribute 'is_authenticated'
INFO 2026-03-05 05:53:46,623 autoreload 69581 8584863936 /Users/grizzly/grizzly/edu/python/django/dmoneytracker/apps/endusers/views.py changed, reloading.
INFO 2026-03-05 05:53:47,020 autoreload 69600 8584863936 Watching for file changes with StatReloader
ERROR 2026-03-05 05:53:49,742 log 69600 6201962496 Internal Server Error: /api/users/update-user/
Traceback (most recent call last):
  File "/Users/grizzly/.pyenv/versions/mt/lib/python3.12/site-packages/django/core/handlers/exception.py", line 55, in inner
    response = get_response(request)
               ^^^^^^^^^^^^^^^^^^^^^
  File "/Users/grizzly/.pyenv/versions/mt/lib/python3.12/site-packages/django/core/handlers/base.py", line 198, in _get_response
    response = wrapped_callback(request, *callback_args, **callback_kwargs)
               ^^^^^^^^^^^^^^^^^^^^^^^^^^^^^^^^^^^^^^^^^^^^^^^^^^^^^^^^^^^^
  File "/Users/grizzly/.pyenv/versions/mt/lib/python3.12/site-packages/django/views/decorators/csrf.py", line 65, in _view_wrapper
    return view_func(request, *args, **kwargs)
           ^^^^^^^^^^^^^^^^^^^^^^^^^^^^^^^^^^^
  File "/Users/grizzly/.pyenv/versions/mt/lib/python3.12/site-packages/rest_framework/viewsets.py", line 125, in view
    return self.dispatch(request, *args, **kwargs)
           ^^^^^^^^^^^^^^^^^^^^^^^^^^^^^^^^^^^^^^^
  File "/Users/grizzly/.pyenv/versions/mt/lib/python3.12/site-packages/rest_framework/views.py", line 515, in dispatch
    response = self.handle_exception(exc)
               ^^^^^^^^^^^^^^^^^^^^^^^^^^
  File "/Users/grizzly/.pyenv/versions/mt/lib/python3.12/site-packages/rest_framework/views.py", line 475, in handle_exception
    self.raise_uncaught_exception(exc)
  File "/Users/grizzly/.pyenv/versions/mt/lib/python3.12/site-packages/rest_framework/views.py", line 486, in raise_uncaught_exception
    raise exc
  File "/Users/grizzly/.pyenv/versions/mt/lib/python3.12/site-packages/rest_framework/views.py", line 503, in dispatch
    self.initial(request, *args, **kwargs)
  File "/Users/grizzly/.pyenv/versions/mt/lib/python3.12/site-packages/rest_framework/views.py", line 421, in initial
    self.check_permissions(request)
  File "/Users/grizzly/.pyenv/versions/mt/lib/python3.12/site-packages/rest_framework/views.py", line 338, in check_permissions
    if not permission.has_permission(request, self):
           ^^^^^^^^^^^^^^^^^^^^^^^^^^^^^^^^^^^^^^^^
  File "/Users/grizzly/.pyenv/versions/mt/lib/python3.12/site-packages/rest_framework/permissions.py", line 151, in has_permission
    return bool(request.user and request.user.is_authenticated)
                                 ^^^^^^^^^^^^^^^^^^^^^^^^^^^^^
AttributeError: 'EndUser' object has no attribute 'is_authenticated'
INFO 2026-03-05 05:54:51,068 autoreload 69600 8584863936 /Users/grizzly/grizzly/edu/python/django/dmoneytracker/apps/endusers/views.py changed, reloading.
INFO 2026-03-05 05:54:51,452 autoreload 69617 8584863936 Watching for file changes with StatReloader
ERROR 2026-03-05 05:54:51,776 log 69617 6196523008 Internal Server Error: /api/users/update-user/
Traceback (most recent call last):
  File "/Users/grizzly/.pyenv/versions/mt/lib/python3.12/site-packages/django/core/handlers/exception.py", line 55, in inner
    response = get_response(request)
               ^^^^^^^^^^^^^^^^^^^^^
  File "/Users/grizzly/.pyenv/versions/mt/lib/python3.12/site-packages/django/core/handlers/base.py", line 198, in _get_response
    response = wrapped_callback(request, *callback_args, **callback_kwargs)
               ^^^^^^^^^^^^^^^^^^^^^^^^^^^^^^^^^^^^^^^^^^^^^^^^^^^^^^^^^^^^
  File "/Users/grizzly/.pyenv/versions/mt/lib/python3.12/site-packages/django/views/decorators/csrf.py", line 65, in _view_wrapper
    return view_func(request, *args, **kwargs)
           ^^^^^^^^^^^^^^^^^^^^^^^^^^^^^^^^^^^
  File "/Users/grizzly/.pyenv/versions/mt/lib/python3.12/site-packages/rest_framework/viewsets.py", line 125, in view
    return self.dispatch(request, *args, **kwargs)
           ^^^^^^^^^^^^^^^^^^^^^^^^^^^^^^^^^^^^^^^
  File "/Users/grizzly/.pyenv/versions/mt/lib/python3.12/site-packages/rest_framework/views.py", line 515, in dispatch
    response = self.handle_exception(exc)
               ^^^^^^^^^^^^^^^^^^^^^^^^^^
  File "/Users/grizzly/.pyenv/versions/mt/lib/python3.12/site-packages/rest_framework/views.py", line 475, in handle_exception
    self.raise_uncaught_exception(exc)
  File "/Users/grizzly/.pyenv/versions/mt/lib/python3.12/site-packages/rest_framework/views.py", line 486, in raise_uncaught_exception
    raise exc
  File "/Users/grizzly/.pyenv/versions/mt/lib/python3.12/site-packages/rest_framework/views.py", line 503, in dispatch
    self.initial(request, *args, **kwargs)
  File "/Users/grizzly/.pyenv/versions/mt/lib/python3.12/site-packages/rest_framework/views.py", line 421, in initial
    self.check_permissions(request)
  File "/Users/grizzly/.pyenv/versions/mt/lib/python3.12/site-packages/rest_framework/views.py", line 338, in check_permissions
    if not permission.has_permission(request, self):
           ^^^^^^^^^^^^^^^^^^^^^^^^^^^^^^^^^^^^^^^^
  File "/Users/grizzly/.pyenv/versions/mt/lib/python3.12/site-packages/rest_framework/permissions.py", line 151, in has_permission
    return bool(request.user and request.user.is_authenticated)
                                 ^^^^^^^^^^^^^^^^^^^^^^^^^^^^^
AttributeError: 'EndUser' object has no attribute 'is_authenticated'
INFO 2026-03-05 05:55:23,526 autoreload 69617 8584863936 /Users/grizzly/grizzly/edu/python/django/dmoneytracker/apps/endusers/views.py changed, reloading.
INFO 2026-03-05 05:55:23,968 autoreload 69633 8584863936 Watching for file changes with StatReloader
ERROR 2026-03-05 05:55:49,039 log 69633 6171602944 Internal Server Error: /api/users/update-user/
Traceback (most recent call last):
  File "/Users/grizzly/.pyenv/versions/mt/lib/python3.12/site-packages/django/core/handlers/exception.py", line 55, in inner
    response = get_response(request)
               ^^^^^^^^^^^^^^^^^^^^^
  File "/Users/grizzly/.pyenv/versions/mt/lib/python3.12/site-packages/django/core/handlers/base.py", line 198, in _get_response
    response = wrapped_callback(request, *callback_args, **callback_kwargs)
               ^^^^^^^^^^^^^^^^^^^^^^^^^^^^^^^^^^^^^^^^^^^^^^^^^^^^^^^^^^^^
  File "/Users/grizzly/.pyenv/versions/mt/lib/python3.12/site-packages/django/views/decorators/csrf.py", line 65, in _view_wrapper
    return view_func(request, *args, **kwargs)
           ^^^^^^^^^^^^^^^^^^^^^^^^^^^^^^^^^^^
  File "/Users/grizzly/.pyenv/versions/mt/lib/python3.12/site-packages/rest_framework/viewsets.py", line 125, in view
    return self.dispatch(request, *args, **kwargs)
           ^^^^^^^^^^^^^^^^^^^^^^^^^^^^^^^^^^^^^^^
  File "/Users/grizzly/.pyenv/versions/mt/lib/python3.12/site-packages/rest_framework/views.py", line 515, in dispatch
    response = self.handle_exception(exc)
               ^^^^^^^^^^^^^^^^^^^^^^^^^^
  File "/Users/grizzly/.pyenv/versions/mt/lib/python3.12/site-packages/rest_framework/views.py", line 475, in handle_exception
    self.raise_uncaught_exception(exc)
  File "/Users/grizzly/.pyenv/versions/mt/lib/python3.12/site-packages/rest_framework/views.py", line 486, in raise_uncaught_exception
    raise exc
  File "/Users/grizzly/.pyenv/versions/mt/lib/python3.12/site-packages/rest_framework/views.py", line 503, in dispatch
    self.initial(request, *args, **kwargs)
  File "/Users/grizzly/.pyenv/versions/mt/lib/python3.12/site-packages/rest_framework/views.py", line 421, in initial
    self.check_permissions(request)
  File "/Users/grizzly/.pyenv/versions/mt/lib/python3.12/site-packages/rest_framework/views.py", line 338, in check_permissions
    if not permission.has_permission(request, self):
           ^^^^^^^^^^^^^^^^^^^^^^^^^^^^^^^^^^^^^^^^
  File "/Users/grizzly/.pyenv/versions/mt/lib/python3.12/site-packages/rest_framework/permissions.py", line 151, in has_permission
    return bool(request.user and request.user.is_authenticated)
                                 ^^^^^^^^^^^^^^^^^^^^^^^^^^^^^
AttributeError: 'EndUser' object has no attribute 'is_authenticated'
INFO 2026-03-05 05:56:29,184 autoreload 69633 8584863936 /Users/grizzly/grizzly/edu/python/django/dmoneytracker/apps/endusers/models.py changed, reloading.
INFO 2026-03-05 05:56:29,619 autoreload 69673 8584863936 Watching for file changes with StatReloader
WARNING 2026-03-05 06:06:10,961 log 69673 6159757312 Bad Request: /api/users/category/
INFO 2026-03-05 06:23:06,202 autoreload 69673 8584863936 /Users/grizzly/grizzly/edu/python/django/dmoneytracker/apps/subcategories/models.py changed, reloading.
INFO 2026-03-05 06:23:06,605 autoreload 69964 8584863936 Watching for file changes with StatReloader
INFO 2026-03-05 06:41:41,474 autoreload 70758 8584863936 Watching for file changes with StatReloader
INFO 2026-03-05 06:43:58,062 autoreload 71292 8584863936 Watching for file changes with StatReloader
INFO 2026-03-05 06:44:04,566 autoreload 71351 8584863936 Watching for file changes with StatReloader
WARNING 2026-03-05 06:44:17,713 log 71292 6136229888 Bad Request: /api/users/category/
INFO 2026-03-05 06:47:38,605 autoreload 71292 8584863936 /Users/grizzly/grizzly/edu/python/django/dmoneytracker/apps/endusers/models.py changed, reloading.
INFO 2026-03-05 06:47:39,024 autoreload 71662 8584863936 Watching for file changes with StatReloader
INFO 2026-03-05 07:10:51,209 autoreload 72126 8584863936 Watching for file changes with StatReloader
INFO 2026-03-05 08:22:05,828 autoreload 72126 8584863936 /Users/grizzly/grizzly/edu/python/django/dmoneytracker/dmoneytracker/settings/base.py changed, reloading.
INFO 2026-03-05 08:22:06,264 autoreload 73051 8584863936 Watching for file changes with StatReloader
INFO 2026-03-05 08:23:36,730 autoreload 73051 8584863936 /Users/grizzly/grizzly/edu/python/django/dmoneytracker/apps/transactions/apps.py changed, reloading.
INFO 2026-03-05 08:23:37,247 autoreload 73101 8584863936 Watching for file changes with StatReloader
INFO 2026-03-05 09:32:03,221 autoreload 73101 8584863936 /Users/grizzly/grizzly/edu/python/django/dmoneytracker/apps/endusers/models.py changed, reloading.
INFO 2026-03-05 09:32:03,776 autoreload 73655 8584863936 Watching for file changes with StatReloader
INFO 2026-03-05 09:36:37,073 autoreload 73655 8584863936 /Users/grizzly/grizzly/edu/python/django/dmoneytracker/apps/endusers/models.py changed, reloading.
INFO 2026-03-05 09:36:37,463 autoreload 73692 8584863936 Watching for file changes with StatReloader
INFO 2026-03-05 09:37:40,574 autoreload 73692 8584863936 /Users/grizzly/grizzly/edu/python/django/dmoneytracker/apps/endusers/serializers.py changed, reloading.
INFO 2026-03-05 09:37:40,946 autoreload 73706 8584863936 Watching for file changes with StatReloader
INFO 2026-03-05 11:47:53,650 autoreload 73706 8584863936 /Users/grizzly/grizzly/edu/python/django/dmoneytracker/apps/transactions/viewsets.py changed, reloading.
INFO 2026-03-05 11:47:54,139 autoreload 74443 8584863936 Watching for file changes with StatReloader
INFO 2026-03-05 11:52:00,778 autoreload 74443 8584863936 /Users/grizzly/grizzly/edu/python/django/dmoneytracker/apps/transactions/viewsets.py changed, reloading.
INFO 2026-03-05 11:52:01,162 autoreload 74490 8584863936 Watching for file changes with StatReloader
WARNING 2026-03-05 12:00:07,360 log 74490 6125056000 Bad Request: /api/transactions/transaction/
INFO 2026-03-05 12:13:07,959 autoreload 74490 8584863936 /Users/grizzly/grizzly/edu/python/django/dmoneytracker/apps/endusers/urls.py changed, reloading.
INFO 2026-03-05 12:13:08,389 autoreload 74715 8584863936 Watching for file changes with StatReloader
INFO 2026-03-05 12:13:42,597 autoreload 74715 8584863936 /Users/grizzly/grizzly/edu/python/django/dmoneytracker/apps/subcategories/urls.py changed, reloading.
INFO 2026-03-05 12:13:42,964 autoreload 74731 8584863936 Watching for file changes with StatReloader
INFO 2026-03-05 12:13:49,301 autoreload 74731 8584863936 /Users/grizzly/grizzly/edu/python/django/dmoneytracker/apps/transactions/urls.py changed, reloading.
INFO 2026-03-05 12:13:49,691 autoreload 74746 8584863936 Watching for file changes with StatReloader
INFO 2026-03-05 12:15:12,308 autoreload 74746 8584863936 /Users/grizzly/grizzly/edu/python/django/dmoneytracker/apps/endusers/views.py changed, reloading.
INFO 2026-03-05 12:15:12,744 autoreload 74767 8584863936 Watching for file changes with StatReloader
INFO 2026-03-05 12:15:35,656 autoreload 74767 8584863936 /Users/grizzly/grizzly/edu/python/django/dmoneytracker/apps/endusers/urls.py changed, reloading.
INFO 2026-03-05 12:15:36,079 autoreload 74778 8584863936 Watching for file changes with StatReloader
INFO 2026-03-05 14:02:22,125 autoreload 74778 8584863936 /Users/grizzly/grizzly/edu/python/django/dmoneytracker/apps/subcategories/viewsets.py changed, reloading.
INFO 2026-03-05 14:02:22,554 autoreload 74991 8584863936 Watching for file changes with StatReloader
INFO 2026-03-05 14:02:23,828 autoreload 74991 8584863936 /Users/grizzly/grizzly/edu/python/django/dmoneytracker/apps/subcategories/viewsets.py changed, reloading.
INFO 2026-03-05 14:02:24,047 autoreload 74996 8584863936 Watching for file changes with StatReloader
INFO 2026-03-15 11:39:40,081 autoreload 74996 8584863936 /Users/grizzly/grizzly/edu/python/django/dmoneytracker/apps/endusers/views.py changed, reloading.
INFO 2026-03-15 11:39:41,076 autoreload 93983 8584863936 Watching for file changes with StatReloader
INFO 2026-03-15 13:58:34,304 autoreload 93983 8584863936 /Users/grizzly/grizzly/edu/python/django/dmoneytracker/apps/endusers/models.py changed, reloading.
INFO 2026-03-15 13:58:34,739 autoreload 5378 8584863936 Watching for file changes with StatReloader
INFO 2026-03-15 13:58:36,925 autoreload 5378 8584863936 /Users/grizzly/grizzly/edu/python/django/dmoneytracker/apps/endusers/models.py changed, reloading.
INFO 2026-03-15 13:58:37,168 autoreload 5393 8584863936 Watching for file changes with StatReloader
INFO 2026-03-15 13:58:41,334 autoreload 5393 8584863936 /Users/grizzly/grizzly/edu/python/django/dmoneytracker/apps/endusers/models.py changed, reloading.
INFO 2026-03-15 13:58:41,556 autoreload 5419 8584863936 Watching for file changes with StatReloader
INFO 2026-03-15 13:58:47,800 autoreload 5419 8584863936 /Users/grizzly/grizzly/edu/python/django/dmoneytracker/apps/endusers/models.py changed, reloading.
INFO 2026-03-15 13:58:48,051 autoreload 5448 8584863936 Watching for file changes with StatReloader
INFO 2026-03-15 13:59:00,315 autoreload 5448 8584863936 /Users/grizzly/grizzly/edu/python/django/dmoneytracker/apps/endusers/models.py changed, reloading.
INFO 2026-03-15 13:59:00,651 autoreload 5489 8584863936 Watching for file changes with StatReloader
INFO 2026-03-16 16:44:23,996 autoreload 65012 8584863936 Watching for file changes with StatReloader
WARNING 2026-03-16 16:44:58,073 log 65012 6159101952 Unauthorized: /api/transactions/transactions/
WARNING 2026-03-16 16:45:10,820 log 65012 6159101952 Unauthorized: /api/transactions/transactions/
INFO 2026-03-16 16:45:57,719 autoreload 65012 8584863936 /Users/grizzly/grizzly/edu/python/django/dmoneytracker/apps/endusers/urls.py changed, reloading.
INFO 2026-03-16 16:45:58,176 autoreload 65263 8584863936 Watching for file changes with StatReloader
INFO 2026-03-16 16:46:06,911 autoreload 65263 8584863936 /Users/grizzly/grizzly/edu/python/django/dmoneytracker/apps/endusers/views.py changed, reloading.
INFO 2026-03-16 16:46:07,290 autoreload 65305 8584863936 Watching for file changes with StatReloader
INFO 2026-03-16 16:49:28,073 autoreload 65305 8584863936 /Users/grizzly/grizzly/edu/python/django/dmoneytracker/apps/endusers/views.py changed, reloading.
INFO 2026-03-16 16:49:28,454 autoreload 65753 8584863936 Watching for file changes with StatReloader
INFO 2026-03-16 16:50:33,362 autoreload 65753 8584863936 /Users/grizzly/grizzly/edu/python/django/dmoneytracker/apps/endusers/urls.py changed, reloading.
INFO 2026-03-16 16:50:33,751 autoreload 65940 8584863936 Watching for file changes with StatReloader
WARNING 2026-03-16 16:51:05,723 log 65940 6124433408 Bad Request: /api/users/login/
WARNING 2026-03-16 16:51:22,719 log 65940 6124433408 Not Found: /api/users/login/
INFO 2026-03-16 16:53:43,850 autoreload 65940 8584863936 /Users/grizzly/grizzly/edu/python/django/dmoneytracker/apps/categories/urls.py changed, reloading.
INFO 2026-03-16 16:53:44,268 autoreload 66400 8584863936 Watching for file changes with StatReloader
INFO 2026-03-16 16:54:13,285 autoreload 66400 8584863936 /Users/grizzly/grizzly/edu/python/django/dmoneytracker/apps/categories/urls.py changed, reloading.
INFO 2026-03-16 16:54:13,636 autoreload 66509 8584863936 Watching for file changes with StatReloader
INFO 2026-03-16 16:54:22,087 autoreload 66509 8584863936 /Users/grizzly/grizzly/edu/python/django/dmoneytracker/apps/categories/urls.py changed, reloading.
INFO 2026-03-16 16:54:22,511 autoreload 66542 8584863936 Watching for file changes with StatReloader
INFO 2026-03-16 16:54:28,885 autoreload 66542 8584863936 /Users/grizzly/grizzly/edu/python/django/dmoneytracker/apps/categories/urls.py changed, reloading.
INFO 2026-03-16 16:54:29,253 autoreload 66578 8584863936 Watching for file changes with StatReloader
INFO 2026-03-16 16:54:31,512 autoreload 66578 8584863936 /Users/grizzly/grizzly/edu/python/django/dmoneytracker/apps/categories/urls.py changed, reloading.
INFO 2026-03-16 16:54:31,762 autoreload 66594 8584863936 Watching for file changes with StatReloader
INFO 2026-03-16 16:54:32,964 autoreload 66594 8584863936 /Users/grizzly/grizzly/edu/python/django/dmoneytracker/apps/categories/urls.py changed, reloading.
INFO 2026-03-16 16:54:33,215 autoreload 66599 8584863936 Watching for file changes with StatReloader
INFO 2026-03-16 16:54:36,430 autoreload 66599 8584863936 /Users/grizzly/grizzly/edu/python/django/dmoneytracker/apps/categories/urls.py changed, reloading.
INFO 2026-03-16 16:54:36,673 autoreload 66618 8584863936 Watching for file changes with StatReloader
INFO 2026-03-16 16:54:45,032 autoreload 66618 8584863936 /Users/grizzly/grizzly/edu/python/django/dmoneytracker/apps/categories/urls.py changed, reloading.
INFO 2026-03-16 16:54:45,306 autoreload 66653 8584863936 Watching for file changes with StatReloader
INFO 2026-03-16 16:54:46,498 autoreload 66653 8584863936 /Users/grizzly/grizzly/edu/python/django/dmoneytracker/apps/categories/urls.py changed, reloading.
INFO 2026-03-16 16:54:46,717 autoreload 66664 8584863936 Watching for file changes with StatReloader
INFO 2026-03-16 16:54:49,953 autoreload 66664 8584863936 /Users/grizzly/grizzly/edu/python/django/dmoneytracker/apps/categories/urls.py changed, reloading.
INFO 2026-03-16 16:54:50,188 autoreload 66679 8584863936 Watching for file changes with StatReloader
INFO 2026-03-16 16:55:00,710 autoreload 66679 8584863936 /Users/grizzly/grizzly/edu/python/django/dmoneytracker/apps/categories/urls.py changed, reloading.
INFO 2026-03-16 16:55:01,115 autoreload 66723 8584863936 Watching for file changes with StatReloader
INFO 2026-03-16 16:55:02,380 autoreload 66723 8584863936 /Users/grizzly/grizzly/edu/python/django/dmoneytracker/apps/categories/urls.py changed, reloading.
INFO 2026-03-16 16:55:02,624 autoreload 66738 8584863936 Watching for file changes with StatReloader
INFO 2026-03-16 16:55:05,840 autoreload 66738 8584863936 /Users/grizzly/grizzly/edu/python/django/dmoneytracker/apps/categories/urls.py changed, reloading.
INFO 2026-03-16 16:55:06,065 autoreload 66752 8584863936 Watching for file changes with StatReloader
INFO 2026-03-16 16:55:27,728 autoreload 66752 8584863936 /Users/grizzly/grizzly/edu/python/django/dmoneytracker/apps/categories/urls.py changed, reloading.
INFO 2026-03-16 16:55:28,141 autoreload 66829 8584863936 Watching for file changes with StatReloader
INFO 2026-03-16 16:56:14,508 autoreload 66829 8584863936 /Users/grizzly/grizzly/edu/python/django/dmoneytracker/apps/categories/urls.py changed, reloading.
INFO 2026-03-16 16:56:14,924 autoreload 66967 8584863936 Watching for file changes with StatReloader
INFO 2026-03-16 16:56:16,336 autoreload 66967 8584863936 /Users/grizzly/grizzly/edu/python/django/dmoneytracker/apps/categories/urls.py changed, reloading.
INFO 2026-03-16 16:56:16,575 autoreload 66980 8584863936 Watching for file changes with StatReloader
INFO 2026-03-16 16:56:21,829 autoreload 66980 8584863936 /Users/grizzly/grizzly/edu/python/django/dmoneytracker/apps/categories/urls.py changed, reloading.
INFO 2026-03-16 16:56:22,081 autoreload 67003 8584863936 Watching for file changes with StatReloader
INFO 2026-03-16 16:56:27,382 autoreload 67003 8584863936 /Users/grizzly/grizzly/edu/python/django/dmoneytracker/apps/categories/urls.py changed, reloading.
INFO 2026-03-16 16:56:27,637 autoreload 67040 8584863936 Watching for file changes with StatReloader
INFO 2026-03-16 16:56:32,950 autoreload 67040 8584863936 /Users/grizzly/grizzly/edu/python/django/dmoneytracker/apps/categories/urls.py changed, reloading.
INFO 2026-03-16 16:56:33,226 autoreload 67066 8584863936 Watching for file changes with StatReloader
INFO 2026-03-16 16:56:50,911 autoreload 67066 8584863936 /Users/grizzly/grizzly/edu/python/django/dmoneytracker/apps/categories/urls.py changed, reloading.
INFO 2026-03-16 16:56:51,335 autoreload 67131 8584863936 Watching for file changes with StatReloader
WARNING 2026-03-19 15:30:01,048 log 67131 6286389248 Not Found: /favicon.ico
WARNING 2026-03-19 15:33:53,948 log 67131 6202257408 Unauthorized: /api/categories/category-transactions/
WARNING 2026-03-20 13:54:11,526 log 67131 6202257408 Forbidden: /api/users/login/
WARNING 2026-03-20 14:03:30,052 log 67131 6202257408 Forbidden: /api/users/login/
WARNING 2026-03-20 14:03:35,700 log 67131 6202257408 Forbidden: /api/users/login/
INFO 2026-03-20 15:15:12,126 autoreload 67131 8584863936 /Users/grizzly/grizzly/edu/python/django/dmoneytracker/apps/endusers/views.py changed, reloading.
INFO 2026-03-20 15:15:12,755 autoreload 55455 8584863936 Watching for file changes with StatReloader
INFO 2026-03-20 15:17:48,431 autoreload 55455 8584863936 /Users/grizzly/grizzly/edu/python/django/dmoneytracker/apps/endusers/views.py changed, reloading.
INFO 2026-03-20 15:17:48,911 autoreload 55822 8584863936 Watching for file changes with StatReloader
INFO 2026-03-20 16:32:26,058 autoreload 55822 8584863936 /Users/grizzly/grizzly/edu/python/django/dmoneytracker/dmoneytracker/settings/base.py changed, reloading.
INFO 2026-03-20 16:32:26,602 autoreload 59223 8584863936 Watching for file changes with StatReloader
INFO 2026-03-20 16:33:10,741 autoreload 59445 8584863936 Watching for file changes with StatReloader
INFO 2026-03-20 16:35:25,495 autoreload 59445 8584863936 /Users/grizzly/grizzly/edu/python/django/dmoneytracker/dmoneytracker/settings/base.py changed, reloading.
INFO 2026-03-20 16:35:25,905 autoreload 59818 8584863936 Watching for file changes with StatReloader
INFO 2026-03-20 16:35:28,308 autoreload 59818 8584863936 /Users/grizzly/grizzly/edu/python/django/dmoneytracker/dmoneytracker/settings/base.py changed, reloading.
INFO 2026-03-20 16:35:28,608 autoreload 59837 8584863936 Watching for file changes with StatReloader
INFO 2026-03-20 16:35:32,032 autoreload 59837 8584863936 /Users/grizzly/grizzly/edu/python/django/dmoneytracker/dmoneytracker/settings/base.py changed, reloading.
INFO 2026-03-20 16:35:32,323 autoreload 59858 8584863936 Watching for file changes with StatReloader
ERROR 2026-03-20 16:35:42,029 log 59858 6170734592 Internal Server Error: /api/users/login
Traceback (most recent call last):
  File "/Users/grizzly/.pyenv/versions/mt/lib/python3.12/site-packages/django/core/handlers/exception.py", line 55, in inner
    response = get_response(request)
               ^^^^^^^^^^^^^^^^^^^^^
  File "/Users/grizzly/.pyenv/versions/mt/lib/python3.12/site-packages/django/utils/deprecation.py", line 311, in __call__
    response = self.process_response(request, response)
               ^^^^^^^^^^^^^^^^^^^^^^^^^^^^^^^^^^^^^^^^
  File "/Users/grizzly/.pyenv/versions/mt/lib/python3.12/site-packages/django/middleware/common.py", line 109, in process_response
    self.get_full_path_with_slash(request)
  File "/Users/grizzly/.pyenv/versions/mt/lib/python3.12/site-packages/django/middleware/common.py", line 87, in get_full_path_with_slash
    raise RuntimeError(
RuntimeError: You called this URL via POST, but the URL doesn't end in a slash and you have APPEND_SLASH set. Django can't redirect to the slash URL while maintaining POST data. Change your form to point to localhost:8000/api/users/login/ (note the trailing slash), or set APPEND_SLASH=False in your Django settings.
INFO 2026-03-22 14:51:08,140 autoreload 59858 8584863936 /Users/grizzly/grizzly/edu/python/django/dmoneytracker/apps/endusers/jwt_utils.py changed, reloading.
INFO 2026-03-22 14:51:09,006 autoreload 78748 8584863936 Watching for file changes with StatReloader
INFO 2026-03-22 14:52:37,594 autoreload 78748 8584863936 /Users/grizzly/grizzly/edu/python/django/dmoneytracker/apps/endusers/jwt_utils.py changed, reloading.
INFO 2026-03-22 14:52:38,060 autoreload 78967 8584863936 Watching for file changes with StatReloader
INFO 2026-03-22 14:54:48,614 autoreload 78967 8584863936 /Users/grizzly/grizzly/edu/python/django/dmoneytracker/dmoneytracker/settings/base.py changed, reloading.
INFO 2026-03-22 14:54:49,009 autoreload 79290 8584863936 Watching for file changes with StatReloader
INFO 2026-03-22 14:55:48,809 autoreload 79290 8584863936 /Users/grizzly/grizzly/edu/python/django/dmoneytracker/apps/endusers/views.py changed, reloading.
INFO 2026-03-22 14:55:49,540 autoreload 79442 8584863936 Watching for file changes with StatReloader
INFO 2026-03-22 14:57:03,804 autoreload 79442 8584863936 /Users/grizzly/grizzly/edu/python/django/dmoneytracker/apps/endusers/views.py changed, reloading.
INFO 2026-03-22 14:57:04,255 autoreload 79645 8584863936 Watching for file changes with StatReloader
INFO 2026-03-22 14:57:42,322 autoreload 79645 8584863936 /Users/grizzly/grizzly/edu/python/django/dmoneytracker/apps/endusers/views.py changed, reloading.
INFO 2026-03-22 14:57:42,776 autoreload 79748 8584863936 Watching for file changes with StatReloader
INFO 2026-03-22 14:57:50,367 autoreload 79748 8584863936 /Users/grizzly/grizzly/edu/python/django/dmoneytracker/apps/endusers/views.py changed, reloading.
INFO 2026-03-22 14:57:50,792 autoreload 79789 8584863936 Watching for file changes with StatReloader
INFO 2026-03-22 14:58:39,607 autoreload 79789 8584863936 /Users/grizzly/grizzly/edu/python/django/dmoneytracker/apps/endusers/views.py changed, reloading.
INFO 2026-03-22 14:58:40,011 autoreload 79913 8584863936 Watching for file changes with StatReloader
INFO 2026-03-22 16:20:09,344 autoreload 79913 8584863936 /Users/grizzly/grizzly/edu/python/django/dmoneytracker/apps/endusers/urls.py changed, reloading.
INFO 2026-03-22 16:20:09,926 autoreload 88291 8584863936 Watching for file changes with StatReloader
INFO 2026-03-22 16:20:15,577 autoreload 88291 8584863936 /Users/grizzly/grizzly/edu/python/django/dmoneytracker/apps/endusers/urls.py changed, reloading.
INFO 2026-03-22 16:20:16,127 autoreload 88339 8584863936 Watching for file changes with StatReloader
WARNING 2026-03-22 16:31:04,931 log 88339 6165245952 Unauthorized: /api/users/login/
WARNING 2026-03-22 16:32:13,209 log 88339 6165245952 Unauthorized: /api/users/login/
WARNING 2026-03-22 16:32:13,814 log 88339 6165245952 Not Found: /refresh-token
INFO 2026-03-22 16:53:45,371 autoreload 88339 8584863936 /Users/grizzly/grizzly/edu/python/django/dmoneytracker/apps/categories/viewsets.py changed, reloading.
INFO 2026-03-22 16:53:45,993 autoreload 92815 8584863936 Watching for file changes with StatReloader
INFO 2026-03-22 16:54:26,465 autoreload 92815 8584863936 /Users/grizzly/grizzly/edu/python/django/dmoneytracker/apps/categories/viewsets.py changed, reloading.
INFO 2026-03-22 16:54:26,925 autoreload 92926 8584863936 Watching for file changes with StatReloader
INFO 2026-03-22 17:08:23,557 autoreload 92926 8584863936 /Users/grizzly/grizzly/edu/python/django/dmoneytracker/apps/endusers/views.py changed, reloading.
INFO 2026-03-22 17:08:24,149 autoreload 94870 8584863936 Watching for file changes with StatReloader
INFO 2026-03-22 17:11:36,284 autoreload 94870 8584863936 /Users/grizzly/grizzly/edu/python/django/dmoneytracker/apps/endusers/signals.py changed, reloading.
INFO 2026-03-22 17:11:36,822 autoreload 95376 8584863936 Watching for file changes with StatReloader
INFO 2026-03-22 17:11:38,281 autoreload 95376 8584863936 /Users/grizzly/grizzly/edu/python/django/dmoneytracker/apps/endusers/signals.py changed, reloading.
INFO 2026-03-22 17:11:38,521 autoreload 95386 8584863936 Watching for file changes with StatReloader
INFO 2026-03-22 17:14:49,537 autoreload 95386 8584863936 /Users/grizzly/grizzly/edu/python/django/dmoneytracker/apps/endusers/views.py changed, reloading.
INFO 2026-03-22 17:14:50,041 autoreload 95843 8584863936 Watching for file changes with StatReloader
INFO 2026-03-22 17:15:42,764 autoreload 95843 8584863936 /Users/grizzly/grizzly/edu/python/django/dmoneytracker/apps/endusers/views.py changed, reloading.
INFO 2026-03-22 17:15:43,237 autoreload 95993 8584863936 Watching for file changes with StatReloader
INFO 2026-03-22 17:16:14,545 autoreload 95993 8584863936 /Users/grizzly/grizzly/edu/python/django/dmoneytracker/apps/endusers/views.py changed, reloading.
INFO 2026-03-22 17:16:15,030 autoreload 96092 8584863936 Watching for file changes with StatReloader
INFO 2026-03-22 17:16:46,185 autoreload 96092 8584863936 /Users/grizzly/grizzly/edu/python/django/dmoneytracker/apps/endusers/views.py changed, reloading.
INFO 2026-03-22 17:16:46,715 autoreload 96184 8584863936 Watching for file changes with StatReloader
WARNING 2026-03-23 10:39:18,916 log 96184 6126645248 Unauthorized: /api/users/login/
WARNING 2026-03-23 10:39:19,503 log 96184 6126645248 Not Found: /refresh-token
WARNING 2026-03-23 10:40:07,271 log 96184 6126645248 Unauthorized: /api/users/login/
ERROR 2026-03-23 10:40:07,892 log 96184 6126645248 Internal Server Error: /api/users/refresh-token
Traceback (most recent call last):
  File "/Users/grizzly/.pyenv/versions/mt/lib/python3.12/site-packages/django/core/handlers/exception.py", line 55, in inner
    response = get_response(request)
               ^^^^^^^^^^^^^^^^^^^^^
  File "/Users/grizzly/.pyenv/versions/mt/lib/python3.12/site-packages/django/utils/deprecation.py", line 311, in __call__
    response = self.process_response(request, response)
               ^^^^^^^^^^^^^^^^^^^^^^^^^^^^^^^^^^^^^^^^
  File "/Users/grizzly/.pyenv/versions/mt/lib/python3.12/site-packages/django/middleware/common.py", line 109, in process_response
    self.get_full_path_with_slash(request)
  File "/Users/grizzly/.pyenv/versions/mt/lib/python3.12/site-packages/django/middleware/common.py", line 87, in get_full_path_with_slash
    raise RuntimeError(
RuntimeError: You called this URL via POST, but the URL doesn't end in a slash and you have APPEND_SLASH set. Django can't redirect to the slash URL while maintaining POST data. Change your form to point to localhost:8000/api/users/refresh-token/ (note the trailing slash), or set APPEND_SLASH=False in your Django settings.
WARNING 2026-03-23 10:40:22,984 log 96184 6126645248 Unauthorized: /api/users/login/
WARNING 2026-03-23 10:40:24,176 log 96184 6126645248 Unauthorized: /api/users/login/
WARNING 2026-03-23 10:41:28,920 log 96184 6126645248 Unauthorized: /api/users/login/
ERROR 2026-03-23 10:41:29,568 log 96184 6126645248 Internal Server Error: /api/users/refresh-token
Traceback (most recent call last):
  File "/Users/grizzly/.pyenv/versions/mt/lib/python3.12/site-packages/django/core/handlers/exception.py", line 55, in inner
    response = get_response(request)
               ^^^^^^^^^^^^^^^^^^^^^
  File "/Users/grizzly/.pyenv/versions/mt/lib/python3.12/site-packages/django/utils/deprecation.py", line 311, in __call__
    response = self.process_response(request, response)
               ^^^^^^^^^^^^^^^^^^^^^^^^^^^^^^^^^^^^^^^^
  File "/Users/grizzly/.pyenv/versions/mt/lib/python3.12/site-packages/django/middleware/common.py", line 109, in process_response
    self.get_full_path_with_slash(request)
  File "/Users/grizzly/.pyenv/versions/mt/lib/python3.12/site-packages/django/middleware/common.py", line 87, in get_full_path_with_slash
    raise RuntimeError(
RuntimeError: You called this URL via POST, but the URL doesn't end in a slash and you have APPEND_SLASH set. Django can't redirect to the slash URL while maintaining POST data. Change your form to point to localhost:8000/api/users/refresh-token/ (note the trailing slash), or set APPEND_SLASH=False in your Django settings.
WARNING 2026-03-23 10:41:40,893 log 96184 6126645248 Unauthorized: /api/users/login/
ERROR 2026-03-23 10:41:41,505 log 96184 6126645248 Internal Server Error: /api/users/refresh-token
Traceback (most recent call last):
  File "/Users/grizzly/.pyenv/versions/mt/lib/python3.12/site-packages/django/core/handlers/exception.py", line 55, in inner
    response = get_response(request)
               ^^^^^^^^^^^^^^^^^^^^^
  File "/Users/grizzly/.pyenv/versions/mt/lib/python3.12/site-packages/django/utils/deprecation.py", line 311, in __call__
    response = self.process_response(request, response)
               ^^^^^^^^^^^^^^^^^^^^^^^^^^^^^^^^^^^^^^^^
  File "/Users/grizzly/.pyenv/versions/mt/lib/python3.12/site-packages/django/middleware/common.py", line 109, in process_response
    self.get_full_path_with_slash(request)
  File "/Users/grizzly/.pyenv/versions/mt/lib/python3.12/site-packages/django/middleware/common.py", line 87, in get_full_path_with_slash
    raise RuntimeError(
RuntimeError: You called this URL via POST, but the URL doesn't end in a slash and you have APPEND_SLASH set. Django can't redirect to the slash URL while maintaining POST data. Change your form to point to localhost:8000/api/users/refresh-token/ (note the trailing slash), or set APPEND_SLASH=False in your Django settings.
WARNING 2026-03-23 10:42:31,713 log 96184 6126645248 Unauthorized: /api/users/login/
ERROR 2026-03-23 10:42:32,328 log 96184 6126645248 Internal Server Error: /api/users/refresh-token
Traceback (most recent call last):
  File "/Users/grizzly/.pyenv/versions/mt/lib/python3.12/site-packages/django/core/handlers/exception.py", line 55, in inner
    response = get_response(request)
               ^^^^^^^^^^^^^^^^^^^^^
  File "/Users/grizzly/.pyenv/versions/mt/lib/python3.12/site-packages/django/utils/deprecation.py", line 311, in __call__
    response = self.process_response(request, response)
               ^^^^^^^^^^^^^^^^^^^^^^^^^^^^^^^^^^^^^^^^
  File "/Users/grizzly/.pyenv/versions/mt/lib/python3.12/site-packages/django/middleware/common.py", line 109, in process_response
    self.get_full_path_with_slash(request)
  File "/Users/grizzly/.pyenv/versions/mt/lib/python3.12/site-packages/django/middleware/common.py", line 87, in get_full_path_with_slash
    raise RuntimeError(
RuntimeError: You called this URL via POST, but the URL doesn't end in a slash and you have APPEND_SLASH set. Django can't redirect to the slash URL while maintaining POST data. Change your form to point to localhost:8000/api/users/refresh-token/ (note the trailing slash), or set APPEND_SLASH=False in your Django settings.
WARNING 2026-03-23 10:43:05,534 log 96184 6126645248 Unauthorized: /api/users/login/
ERROR 2026-03-23 10:43:06,157 log 96184 6126645248 Internal Server Error: /api/users/refresh-token
Traceback (most recent call last):
  File "/Users/grizzly/.pyenv/versions/mt/lib/python3.12/site-packages/django/core/handlers/exception.py", line 55, in inner
    response = get_response(request)
               ^^^^^^^^^^^^^^^^^^^^^
  File "/Users/grizzly/.pyenv/versions/mt/lib/python3.12/site-packages/django/utils/deprecation.py", line 311, in __call__
    response = self.process_response(request, response)
               ^^^^^^^^^^^^^^^^^^^^^^^^^^^^^^^^^^^^^^^^
  File "/Users/grizzly/.pyenv/versions/mt/lib/python3.12/site-packages/django/middleware/common.py", line 109, in process_response
    self.get_full_path_with_slash(request)
  File "/Users/grizzly/.pyenv/versions/mt/lib/python3.12/site-packages/django/middleware/common.py", line 87, in get_full_path_with_slash
    raise RuntimeError(
RuntimeError: You called this URL via POST, but the URL doesn't end in a slash and you have APPEND_SLASH set. Django can't redirect to the slash URL while maintaining POST data. Change your form to point to localhost:8000/api/users/refresh-token/ (note the trailing slash), or set APPEND_SLASH=False in your Django settings.
WARNING 2026-03-23 10:43:15,600 log 96184 6126645248 Unauthorized: /api/users/login/
ERROR 2026-03-23 10:43:16,226 log 96184 6126645248 Internal Server Error: /api/users/refresh-token
Traceback (most recent call last):
  File "/Users/grizzly/.pyenv/versions/mt/lib/python3.12/site-packages/django/core/handlers/exception.py", line 55, in inner
    response = get_response(request)
               ^^^^^^^^^^^^^^^^^^^^^
  File "/Users/grizzly/.pyenv/versions/mt/lib/python3.12/site-packages/django/utils/deprecation.py", line 311, in __call__
    response = self.process_response(request, response)
               ^^^^^^^^^^^^^^^^^^^^^^^^^^^^^^^^^^^^^^^^
  File "/Users/grizzly/.pyenv/versions/mt/lib/python3.12/site-packages/django/middleware/common.py", line 109, in process_response
    self.get_full_path_with_slash(request)
  File "/Users/grizzly/.pyenv/versions/mt/lib/python3.12/site-packages/django/middleware/common.py", line 87, in get_full_path_with_slash
    raise RuntimeError(
RuntimeError: You called this URL via POST, but the URL doesn't end in a slash and you have APPEND_SLASH set. Django can't redirect to the slash URL while maintaining POST data. Change your form to point to localhost:8000/api/users/refresh-token/ (note the trailing slash), or set APPEND_SLASH=False in your Django settings.
WARNING 2026-03-23 10:43:21,757 log 96184 6126645248 Unauthorized: /api/users/login/
WARNING 2026-03-23 10:48:58,324 log 96184 6126645248 Unauthorized: /api/users/login/
ERROR 2026-03-23 10:48:58,930 log 96184 6126645248 Internal Server Error: /api/users/refresh-token
Traceback (most recent call last):
  File "/Users/grizzly/.pyenv/versions/mt/lib/python3.12/site-packages/django/core/handlers/exception.py", line 55, in inner
    response = get_response(request)
               ^^^^^^^^^^^^^^^^^^^^^
  File "/Users/grizzly/.pyenv/versions/mt/lib/python3.12/site-packages/django/utils/deprecation.py", line 311, in __call__
    response = self.process_response(request, response)
               ^^^^^^^^^^^^^^^^^^^^^^^^^^^^^^^^^^^^^^^^
  File "/Users/grizzly/.pyenv/versions/mt/lib/python3.12/site-packages/django/middleware/common.py", line 109, in process_response
    self.get_full_path_with_slash(request)
  File "/Users/grizzly/.pyenv/versions/mt/lib/python3.12/site-packages/django/middleware/common.py", line 87, in get_full_path_with_slash
    raise RuntimeError(
RuntimeError: You called this URL via POST, but the URL doesn't end in a slash and you have APPEND_SLASH set. Django can't redirect to the slash URL while maintaining POST data. Change your form to point to localhost:8000/api/users/refresh-token/ (note the trailing slash), or set APPEND_SLASH=False in your Django settings.
WARNING 2026-03-23 10:49:24,309 log 96184 6126645248 Unauthorized: /api/users/login/
WARNING 2026-03-23 10:51:03,420 log 96184 6126645248 Unauthorized: /api/users/login/
ERROR 2026-03-23 10:51:04,072 log 96184 6126645248 Internal Server Error: /api/users/refresh-token
Traceback (most recent call last):
  File "/Users/grizzly/.pyenv/versions/mt/lib/python3.12/site-packages/django/core/handlers/exception.py", line 55, in inner
    response = get_response(request)
               ^^^^^^^^^^^^^^^^^^^^^
  File "/Users/grizzly/.pyenv/versions/mt/lib/python3.12/site-packages/django/utils/deprecation.py", line 311, in __call__
    response = self.process_response(request, response)
               ^^^^^^^^^^^^^^^^^^^^^^^^^^^^^^^^^^^^^^^^
  File "/Users/grizzly/.pyenv/versions/mt/lib/python3.12/site-packages/django/middleware/common.py", line 109, in process_response
    self.get_full_path_with_slash(request)
  File "/Users/grizzly/.pyenv/versions/mt/lib/python3.12/site-packages/django/middleware/common.py", line 87, in get_full_path_with_slash
    raise RuntimeError(
RuntimeError: You called this URL via POST, but the URL doesn't end in a slash and you have APPEND_SLASH set. Django can't redirect to the slash URL while maintaining POST data. Change your form to point to localhost:8000/api/users/refresh-token/ (note the trailing slash), or set APPEND_SLASH=False in your Django settings.
WARNING 2026-03-23 10:51:14,017 log 96184 6126645248 Unauthorized: /api/users/login/
ERROR 2026-03-23 10:51:14,621 log 96184 6126645248 Internal Server Error: /api/users/refresh-token
Traceback (most recent call last):
  File "/Users/grizzly/.pyenv/versions/mt/lib/python3.12/site-packages/django/core/handlers/exception.py", line 55, in inner
    response = get_response(request)
               ^^^^^^^^^^^^^^^^^^^^^
  File "/Users/grizzly/.pyenv/versions/mt/lib/python3.12/site-packages/django/utils/deprecation.py", line 311, in __call__
    response = self.process_response(request, response)
               ^^^^^^^^^^^^^^^^^^^^^^^^^^^^^^^^^^^^^^^^
  File "/Users/grizzly/.pyenv/versions/mt/lib/python3.12/site-packages/django/middleware/common.py", line 109, in process_response
    self.get_full_path_with_slash(request)
  File "/Users/grizzly/.pyenv/versions/mt/lib/python3.12/site-packages/django/middleware/common.py", line 87, in get_full_path_with_slash
    raise RuntimeError(
RuntimeError: You called this URL via POST, but the URL doesn't end in a slash and you have APPEND_SLASH set. Django can't redirect to the slash URL while maintaining POST data. Change your form to point to localhost:8000/api/users/refresh-token/ (note the trailing slash), or set APPEND_SLASH=False in your Django settings.
WARNING 2026-03-23 10:51:46,608 log 96184 6126645248 Unauthorized: /api/users/login/
ERROR 2026-03-23 10:51:47,221 log 96184 6126645248 Internal Server Error: /api/users/refresh-token
Traceback (most recent call last):
  File "/Users/grizzly/.pyenv/versions/mt/lib/python3.12/site-packages/django/core/handlers/exception.py", line 55, in inner
    response = get_response(request)
               ^^^^^^^^^^^^^^^^^^^^^
  File "/Users/grizzly/.pyenv/versions/mt/lib/python3.12/site-packages/django/utils/deprecation.py", line 311, in __call__
    response = self.process_response(request, response)
               ^^^^^^^^^^^^^^^^^^^^^^^^^^^^^^^^^^^^^^^^
  File "/Users/grizzly/.pyenv/versions/mt/lib/python3.12/site-packages/django/middleware/common.py", line 109, in process_response
    self.get_full_path_with_slash(request)
  File "/Users/grizzly/.pyenv/versions/mt/lib/python3.12/site-packages/django/middleware/common.py", line 87, in get_full_path_with_slash
    raise RuntimeError(
RuntimeError: You called this URL via POST, but the URL doesn't end in a slash and you have APPEND_SLASH set. Django can't redirect to the slash URL while maintaining POST data. Change your form to point to localhost:8000/api/users/refresh-token/ (note the trailing slash), or set APPEND_SLASH=False in your Django settings.
WARNING 2026-03-23 10:51:54,001 log 96184 6126645248 Unauthorized: /api/users/login/
ERROR 2026-03-23 10:51:54,596 log 96184 6126645248 Internal Server Error: /api/users/refresh-token
Traceback (most recent call last):
  File "/Users/grizzly/.pyenv/versions/mt/lib/python3.12/site-packages/django/core/handlers/exception.py", line 55, in inner
    response = get_response(request)
               ^^^^^^^^^^^^^^^^^^^^^
  File "/Users/grizzly/.pyenv/versions/mt/lib/python3.12/site-packages/django/utils/deprecation.py", line 311, in __call__
    response = self.process_response(request, response)
               ^^^^^^^^^^^^^^^^^^^^^^^^^^^^^^^^^^^^^^^^
  File "/Users/grizzly/.pyenv/versions/mt/lib/python3.12/site-packages/django/middleware/common.py", line 109, in process_response
    self.get_full_path_with_slash(request)
  File "/Users/grizzly/.pyenv/versions/mt/lib/python3.12/site-packages/django/middleware/common.py", line 87, in get_full_path_with_slash
    raise RuntimeError(
RuntimeError: You called this URL via POST, but the URL doesn't end in a slash and you have APPEND_SLASH set. Django can't redirect to the slash URL while maintaining POST data. Change your form to point to localhost:8000/api/users/refresh-token/ (note the trailing slash), or set APPEND_SLASH=False in your Django settings.
WARNING 2026-03-23 10:52:15,978 log 96184 6126645248 Unauthorized: /api/users/login/
ERROR 2026-03-23 10:52:16,574 log 96184 6126645248 Internal Server Error: /api/users/refresh-token
Traceback (most recent call last):
  File "/Users/grizzly/.pyenv/versions/mt/lib/python3.12/site-packages/django/core/handlers/exception.py", line 55, in inner
    response = get_response(request)
               ^^^^^^^^^^^^^^^^^^^^^
  File "/Users/grizzly/.pyenv/versions/mt/lib/python3.12/site-packages/django/utils/deprecation.py", line 311, in __call__
    response = self.process_response(request, response)
               ^^^^^^^^^^^^^^^^^^^^^^^^^^^^^^^^^^^^^^^^
  File "/Users/grizzly/.pyenv/versions/mt/lib/python3.12/site-packages/django/middleware/common.py", line 109, in process_response
    self.get_full_path_with_slash(request)
  File "/Users/grizzly/.pyenv/versions/mt/lib/python3.12/site-packages/django/middleware/common.py", line 87, in get_full_path_with_slash
    raise RuntimeError(
RuntimeError: You called this URL via POST, but the URL doesn't end in a slash and you have APPEND_SLASH set. Django can't redirect to the slash URL while maintaining POST data. Change your form to point to localhost:8000/api/users/refresh-token/ (note the trailing slash), or set APPEND_SLASH=False in your Django settings.
WARNING 2026-03-23 10:52:23,599 log 96184 6126645248 Unauthorized: /api/users/login/
ERROR 2026-03-23 10:52:24,250 log 96184 6126645248 Internal Server Error: /api/users/refresh-token
Traceback (most recent call last):
  File "/Users/grizzly/.pyenv/versions/mt/lib/python3.12/site-packages/django/core/handlers/exception.py", line 55, in inner
    response = get_response(request)
               ^^^^^^^^^^^^^^^^^^^^^
  File "/Users/grizzly/.pyenv/versions/mt/lib/python3.12/site-packages/django/utils/deprecation.py", line 311, in __call__
    response = self.process_response(request, response)
               ^^^^^^^^^^^^^^^^^^^^^^^^^^^^^^^^^^^^^^^^
  File "/Users/grizzly/.pyenv/versions/mt/lib/python3.12/site-packages/django/middleware/common.py", line 109, in process_response
    self.get_full_path_with_slash(request)
  File "/Users/grizzly/.pyenv/versions/mt/lib/python3.12/site-packages/django/middleware/common.py", line 87, in get_full_path_with_slash
    raise RuntimeError(
RuntimeError: You called this URL via POST, but the URL doesn't end in a slash and you have APPEND_SLASH set. Django can't redirect to the slash URL while maintaining POST data. Change your form to point to localhost:8000/api/users/refresh-token/ (note the trailing slash), or set APPEND_SLASH=False in your Django settings.
WARNING 2026-03-23 10:52:33,801 log 96184 6126645248 Unauthorized: /api/users/login/
WARNING 2026-03-23 10:52:34,396 log 96184 6126645248 Not Found: /api/users/refresh-token/"}
WARNING 2026-03-23 10:53:06,303 log 96184 6126645248 Unauthorized: /api/users/login/
ERROR 2026-03-23 10:53:06,952 log 96184 6126645248 Internal Server Error: /api/users/refresh-token
Traceback (most recent call last):
  File "/Users/grizzly/.pyenv/versions/mt/lib/python3.12/site-packages/django/core/handlers/exception.py", line 55, in inner
    response = get_response(request)
               ^^^^^^^^^^^^^^^^^^^^^
  File "/Users/grizzly/.pyenv/versions/mt/lib/python3.12/site-packages/django/utils/deprecation.py", line 311, in __call__
    response = self.process_response(request, response)
               ^^^^^^^^^^^^^^^^^^^^^^^^^^^^^^^^^^^^^^^^
  File "/Users/grizzly/.pyenv/versions/mt/lib/python3.12/site-packages/django/middleware/common.py", line 109, in process_response
    self.get_full_path_with_slash(request)
  File "/Users/grizzly/.pyenv/versions/mt/lib/python3.12/site-packages/django/middleware/common.py", line 87, in get_full_path_with_slash
    raise RuntimeError(
RuntimeError: You called this URL via POST, but the URL doesn't end in a slash and you have APPEND_SLASH set. Django can't redirect to the slash URL while maintaining POST data. Change your form to point to localhost:8000/api/users/refresh-token/ (note the trailing slash), or set APPEND_SLASH=False in your Django settings.
WARNING 2026-03-23 10:56:05,912 log 96184 6126645248 Unauthorized: /api/users/login/
ERROR 2026-03-23 10:56:06,524 log 96184 6126645248 Internal Server Error: /api/users/refresh-token
Traceback (most recent call last):
  File "/Users/grizzly/.pyenv/versions/mt/lib/python3.12/site-packages/django/core/handlers/exception.py", line 55, in inner
    response = get_response(request)
               ^^^^^^^^^^^^^^^^^^^^^
  File "/Users/grizzly/.pyenv/versions/mt/lib/python3.12/site-packages/django/utils/deprecation.py", line 311, in __call__
    response = self.process_response(request, response)
               ^^^^^^^^^^^^^^^^^^^^^^^^^^^^^^^^^^^^^^^^
  File "/Users/grizzly/.pyenv/versions/mt/lib/python3.12/site-packages/django/middleware/common.py", line 109, in process_response
    self.get_full_path_with_slash(request)
  File "/Users/grizzly/.pyenv/versions/mt/lib/python3.12/site-packages/django/middleware/common.py", line 87, in get_full_path_with_slash
    raise RuntimeError(
RuntimeError: You called this URL via POST, but the URL doesn't end in a slash and you have APPEND_SLASH set. Django can't redirect to the slash URL while maintaining POST data. Change your form to point to localhost:8000/api/users/refresh-token/ (note the trailing slash), or set APPEND_SLASH=False in your Django settings.
WARNING 2026-03-23 10:56:19,172 log 96184 6126645248 Unauthorized: /api/users/login/
ERROR 2026-03-23 10:56:19,763 log 96184 6126645248 Internal Server Error: /api/users/refresh-token
Traceback (most recent call last):
  File "/Users/grizzly/.pyenv/versions/mt/lib/python3.12/site-packages/django/core/handlers/exception.py", line 55, in inner
    response = get_response(request)
               ^^^^^^^^^^^^^^^^^^^^^
  File "/Users/grizzly/.pyenv/versions/mt/lib/python3.12/site-packages/django/utils/deprecation.py", line 311, in __call__
    response = self.process_response(request, response)
               ^^^^^^^^^^^^^^^^^^^^^^^^^^^^^^^^^^^^^^^^
  File "/Users/grizzly/.pyenv/versions/mt/lib/python3.12/site-packages/django/middleware/common.py", line 109, in process_response
    self.get_full_path_with_slash(request)
  File "/Users/grizzly/.pyenv/versions/mt/lib/python3.12/site-packages/django/middleware/common.py", line 87, in get_full_path_with_slash
    raise RuntimeError(
RuntimeError: You called this URL via POST, but the URL doesn't end in a slash and you have APPEND_SLASH set. Django can't redirect to the slash URL while maintaining POST data. Change your form to point to localhost:8000/api/users/refresh-token/ (note the trailing slash), or set APPEND_SLASH=False in your Django settings.
INFO 2026-03-23 10:56:29,826 autoreload 96184 8584863936 /Users/grizzly/grizzly/edu/python/django/dmoneytracker/apps/endusers/urls.py changed, reloading.
INFO 2026-03-23 10:56:30,294 autoreload 1355 8584863936 Watching for file changes with StatReloader
WARNING 2026-03-23 10:56:31,065 log 1355 6168915968 Unauthorized: /api/users/login/
WARNING 2026-03-23 11:05:39,023 log 1355 6168342528 Unauthorized: /api/categories/category-transactions/
WARNING 2026-03-23 11:16:14,823 log 1355 6168342528 Unauthorized: /api/users/login/
WARNING 2026-03-29 06:26:45,469 log 1355 6168342528 Unauthorized: /api/users/login/
INFO 2026-03-29 07:18:37,647 autoreload 1355 8584863936 /Users/grizzly/grizzly/edu/python/django/dmoneytracker/apps/transactions/serializers.py changed, reloading.
INFO 2026-03-29 07:18:38,825 autoreload 53722 8584863936 Watching for file changes with StatReloader
INFO 2026-03-29 07:19:16,691 autoreload 53722 8584863936 /Users/grizzly/grizzly/edu/python/django/dmoneytracker/apps/transactions/serializers.py changed, reloading.
INFO 2026-03-29 07:19:17,150 autoreload 53836 8584863936 Watching for file changes with StatReloader
INFO 2026-03-29 07:19:29,887 autoreload 53836 8584863936 /Users/grizzly/grizzly/edu/python/django/dmoneytracker/apps/transactions/serializers.py changed, reloading.
INFO 2026-03-29 07:19:30,263 autoreload 53898 8584863936 Watching for file changes with StatReloader
INFO 2026-03-29 08:12:09,794 autoreload 53898 8584863936 /Users/grizzly/grizzly/edu/python/django/dmoneytracker/apps/subcategories/models.py changed, reloading.
INFO 2026-03-29 08:12:10,305 autoreload 55967 8584863936 Watching for file changes with StatReloader
INFO 2026-03-29 08:13:55,352 autoreload 55967 8584863936 /Users/grizzly/grizzly/edu/python/django/dmoneytracker/apps/transactions/serializers.py changed, reloading.
INFO 2026-03-29 08:13:55,858 autoreload 56431 8584863936 Watching for file changes with StatReloader
INFO 2026-03-29 08:14:31,228 autoreload 56431 8584863936 /Users/grizzly/grizzly/edu/python/django/dmoneytracker/apps/transactions/serializers.py changed, reloading.
INFO 2026-03-29 08:14:31,710 autoreload 56533 8584863936 Watching for file changes with StatReloader
INFO 2026-03-29 08:16:18,635 autoreload 56533 8584863936 /Users/grizzly/grizzly/edu/python/django/dmoneytracker/apps/transactions/serializers.py changed, reloading.
INFO 2026-03-29 08:16:19,121 autoreload 56812 8584863936 Watching for file changes with StatReloader
WARNING 2026-04-08 06:38:31,291 log 56812 6134018048 Unauthorized: /api/users/login/
WARNING 2026-04-08 15:02:39,403 log 56812 6134018048 Unauthorized: /api/wishlist/
WARNING 2026-04-08 15:04:37,747 log 56812 6134018048 Unauthorized: /api/users/login/
WARNING 2026-04-08 15:04:41,907 log 56812 6134018048 Unauthorized: /api/users/login/
WARNING 2026-04-08 15:04:54,634 log 56812 6134018048 Unauthorized: /api/users/login/
WARNING 2026-04-08 15:05:47,409 log 56812 6134018048 Unauthorized: /api/users/login/
WARNING 2026-04-08 15:06:37,354 log 56812 6134018048 Not Found: /docs
WARNING 2026-04-08 15:06:39,920 log 56812 6218149888 Not Found: /favicon.ico
WARNING 2026-04-08 15:39:51,130 log 56812 6134018048 Bad Request: /api/wishlist/create/
WARNING 2026-04-10 17:06:46,772 log 56812 6132871168 Unauthorized: /api/users/get-user/
INFO 2026-04-10 17:07:34,905 autoreload 56812 8584863936 /Users/grizzly/grizzly/edu/python/django/dmoneytracker/apps/endusers/urls.py changed, reloading.
INFO 2026-04-10 17:07:36,279 autoreload 71893 8584863936 Watching for file changes with StatReloader
INFO 2026-04-10 17:07:49,348 autoreload 71893 8584863936 /Users/grizzly/grizzly/edu/python/django/dmoneytracker/apps/endusers/views.py changed, reloading.
INFO 2026-04-10 17:07:49,878 autoreload 71957 8584863936 Watching for file changes with StatReloader
INFO 2026-04-10 17:07:57,382 autoreload 71957 8584863936 /Users/grizzly/grizzly/edu/python/django/dmoneytracker/apps/endusers/views.py changed, reloading.
INFO 2026-04-10 17:07:57,811 autoreload 71995 8584863936 Watching for file changes with StatReloader
INFO 2026-04-11 04:34:01,478 autoreload 71995 8584863936 /Users/grizzly/grizzly/edu/python/django/dmoneytracker/apps/transactions/models.py changed, reloading.
INFO 2026-04-11 04:34:02,152 autoreload 74978 8584863936 Watching for file changes with StatReloader
INFO 2026-04-11 04:34:03,541 autoreload 74978 8584863936 /Users/grizzly/grizzly/edu/python/django/dmoneytracker/apps/transactions/models.py changed, reloading.
INFO 2026-04-11 04:34:03,797 autoreload 74995 8584863936 Watching for file changes with StatReloader
INFO 2026-04-11 04:34:05,114 autoreload 74995 8584863936 /Users/grizzly/grizzly/edu/python/django/dmoneytracker/apps/transactions/models.py changed, reloading.
INFO 2026-04-11 04:34:05,686 autoreload 75005 8584863936 Watching for file changes with StatReloader
INFO 2026-04-11 04:34:06,995 autoreload 75005 8584863936 /Users/grizzly/grizzly/edu/python/django/dmoneytracker/apps/transactions/models.py changed, reloading.
INFO 2026-04-11 04:34:07,403 autoreload 75012 8584863936 Watching for file changes with StatReloader
INFO 2026-04-11 04:34:08,691 autoreload 75012 8584863936 /Users/grizzly/grizzly/edu/python/django/dmoneytracker/apps/transactions/models.py changed, reloading.
INFO 2026-04-11 04:34:08,934 autoreload 75028 8584863936 Watching for file changes with StatReloader
WARNING 2026-04-11 10:22:31,134 log 75028 6181449728 Not Found: /api/users/login/
WARNING 2026-04-11 11:01:02,888 log 75028 6181449728 Not Found: /api/users/login/
INFO 2026-04-11 11:06:40,198 autoreload 75028 8584863936 /Users/grizzly/grizzly/edu/python/django/dmoneytracker/apps/endusers/views.py changed, reloading.
INFO 2026-04-11 11:06:41,631 autoreload 19483 8584863936 Watching for file changes with StatReloader
INFO 2026-04-11 11:19:27,478 autoreload 19483 8584863936 /Users/grizzly/grizzly/edu/python/django/dmoneytracker/apps/endusers/views.py changed, reloading.
INFO 2026-04-11 11:19:28,273 autoreload 20313 8584863936 Watching for file changes with StatReloader
INFO 2026-04-11 11:23:38,896 autoreload 20313 8584863936 /Users/grizzly/grizzly/edu/python/django/dmoneytracker/apps/endusers/urls.py changed, reloading.
INFO 2026-04-11 11:23:39,431 autoreload 20910 8584863936 Watching for file changes with StatReloader
INFO 2026-04-11 11:23:51,349 autoreload 20910 8584863936 /Users/grizzly/grizzly/edu/python/django/dmoneytracker/apps/endusers/urls.py changed, reloading.
INFO 2026-04-11 11:23:51,915 autoreload 20969 8584863936 Watching for file changes with StatReloader
INFO 2026-04-11 11:24:39,568 autoreload 20969 8584863936 /Users/grizzly/grizzly/edu/python/django/dmoneytracker/apps/endusers/views.py changed, reloading.
INFO 2026-04-11 11:24:39,981 autoreload 21115 8584863936 Watching for file changes with StatReloader
INFO 2026-04-11 11:25:07,879 autoreload 21115 8584863936 /Users/grizzly/grizzly/edu/python/django/dmoneytracker/apps/endusers/views.py changed, reloading.
INFO 2026-04-11 11:25:08,293 autoreload 21193 8584863936 Watching for file changes with StatReloader
INFO 2026-04-11 11:25:13,663 autoreload 21193 8584863936 /Users/grizzly/grizzly/edu/python/django/dmoneytracker/apps/endusers/views.py changed, reloading.
INFO 2026-04-11 11:25:14,174 autoreload 21218 8584863936 Watching for file changes with StatReloader
INFO 2026-04-11 11:25:21,556 autoreload 21218 8584863936 /Users/grizzly/grizzly/edu/python/django/dmoneytracker/apps/endusers/views.py changed, reloading.
INFO 2026-04-11 11:25:21,935 autoreload 21256 8584863936 Watching for file changes with StatReloader
INFO 2026-04-11 11:25:26,247 autoreload 21256 8584863936 /Users/grizzly/grizzly/edu/python/django/dmoneytracker/apps/endusers/views.py changed, reloading.
INFO 2026-04-11 11:25:26,526 autoreload 21276 8584863936 Watching for file changes with StatReloader
INFO 2026-04-11 11:25:34,898 autoreload 21276 8584863936 /Users/grizzly/grizzly/edu/python/django/dmoneytracker/apps/endusers/views.py changed, reloading.
INFO 2026-04-11 11:25:35,172 autoreload 21317 8584863936 Watching for file changes with StatReloader
WARNING 2026-04-11 11:28:13,912 log 21317 6132445184 Not Found: /api/users/login/
ERROR 2026-04-11 11:40:04,885 log 21317 6132445184 Internal Server Error: /api/users/verify-otp/
Traceback (most recent call last):
  File "/Users/grizzly/.pyenv/versions/mt/lib/python3.12/site-packages/django/core/handlers/exception.py", line 55, in inner
    response = get_response(request)
               ^^^^^^^^^^^^^^^^^^^^^
  File "/Users/grizzly/.pyenv/versions/mt/lib/python3.12/site-packages/django/core/handlers/base.py", line 198, in _get_response
    response = wrapped_callback(request, *callback_args, **callback_kwargs)
               ^^^^^^^^^^^^^^^^^^^^^^^^^^^^^^^^^^^^^^^^^^^^^^^^^^^^^^^^^^^^
  File "/Users/grizzly/.pyenv/versions/mt/lib/python3.12/site-packages/django/views/decorators/csrf.py", line 65, in _view_wrapper
    return view_func(request, *args, **kwargs)
           ^^^^^^^^^^^^^^^^^^^^^^^^^^^^^^^^^^^
  File "/Users/grizzly/.pyenv/versions/mt/lib/python3.12/site-packages/rest_framework/viewsets.py", line 125, in view
    return self.dispatch(request, *args, **kwargs)
           ^^^^^^^^^^^^^^^^^^^^^^^^^^^^^^^^^^^^^^^
  File "/Users/grizzly/.pyenv/versions/mt/lib/python3.12/site-packages/rest_framework/views.py", line 515, in dispatch
    response = self.handle_exception(exc)
               ^^^^^^^^^^^^^^^^^^^^^^^^^^
  File "/Users/grizzly/.pyenv/versions/mt/lib/python3.12/site-packages/rest_framework/views.py", line 475, in handle_exception
    self.raise_uncaught_exception(exc)
  File "/Users/grizzly/.pyenv/versions/mt/lib/python3.12/site-packages/rest_framework/views.py", line 486, in raise_uncaught_exception
    raise exc
  File "/Users/grizzly/.pyenv/versions/mt/lib/python3.12/site-packages/rest_framework/views.py", line 512, in dispatch
    response = handler(request, *args, **kwargs)
               ^^^^^^^^^^^^^^^^^^^^^^^^^^^^^^^^^
  File "/Users/grizzly/grizzly/edu/python/django/dmoneytracker/apps/endusers/views.py", line 346, in verify_otp
    user = EndUser.objects.get(mobile=mobile)
           ^^^^^^^^^^^^^^^^^^^^^^^^^^^^^^^^^^
  File "/Users/grizzly/.pyenv/versions/mt/lib/python3.12/site-packages/django/db/models/manager.py", line 87, in manager_method
    return getattr(self.get_queryset(), name)(*args, **kwargs)
           ^^^^^^^^^^^^^^^^^^^^^^^^^^^^^^^^^^^^^^^^^^^^^^^^^^^
  File "/Users/grizzly/.pyenv/versions/mt/lib/python3.12/site-packages/django/db/models/query.py", line 639, in get
    raise self.model.DoesNotExist(
apps.endusers.models.EndUser.DoesNotExist: EndUser matching query does not exist.
INFO 2026-04-11 11:55:50,290 autoreload 21317 8584863936 /Users/grizzly/grizzly/edu/python/django/dmoneytracker/apps/endusers/views.py changed, reloading.
INFO 2026-04-11 11:55:50,763 autoreload 24761 8584863936 Watching for file changes with StatReloader
WARNING 2026-04-11 11:56:14,642 log 24761 6133723136 Bad Request: /api/users/verify-otp/
WARNING 2026-04-11 11:56:41,707 log 24761 6133723136 Bad Request: /api/users/verify-otp/
INFO 2026-04-11 11:57:00,925 autoreload 24761 8584863936 /Users/grizzly/grizzly/edu/python/django/dmoneytracker/apps/endusers/views.py changed, reloading.
INFO 2026-04-11 11:57:01,668 autoreload 24982 8584863936 Watching for file changes with StatReloader
INFO 2026-04-11 11:57:07,208 autoreload 24982 8584863936 /Users/grizzly/grizzly/edu/python/django/dmoneytracker/apps/endusers/views.py changed, reloading.
INFO 2026-04-11 11:57:07,567 autoreload 25015 8584863936 Watching for file changes with StatReloader
WARNING 2026-04-11 11:57:14,559 log 25015 6195326976 Bad Request: /api/users/verify-otp/
WARNING 2026-04-11 17:37:56,247 log 25015 6195326976 Unauthorized: /api/users/verify-otp/
WARNING 2026-04-11 17:44:01,440 log 25015 6195326976 Unauthorized: /api/users/verify-otp/
INFO 2026-04-11 17:45:20,430 autoreload 25015 8584863936 /Users/grizzly/grizzly/edu/python/django/dmoneytracker/apps/endusers/views.py changed, reloading.
INFO 2026-04-11 17:45:20,911 autoreload 26725 8584863936 Watching for file changes with StatReloader
WARNING 2026-04-11 17:45:40,818 log 26725 6166949888 Unauthorized: /api/users/verify-otp/
INFO 2026-04-11 17:45:56,702 autoreload 26933 8584863936 Watching for file changes with StatReloader
WARNING 2026-04-11 17:46:00,813 log 26933 6136279040 Unauthorized: /api/users/verify-otp/
ERROR 2026-04-11 17:46:19,488 log 26933 6135705600 Internal Server Error: /api/users/verify-otp/
Traceback (most recent call last):
  File "/Users/grizzly/.pyenv/versions/mt/lib/python3.12/site-packages/django/core/handlers/exception.py", line 55, in inner
    response = get_response(request)
               ^^^^^^^^^^^^^^^^^^^^^
  File "/Users/grizzly/.pyenv/versions/mt/lib/python3.12/site-packages/django/core/handlers/base.py", line 198, in _get_response
    response = wrapped_callback(request, *callback_args, **callback_kwargs)
               ^^^^^^^^^^^^^^^^^^^^^^^^^^^^^^^^^^^^^^^^^^^^^^^^^^^^^^^^^^^^
  File "/Users/grizzly/.pyenv/versions/mt/lib/python3.12/site-packages/django/views/decorators/csrf.py", line 65, in _view_wrapper
    return view_func(request, *args, **kwargs)
           ^^^^^^^^^^^^^^^^^^^^^^^^^^^^^^^^^^^
  File "/Users/grizzly/.pyenv/versions/mt/lib/python3.12/site-packages/rest_framework/viewsets.py", line 125, in view
    return self.dispatch(request, *args, **kwargs)
           ^^^^^^^^^^^^^^^^^^^^^^^^^^^^^^^^^^^^^^^
  File "/Users/grizzly/.pyenv/versions/mt/lib/python3.12/site-packages/rest_framework/views.py", line 515, in dispatch
    response = self.handle_exception(exc)
               ^^^^^^^^^^^^^^^^^^^^^^^^^^
  File "/Users/grizzly/.pyenv/versions/mt/lib/python3.12/site-packages/rest_framework/views.py", line 475, in handle_exception
    self.raise_uncaught_exception(exc)
  File "/Users/grizzly/.pyenv/versions/mt/lib/python3.12/site-packages/rest_framework/views.py", line 486, in raise_uncaught_exception
    raise exc
  File "/Users/grizzly/.pyenv/versions/mt/lib/python3.12/site-packages/rest_framework/views.py", line 512, in dispatch
    response = handler(request, *args, **kwargs)
               ^^^^^^^^^^^^^^^^^^^^^^^^^^^^^^^^^
  File "/Users/grizzly/grizzly/edu/python/django/dmoneytracker/apps/endusers/views.py", line 346, in verify_otp
    user: EndUser = EndUser.objects.get(mobile=mobile)
                    ^^^^^^^^^^^^^^^^^^^^^^^^^^^^^^^^^^
  File "/Users/grizzly/.pyenv/versions/mt/lib/python3.12/site-packages/django/db/models/manager.py", line 87, in manager_method
    return getattr(self.get_queryset(), name)(*args, **kwargs)
           ^^^^^^^^^^^^^^^^^^^^^^^^^^^^^^^^^^^^^^^^^^^^^^^^^^^
  File "/Users/grizzly/.pyenv/versions/mt/lib/python3.12/site-packages/django/db/models/query.py", line 639, in get
    raise self.model.DoesNotExist(
apps.endusers.models.EndUser.DoesNotExist: EndUser matching query does not exist.
INFO 2026-04-11 17:48:26,072 autoreload 26933 8584863936 /Users/grizzly/grizzly/edu/python/django/dmoneytracker/apps/endusers/views.py changed, reloading.
INFO 2026-04-11 17:48:26,448 autoreload 27339 8584863936 Watching for file changes with StatReloader
ERROR 2026-04-11 17:48:34,530 log 27339 6126809088 Internal Server Error: /api/users/verify-otp/
Traceback (most recent call last):
  File "/Users/grizzly/.pyenv/versions/mt/lib/python3.12/site-packages/django/core/handlers/exception.py", line 55, in inner
    response = get_response(request)
               ^^^^^^^^^^^^^^^^^^^^^
  File "/Users/grizzly/.pyenv/versions/mt/lib/python3.12/site-packages/django/core/handlers/base.py", line 198, in _get_response
    response = wrapped_callback(request, *callback_args, **callback_kwargs)
               ^^^^^^^^^^^^^^^^^^^^^^^^^^^^^^^^^^^^^^^^^^^^^^^^^^^^^^^^^^^^
  File "/Users/grizzly/.pyenv/versions/mt/lib/python3.12/site-packages/django/views/decorators/csrf.py", line 65, in _view_wrapper
    return view_func(request, *args, **kwargs)
           ^^^^^^^^^^^^^^^^^^^^^^^^^^^^^^^^^^^
  File "/Users/grizzly/.pyenv/versions/mt/lib/python3.12/site-packages/rest_framework/viewsets.py", line 125, in view
    return self.dispatch(request, *args, **kwargs)
           ^^^^^^^^^^^^^^^^^^^^^^^^^^^^^^^^^^^^^^^
  File "/Users/grizzly/.pyenv/versions/mt/lib/python3.12/site-packages/rest_framework/views.py", line 515, in dispatch
    response = self.handle_exception(exc)
               ^^^^^^^^^^^^^^^^^^^^^^^^^^
  File "/Users/grizzly/.pyenv/versions/mt/lib/python3.12/site-packages/rest_framework/views.py", line 475, in handle_exception
    self.raise_uncaught_exception(exc)
  File "/Users/grizzly/.pyenv/versions/mt/lib/python3.12/site-packages/rest_framework/views.py", line 486, in raise_uncaught_exception
    raise exc
  File "/Users/grizzly/.pyenv/versions/mt/lib/python3.12/site-packages/rest_framework/views.py", line 512, in dispatch
    response = handler(request, *args, **kwargs)
               ^^^^^^^^^^^^^^^^^^^^^^^^^^^^^^^^^
  File "/Users/grizzly/grizzly/edu/python/django/dmoneytracker/apps/endusers/views.py", line 346, in verify_otp
    user = EndUser.objects.get(mobile=mobile)
           ^^^^^^^^^^^^^^^^^^^^^^^^^^^^^^^^^^
  File "/Users/grizzly/.pyenv/versions/mt/lib/python3.12/site-packages/django/db/models/manager.py", line 87, in manager_method
    return getattr(self.get_queryset(), name)(*args, **kwargs)
           ^^^^^^^^^^^^^^^^^^^^^^^^^^^^^^^^^^^^^^^^^^^^^^^^^^^
  File "/Users/grizzly/.pyenv/versions/mt/lib/python3.12/site-packages/django/db/models/query.py", line 639, in get
    raise self.model.DoesNotExist(
apps.endusers.models.EndUser.DoesNotExist: EndUser matching query does not exist.
INFO 2026-04-11 17:49:44,704 autoreload 27339 8584863936 /Users/grizzly/grizzly/edu/python/django/dmoneytracker/apps/endusers/views.py changed, reloading.
INFO 2026-04-11 17:49:45,132 autoreload 27553 8584863936 Watching for file changes with StatReloader
INFO 2026-04-11 17:49:48,716 autoreload 27553 8584863936 /Users/grizzly/grizzly/edu/python/django/dmoneytracker/apps/endusers/views.py changed, reloading.
INFO 2026-04-11 17:49:48,997 autoreload 27578 8584863936 Watching for file changes with StatReloader
INFO 2026-04-11 17:49:56,593 autoreload 27578 8584863936 /Users/grizzly/grizzly/edu/python/django/dmoneytracker/apps/endusers/views.py changed, reloading.
INFO 2026-04-11 17:49:56,852 autoreload 27616 8584863936 Watching for file changes with StatReloader
INFO 2026-04-11 17:50:07,217 autoreload 27616 8584863936 /Users/grizzly/grizzly/edu/python/django/dmoneytracker/apps/endusers/views.py changed, reloading.
INFO 2026-04-11 17:50:07,604 autoreload 27673 8584863936 Watching for file changes with StatReloader
INFO 2026-04-11 17:50:21,181 autoreload 27673 8584863936 /Users/grizzly/grizzly/edu/python/django/dmoneytracker/apps/endusers/views.py changed, reloading.
INFO 2026-04-11 17:50:21,552 autoreload 27721 8584863936 Watching for file changes with StatReloader
INFO 2026-04-11 17:50:30,212 autoreload 27721 8584863936 /Users/grizzly/grizzly/edu/python/django/dmoneytracker/apps/endusers/views.py changed, reloading.
INFO 2026-04-11 17:50:30,589 autoreload 27762 8584863936 Watching for file changes with StatReloader
INFO 2026-04-11 17:50:35,054 autoreload 27762 8584863936 /Users/grizzly/grizzly/edu/python/django/dmoneytracker/apps/endusers/views.py changed, reloading.
INFO 2026-04-11 17:50:35,372 autoreload 27786 8584863936 Watching for file changes with StatReloader
WARNING 2026-04-11 17:50:41,027 log 27786 6199635968 Bad Request: /api/users/verify-otp/
INFO 2026-04-11 17:56:40,757 autoreload 27786 8584863936 /Users/grizzly/grizzly/edu/python/django/dmoneytracker/apps/endusers/serializers.py changed, reloading.
INFO 2026-04-11 17:56:41,278 autoreload 28660 8584863936 Watching for file changes with StatReloader
INFO 2026-04-11 17:56:45,885 autoreload 28660 8584863936 /Users/grizzly/grizzly/edu/python/django/dmoneytracker/apps/endusers/serializers.py changed, reloading.
INFO 2026-04-11 17:56:46,180 autoreload 28685 8584863936 Watching for file changes with StatReloader
INFO 2026-04-11 17:56:51,473 autoreload 28685 8584863936 /Users/grizzly/grizzly/edu/python/django/dmoneytracker/apps/endusers/serializers.py changed, reloading.
INFO 2026-04-11 17:56:51,728 autoreload 28708 8584863936 Watching for file changes with StatReloader
INFO 2026-04-11 17:56:58,022 autoreload 28708 8584863936 /Users/grizzly/grizzly/edu/python/django/dmoneytracker/apps/endusers/serializers.py changed, reloading.
INFO 2026-04-11 17:56:58,265 autoreload 28742 8584863936 Watching for file changes with StatReloader
INFO 2026-04-11 17:57:00,498 autoreload 28742 8584863936 /Users/grizzly/grizzly/edu/python/django/dmoneytracker/apps/endusers/serializers.py changed, reloading.
INFO 2026-04-11 17:57:00,734 autoreload 28754 8584863936 Watching for file changes with StatReloader
INFO 2026-04-11 17:57:04,991 autoreload 28754 8584863936 /Users/grizzly/grizzly/edu/python/django/dmoneytracker/apps/endusers/serializers.py changed, reloading.
INFO 2026-04-11 17:57:05,244 autoreload 28778 8584863936 Watching for file changes with StatReloader
INFO 2026-04-11 17:57:13,646 autoreload 28778 8584863936 /Users/grizzly/grizzly/edu/python/django/dmoneytracker/apps/endusers/serializers.py changed, reloading.
INFO 2026-04-11 17:57:13,939 autoreload 28805 8584863936 Watching for file changes with StatReloader
INFO 2026-04-11 17:57:25,399 autoreload 28805 8584863936 /Users/grizzly/grizzly/edu/python/django/dmoneytracker/apps/endusers/views.py changed, reloading.
INFO 2026-04-11 17:57:25,760 autoreload 28859 8584863936 Watching for file changes with StatReloader
INFO 2026-04-11 17:57:28,066 autoreload 28859 8584863936 /Users/grizzly/grizzly/edu/python/django/dmoneytracker/apps/endusers/views.py changed, reloading.
INFO 2026-04-11 17:57:28,417 autoreload 28877 8584863936 Watching for file changes with StatReloader
INFO 2026-04-11 17:57:30,709 autoreload 28877 8584863936 /Users/grizzly/grizzly/edu/python/django/dmoneytracker/apps/endusers/views.py changed, reloading.
INFO 2026-04-11 17:57:30,961 autoreload 28887 8584863936 Watching for file changes with StatReloader
INFO 2026-04-11 17:57:33,195 autoreload 28887 8584863936 /Users/grizzly/grizzly/edu/python/django/dmoneytracker/apps/endusers/views.py changed, reloading.
INFO 2026-04-11 17:57:33,448 autoreload 28905 8584863936 Watching for file changes with StatReloader
INFO 2026-04-11 17:57:45,951 autoreload 28905 8584863936 /Users/grizzly/grizzly/edu/python/django/dmoneytracker/apps/endusers/views.py changed, reloading.
INFO 2026-04-11 17:57:46,337 autoreload 28945 8584863936 Watching for file changes with StatReloader
INFO 2026-04-11 17:58:58,081 autoreload 28945 8584863936 /Users/grizzly/grizzly/edu/python/django/dmoneytracker/apps/endusers/views.py changed, reloading.
INFO 2026-04-11 17:58:58,676 autoreload 29128 8584863936 Watching for file changes with StatReloader
INFO 2026-04-11 17:59:13,338 autoreload 29128 8584863936 /Users/grizzly/grizzly/edu/python/django/dmoneytracker/apps/endusers/views.py changed, reloading.
INFO 2026-04-11 17:59:13,713 autoreload 29177 8584863936 Watching for file changes with StatReloader
INFO 2026-04-11 17:59:18,058 autoreload 29177 8584863936 /Users/grizzly/grizzly/edu/python/django/dmoneytracker/apps/endusers/views.py changed, reloading.
INFO 2026-04-11 17:59:18,309 autoreload 29222 8584863936 Watching for file changes with StatReloader
INFO 2026-04-11 17:59:35,778 autoreload 29222 8584863936 /Users/grizzly/grizzly/edu/python/django/dmoneytracker/apps/endusers/views.py changed, reloading.
INFO 2026-04-11 17:59:36,128 autoreload 29276 8584863936 Watching for file changes with StatReloader
ERROR 2026-04-11 17:59:38,554 log 29276 6204239872 Internal Server Error: /api/users/verify-otp/
Traceback (most recent call last):
  File "/Users/grizzly/grizzly/edu/python/django/dmoneytracker/apps/endusers/views.py", line 347, in verify_otp
    user = EndUser.objects.get(mobile=mobile)
           ^^^^^^^^^^^^^^^^^^^^^^^^^^^^^^^^^^
  File "/Users/grizzly/.pyenv/versions/mt/lib/python3.12/site-packages/django/db/models/manager.py", line 87, in manager_method
    return getattr(self.get_queryset(), name)(*args, **kwargs)
           ^^^^^^^^^^^^^^^^^^^^^^^^^^^^^^^^^^^^^^^^^^^^^^^^^^^
  File "/Users/grizzly/.pyenv/versions/mt/lib/python3.12/site-packages/django/db/models/query.py", line 639, in get
    raise self.model.DoesNotExist(
apps.endusers.models.EndUser.DoesNotExist: EndUser matching query does not exist.

During handling of the above exception, another exception occurred:

Traceback (most recent call last):
  File "/Users/grizzly/.pyenv/versions/mt/lib/python3.12/site-packages/django/db/models/fields/__init__.py", line 2766, in to_python
    return uuid.UUID(**{input_form: value})
           ^^^^^^^^^^^^^^^^^^^^^^^^^^^^^^^^
  File "/Users/grizzly/.pyenv/versions/3.12.12/lib/python3.12/uuid.py", line 175, in __init__
    hex = hex.replace('urn:', '').replace('uuid:', '')
          ^^^^^^^^^^^
AttributeError: 'EndUser' object has no attribute 'replace'

During handling of the above exception, another exception occurred:

Traceback (most recent call last):
  File "/Users/grizzly/.pyenv/versions/mt/lib/python3.12/site-packages/django/core/handlers/exception.py", line 55, in inner
    response = get_response(request)
               ^^^^^^^^^^^^^^^^^^^^^
  File "/Users/grizzly/.pyenv/versions/mt/lib/python3.12/site-packages/django/core/handlers/base.py", line 198, in _get_response
    response = wrapped_callback(request, *callback_args, **callback_kwargs)
               ^^^^^^^^^^^^^^^^^^^^^^^^^^^^^^^^^^^^^^^^^^^^^^^^^^^^^^^^^^^^
  File "/Users/grizzly/.pyenv/versions/mt/lib/python3.12/site-packages/django/views/decorators/csrf.py", line 65, in _view_wrapper
    return view_func(request, *args, **kwargs)
           ^^^^^^^^^^^^^^^^^^^^^^^^^^^^^^^^^^^
  File "/Users/grizzly/.pyenv/versions/mt/lib/python3.12/site-packages/rest_framework/viewsets.py", line 125, in view
    return self.dispatch(request, *args, **kwargs)
           ^^^^^^^^^^^^^^^^^^^^^^^^^^^^^^^^^^^^^^^
  File "/Users/grizzly/.pyenv/versions/mt/lib/python3.12/site-packages/rest_framework/views.py", line 515, in dispatch
    response = self.handle_exception(exc)
               ^^^^^^^^^^^^^^^^^^^^^^^^^^
  File "/Users/grizzly/.pyenv/versions/mt/lib/python3.12/site-packages/rest_framework/views.py", line 475, in handle_exception
    self.raise_uncaught_exception(exc)
  File "/Users/grizzly/.pyenv/versions/mt/lib/python3.12/site-packages/rest_framework/views.py", line 486, in raise_uncaught_exception
    raise exc
  File "/Users/grizzly/.pyenv/versions/mt/lib/python3.12/site-packages/rest_framework/views.py", line 512, in dispatch
    response = handler(request, *args, **kwargs)
               ^^^^^^^^^^^^^^^^^^^^^^^^^^^^^^^^^
  File "/Users/grizzly/grizzly/edu/python/django/dmoneytracker/apps/endusers/views.py", line 368, in verify_otp
    _create_user_categories(user)
  File "/Users/grizzly/grizzly/edu/python/django/dmoneytracker/apps/endusers/views.py", line 46, in _create_user_categories
    UserCategories.objects.bulk_create(user_categories_to_create)
  File "/Users/grizzly/.pyenv/versions/mt/lib/python3.12/site-packages/django/db/models/manager.py", line 87, in manager_method
    return getattr(self.get_queryset(), name)(*args, **kwargs)
           ^^^^^^^^^^^^^^^^^^^^^^^^^^^^^^^^^^^^^^^^^^^^^^^^^^^
  File "/Users/grizzly/.pyenv/versions/mt/lib/python3.12/site-packages/django/db/models/query.py", line 816, in bulk_create
    returned_columns = self._batched_insert(
                       ^^^^^^^^^^^^^^^^^^^^^
  File "/Users/grizzly/.pyenv/versions/mt/lib/python3.12/site-packages/django/db/models/query.py", line 1956, in _batched_insert
    self._insert(
  File "/Users/grizzly/.pyenv/versions/mt/lib/python3.12/site-packages/django/db/models/query.py", line 1918, in _insert
    return query.get_compiler(using=using).execute_sql(returning_fields)
           ^^^^^^^^^^^^^^^^^^^^^^^^^^^^^^^^^^^^^^^^^^^^^^^^^^^^^^^^^^^^^
  File "/Users/grizzly/.pyenv/versions/mt/lib/python3.12/site-packages/django/db/models/sql/compiler.py", line 1924, in execute_sql
    for sql, params in self.as_sql():
                       ^^^^^^^^^^^^^
  File "/Users/grizzly/.pyenv/versions/mt/lib/python3.12/site-packages/django/db/models/sql/compiler.py", line 1813, in as_sql
    field_prepare(field_pre_save(obj)) for obj in self.query.objs
    ^^^^^^^^^^^^^^^^^^^^^^^^^^^^^^^^^^
  File "/Users/grizzly/.pyenv/versions/mt/lib/python3.12/site-packages/django/db/models/sql/compiler.py", line 1742, in prepare_value
    return field.get_db_prep_save(value, connection=self.connection)
           ^^^^^^^^^^^^^^^^^^^^^^^^^^^^^^^^^^^^^^^^^^^^^^^^^^^^^^^^^
  File "/Users/grizzly/.pyenv/versions/mt/lib/python3.12/site-packages/django/db/models/fields/__init__.py", line 1011, in get_db_prep_save
    return self.get_db_prep_value(value, connection=connection, prepared=False)
           ^^^^^^^^^^^^^^^^^^^^^^^^^^^^^^^^^^^^^^^^^^^^^^^^^^^^^^^^^^^^^^^^^^^^
  File "/Users/grizzly/.pyenv/versions/mt/lib/python3.12/site-packages/django/db/models/fields/__init__.py", line 2756, in get_db_prep_value
    value = self.to_python(value)
            ^^^^^^^^^^^^^^^^^^^^^
  File "/Users/grizzly/.pyenv/versions/mt/lib/python3.12/site-packages/django/db/models/fields/__init__.py", line 2768, in to_python
    raise exceptions.ValidationError(
django.core.exceptions.ValidationError: ['“  (+918956047638)” is not a valid UUID.']
ERROR 2026-04-11 18:05:22,488 log 29276 6203666432 Internal Server Error: /api/users/verify-otp/
Traceback (most recent call last):
  File "/Users/grizzly/.pyenv/versions/mt/lib/python3.12/site-packages/django/core/handlers/exception.py", line 55, in inner
    response = get_response(request)
               ^^^^^^^^^^^^^^^^^^^^^
  File "/Users/grizzly/.pyenv/versions/mt/lib/python3.12/site-packages/django/core/handlers/base.py", line 221, in _get_response
    response = response.render()
               ^^^^^^^^^^^^^^^^^
  File "/Users/grizzly/.pyenv/versions/mt/lib/python3.12/site-packages/django/template/response.py", line 114, in render
    self.content = self.rendered_content
                   ^^^^^^^^^^^^^^^^^^^^^
  File "/Users/grizzly/.pyenv/versions/mt/lib/python3.12/site-packages/rest_framework/response.py", line 74, in rendered_content
    ret = renderer.render(self.data, accepted_media_type, context)
          ^^^^^^^^^^^^^^^^^^^^^^^^^^^^^^^^^^^^^^^^^^^^^^^^^^^^^^^^
  File "/Users/grizzly/.pyenv/versions/mt/lib/python3.12/site-packages/rest_framework/renderers.py", line 100, in render
    ret = json.dumps(
          ^^^^^^^^^^^
  File "/Users/grizzly/.pyenv/versions/mt/lib/python3.12/site-packages/rest_framework/utils/json.py", line 25, in dumps
    return json.dumps(*args, **kwargs)
           ^^^^^^^^^^^^^^^^^^^^^^^^^^^
  File "/Users/grizzly/.pyenv/versions/3.12.12/lib/python3.12/json/__init__.py", line 238, in dumps
    **kw).encode(obj)
          ^^^^^^^^^^^
  File "/Users/grizzly/.pyenv/versions/3.12.12/lib/python3.12/json/encoder.py", line 200, in encode
    chunks = self.iterencode(o, _one_shot=True)
             ^^^^^^^^^^^^^^^^^^^^^^^^^^^^^^^^^^
  File "/Users/grizzly/.pyenv/versions/3.12.12/lib/python3.12/json/encoder.py", line 258, in iterencode
    return _iterencode(o, 0)
           ^^^^^^^^^^^^^^^^^
  File "/Users/grizzly/.pyenv/versions/mt/lib/python3.12/site-packages/rest_framework/utils/encoders.py", line 67, in default
    return super().default(obj)
           ^^^^^^^^^^^^^^^^^^^^
  File "/Users/grizzly/.pyenv/versions/3.12.12/lib/python3.12/json/encoder.py", line 180, in default
    raise TypeError(f'Object of type {o.__class__.__name__} '
TypeError: Object of type EndUser is not JSON serializable
INFO 2026-04-12 02:57:09,761 autoreload 29276 8584863936 /Users/grizzly/grizzly/edu/python/django/dmoneytracker/apps/endusers/views.py changed, reloading.
INFO 2026-04-12 02:57:10,288 autoreload 33099 8584863936 Watching for file changes with StatReloader
INFO 2026-04-12 02:57:16,843 autoreload 33099 8584863936 /Users/grizzly/grizzly/edu/python/django/dmoneytracker/apps/endusers/views.py changed, reloading.
INFO 2026-04-12 02:57:17,189 autoreload 33134 8584863936 Watching for file changes with StatReloader
ERROR 2026-04-12 02:57:22,106 log 33134 6165278720 Internal Server Error: /api/users/verify-otp/
Traceback (most recent call last):
  File "/Users/grizzly/.pyenv/versions/mt/lib/python3.12/site-packages/django/core/handlers/exception.py", line 55, in inner
    response = get_response(request)
               ^^^^^^^^^^^^^^^^^^^^^
  File "/Users/grizzly/.pyenv/versions/mt/lib/python3.12/site-packages/django/core/handlers/base.py", line 221, in _get_response
    response = response.render()
               ^^^^^^^^^^^^^^^^^
  File "/Users/grizzly/.pyenv/versions/mt/lib/python3.12/site-packages/django/template/response.py", line 114, in render
    self.content = self.rendered_content
                   ^^^^^^^^^^^^^^^^^^^^^
  File "/Users/grizzly/.pyenv/versions/mt/lib/python3.12/site-packages/rest_framework/response.py", line 74, in rendered_content
    ret = renderer.render(self.data, accepted_media_type, context)
          ^^^^^^^^^^^^^^^^^^^^^^^^^^^^^^^^^^^^^^^^^^^^^^^^^^^^^^^^
  File "/Users/grizzly/.pyenv/versions/mt/lib/python3.12/site-packages/rest_framework/renderers.py", line 100, in render
    ret = json.dumps(
          ^^^^^^^^^^^
  File "/Users/grizzly/.pyenv/versions/mt/lib/python3.12/site-packages/rest_framework/utils/json.py", line 25, in dumps
    return json.dumps(*args, **kwargs)
           ^^^^^^^^^^^^^^^^^^^^^^^^^^^
  File "/Users/grizzly/.pyenv/versions/3.12.12/lib/python3.12/json/__init__.py", line 238, in dumps
    **kw).encode(obj)
          ^^^^^^^^^^^
  File "/Users/grizzly/.pyenv/versions/3.12.12/lib/python3.12/json/encoder.py", line 200, in encode
    chunks = self.iterencode(o, _one_shot=True)
             ^^^^^^^^^^^^^^^^^^^^^^^^^^^^^^^^^^
  File "/Users/grizzly/.pyenv/versions/3.12.12/lib/python3.12/json/encoder.py", line 258, in iterencode
    return _iterencode(o, 0)
           ^^^^^^^^^^^^^^^^^
  File "/Users/grizzly/.pyenv/versions/mt/lib/python3.12/site-packages/rest_framework/utils/encoders.py", line 67, in default
    return super().default(obj)
           ^^^^^^^^^^^^^^^^^^^^
  File "/Users/grizzly/.pyenv/versions/3.12.12/lib/python3.12/json/encoder.py", line 180, in default
    raise TypeError(f'Object of type {o.__class__.__name__} '
TypeError: Object of type EndUser is not JSON serializable
INFO 2026-04-12 03:07:53,804 autoreload 33134 8584863936 /Users/grizzly/grizzly/edu/python/django/dmoneytracker/apps/endusers/views.py changed, reloading.
INFO 2026-04-12 03:07:54,374 autoreload 34528 8584863936 Watching for file changes with StatReloader
INFO 2026-04-12 03:07:57,236 autoreload 34528 8584863936 /Users/grizzly/grizzly/edu/python/django/dmoneytracker/apps/endusers/views.py changed, reloading.
INFO 2026-04-12 03:07:57,550 autoreload 34550 8584863936 Watching for file changes with StatReloader
INFO 2026-04-12 03:08:00,118 autoreload 34550 8584863936 /Users/grizzly/grizzly/edu/python/django/dmoneytracker/apps/endusers/views.py changed, reloading.
INFO 2026-04-12 03:08:00,394 autoreload 34568 8584863936 Watching for file changes with StatReloader
INFO 2026-04-12 03:08:06,853 autoreload 34568 8584863936 /Users/grizzly/grizzly/edu/python/django/dmoneytracker/apps/endusers/views.py changed, reloading.
INFO 2026-04-12 03:08:07,157 autoreload 34594 8584863936 Watching for file changes with StatReloader
INFO 2026-04-12 03:08:14,899 autoreload 34594 8584863936 /Users/grizzly/grizzly/edu/python/django/dmoneytracker/apps/endusers/views.py changed, reloading.
INFO 2026-04-12 03:08:15,360 autoreload 34638 8584863936 Watching for file changes with StatReloader
ERROR 2026-04-12 03:08:19,299 log 34638 6134394880 Internal Server Error: /api/users/verify-otp/
Traceback (most recent call last):
  File "/Users/grizzly/.pyenv/versions/mt/lib/python3.12/site-packages/django/core/handlers/exception.py", line 55, in inner
    response = get_response(request)
               ^^^^^^^^^^^^^^^^^^^^^
  File "/Users/grizzly/.pyenv/versions/mt/lib/python3.12/site-packages/django/core/handlers/base.py", line 221, in _get_response
    response = response.render()
               ^^^^^^^^^^^^^^^^^
  File "/Users/grizzly/.pyenv/versions/mt/lib/python3.12/site-packages/django/template/response.py", line 114, in render
    self.content = self.rendered_content
                   ^^^^^^^^^^^^^^^^^^^^^
  File "/Users/grizzly/.pyenv/versions/mt/lib/python3.12/site-packages/rest_framework/response.py", line 74, in rendered_content
    ret = renderer.render(self.data, accepted_media_type, context)
          ^^^^^^^^^^^^^^^^^^^^^^^^^^^^^^^^^^^^^^^^^^^^^^^^^^^^^^^^
  File "/Users/grizzly/.pyenv/versions/mt/lib/python3.12/site-packages/rest_framework/renderers.py", line 100, in render
    ret = json.dumps(
          ^^^^^^^^^^^
  File "/Users/grizzly/.pyenv/versions/mt/lib/python3.12/site-packages/rest_framework/utils/json.py", line 25, in dumps
    return json.dumps(*args, **kwargs)
           ^^^^^^^^^^^^^^^^^^^^^^^^^^^
  File "/Users/grizzly/.pyenv/versions/3.12.12/lib/python3.12/json/__init__.py", line 238, in dumps
    **kw).encode(obj)
          ^^^^^^^^^^^
  File "/Users/grizzly/.pyenv/versions/3.12.12/lib/python3.12/json/encoder.py", line 200, in encode
    chunks = self.iterencode(o, _one_shot=True)
             ^^^^^^^^^^^^^^^^^^^^^^^^^^^^^^^^^^
  File "/Users/grizzly/.pyenv/versions/3.12.12/lib/python3.12/json/encoder.py", line 258, in iterencode
    return _iterencode(o, 0)
           ^^^^^^^^^^^^^^^^^
  File "/Users/grizzly/.pyenv/versions/mt/lib/python3.12/site-packages/rest_framework/utils/encoders.py", line 67, in default
    return super().default(obj)
           ^^^^^^^^^^^^^^^^^^^^
  File "/Users/grizzly/.pyenv/versions/3.12.12/lib/python3.12/json/encoder.py", line 180, in default
    raise TypeError(f'Object of type {o.__class__.__name__} '
TypeError: Object of type EndUser is not JSON serializable
INFO 2026-04-12 03:08:41,665 autoreload 34638 8584863936 /Users/grizzly/grizzly/edu/python/django/dmoneytracker/apps/endusers/views.py changed, reloading.
INFO 2026-04-12 03:08:42,117 autoreload 34762 8584863936 Watching for file changes with StatReloader
INFO 2026-04-12 03:08:43,392 autoreload 34762 8584863936 /Users/grizzly/grizzly/edu/python/django/dmoneytracker/apps/endusers/views.py changed, reloading.
INFO 2026-04-12 03:08:43,617 autoreload 34776 8584863936 Watching for file changes with StatReloader
ERROR 2026-04-12 03:08:48,909 log 34776 6127857664 Internal Server Error: /api/users/verify-otp/
Traceback (most recent call last):
  File "/Users/grizzly/.pyenv/versions/mt/lib/python3.12/site-packages/django/core/handlers/exception.py", line 55, in inner
    response = get_response(request)
               ^^^^^^^^^^^^^^^^^^^^^
  File "/Users/grizzly/.pyenv/versions/mt/lib/python3.12/site-packages/django/core/handlers/base.py", line 221, in _get_response
    response = response.render()
               ^^^^^^^^^^^^^^^^^
  File "/Users/grizzly/.pyenv/versions/mt/lib/python3.12/site-packages/django/template/response.py", line 114, in render
    self.content = self.rendered_content
                   ^^^^^^^^^^^^^^^^^^^^^
  File "/Users/grizzly/.pyenv/versions/mt/lib/python3.12/site-packages/rest_framework/response.py", line 74, in rendered_content
    ret = renderer.render(self.data, accepted_media_type, context)
          ^^^^^^^^^^^^^^^^^^^^^^^^^^^^^^^^^^^^^^^^^^^^^^^^^^^^^^^^
  File "/Users/grizzly/.pyenv/versions/mt/lib/python3.12/site-packages/rest_framework/renderers.py", line 100, in render
    ret = json.dumps(
          ^^^^^^^^^^^
  File "/Users/grizzly/.pyenv/versions/mt/lib/python3.12/site-packages/rest_framework/utils/json.py", line 25, in dumps
    return json.dumps(*args, **kwargs)
           ^^^^^^^^^^^^^^^^^^^^^^^^^^^
  File "/Users/grizzly/.pyenv/versions/3.12.12/lib/python3.12/json/__init__.py", line 238, in dumps
    **kw).encode(obj)
          ^^^^^^^^^^^
  File "/Users/grizzly/.pyenv/versions/3.12.12/lib/python3.12/json/encoder.py", line 200, in encode
    chunks = self.iterencode(o, _one_shot=True)
             ^^^^^^^^^^^^^^^^^^^^^^^^^^^^^^^^^^
  File "/Users/grizzly/.pyenv/versions/3.12.12/lib/python3.12/json/encoder.py", line 258, in iterencode
    return _iterencode(o, 0)
           ^^^^^^^^^^^^^^^^^
  File "/Users/grizzly/.pyenv/versions/mt/lib/python3.12/site-packages/rest_framework/utils/encoders.py", line 67, in default
    return super().default(obj)
           ^^^^^^^^^^^^^^^^^^^^
  File "/Users/grizzly/.pyenv/versions/3.12.12/lib/python3.12/json/encoder.py", line 180, in default
    raise TypeError(f'Object of type {o.__class__.__name__} '
TypeError: Object of type EndUser is not JSON serializable
INFO 2026-04-12 03:10:57,297 autoreload 34776 8584863936 /Users/grizzly/grizzly/edu/python/django/dmoneytracker/apps/endusers/views.py changed, reloading.
INFO 2026-04-12 03:10:57,699 autoreload 35082 8584863936 Watching for file changes with StatReloader
INFO 2026-04-12 03:10:58,975 autoreload 35082 8584863936 /Users/grizzly/grizzly/edu/python/django/dmoneytracker/apps/endusers/views.py changed, reloading.
INFO 2026-04-12 03:10:59,247 autoreload 35090 8584863936 Watching for file changes with StatReloader
INFO 2026-04-12 03:11:15,034 autoreload 35090 8584863936 /Users/grizzly/grizzly/edu/python/django/dmoneytracker/apps/endusers/views.py changed, reloading.
INFO 2026-04-12 03:11:15,489 autoreload 35141 8584863936 Watching for file changes with StatReloader
INFO 2026-04-12 03:11:16,737 autoreload 35141 8584863936 /Users/grizzly/grizzly/edu/python/django/dmoneytracker/apps/endusers/views.py changed, reloading.
INFO 2026-04-12 03:11:16,980 autoreload 35158 8584863936 Watching for file changes with StatReloader
ERROR 2026-04-12 03:11:36,107 log 35158 6201356288 Internal Server Error: /api/users/verify-otp/
Traceback (most recent call last):
  File "/Users/grizzly/grizzly/edu/python/django/dmoneytracker/apps/endusers/views.py", line 348, in verify_otp
    user = EndUser.objects.get(mobile=mobile)
           ^^^^^^^^^^^^^^^^^^^^^^^^^^^^^^^^^^
  File "/Users/grizzly/.pyenv/versions/mt/lib/python3.12/site-packages/django/db/models/manager.py", line 87, in manager_method
    return getattr(self.get_queryset(), name)(*args, **kwargs)
           ^^^^^^^^^^^^^^^^^^^^^^^^^^^^^^^^^^^^^^^^^^^^^^^^^^^
  File "/Users/grizzly/.pyenv/versions/mt/lib/python3.12/site-packages/django/db/models/query.py", line 639, in get
    raise self.model.DoesNotExist(
apps.endusers.models.EndUser.DoesNotExist: EndUser matching query does not exist.

During handling of the above exception, another exception occurred:

Traceback (most recent call last):
  File "/Users/grizzly/.pyenv/versions/mt/lib/python3.12/site-packages/django/db/models/fields/__init__.py", line 2766, in to_python
    return uuid.UUID(**{input_form: value})
           ^^^^^^^^^^^^^^^^^^^^^^^^^^^^^^^^
  File "/Users/grizzly/.pyenv/versions/3.12.12/lib/python3.12/uuid.py", line 175, in __init__
    hex = hex.replace('urn:', '').replace('uuid:', '')
          ^^^^^^^^^^^
AttributeError: 'EndUser' object has no attribute 'replace'

During handling of the above exception, another exception occurred:

Traceback (most recent call last):
  File "/Users/grizzly/.pyenv/versions/mt/lib/python3.12/site-packages/django/core/handlers/exception.py", line 55, in inner
    response = get_response(request)
               ^^^^^^^^^^^^^^^^^^^^^
  File "/Users/grizzly/.pyenv/versions/mt/lib/python3.12/site-packages/django/core/handlers/base.py", line 198, in _get_response
    response = wrapped_callback(request, *callback_args, **callback_kwargs)
               ^^^^^^^^^^^^^^^^^^^^^^^^^^^^^^^^^^^^^^^^^^^^^^^^^^^^^^^^^^^^
  File "/Users/grizzly/.pyenv/versions/mt/lib/python3.12/site-packages/django/views/decorators/csrf.py", line 65, in _view_wrapper
    return view_func(request, *args, **kwargs)
           ^^^^^^^^^^^^^^^^^^^^^^^^^^^^^^^^^^^
  File "/Users/grizzly/.pyenv/versions/mt/lib/python3.12/site-packages/rest_framework/viewsets.py", line 125, in view
    return self.dispatch(request, *args, **kwargs)
           ^^^^^^^^^^^^^^^^^^^^^^^^^^^^^^^^^^^^^^^
  File "/Users/grizzly/.pyenv/versions/mt/lib/python3.12/site-packages/rest_framework/views.py", line 515, in dispatch
    response = self.handle_exception(exc)
               ^^^^^^^^^^^^^^^^^^^^^^^^^^
  File "/Users/grizzly/.pyenv/versions/mt/lib/python3.12/site-packages/rest_framework/views.py", line 475, in handle_exception
    self.raise_uncaught_exception(exc)
  File "/Users/grizzly/.pyenv/versions/mt/lib/python3.12/site-packages/rest_framework/views.py", line 486, in raise_uncaught_exception
    raise exc
  File "/Users/grizzly/.pyenv/versions/mt/lib/python3.12/site-packages/rest_framework/views.py", line 512, in dispatch
    response = handler(request, *args, **kwargs)
               ^^^^^^^^^^^^^^^^^^^^^^^^^^^^^^^^^
  File "/Users/grizzly/grizzly/edu/python/django/dmoneytracker/apps/endusers/views.py", line 369, in verify_otp
    _create_user_categories(user)
  File "/Users/grizzly/grizzly/edu/python/django/dmoneytracker/apps/endusers/views.py", line 47, in _create_user_categories
    UserCategories.objects.bulk_create(user_categories_to_create)
  File "/Users/grizzly/.pyenv/versions/mt/lib/python3.12/site-packages/django/db/models/manager.py", line 87, in manager_method
    return getattr(self.get_queryset(), name)(*args, **kwargs)
           ^^^^^^^^^^^^^^^^^^^^^^^^^^^^^^^^^^^^^^^^^^^^^^^^^^^
  File "/Users/grizzly/.pyenv/versions/mt/lib/python3.12/site-packages/django/db/models/query.py", line 816, in bulk_create
    returned_columns = self._batched_insert(
                       ^^^^^^^^^^^^^^^^^^^^^
  File "/Users/grizzly/.pyenv/versions/mt/lib/python3.12/site-packages/django/db/models/query.py", line 1956, in _batched_insert
    self._insert(
  File "/Users/grizzly/.pyenv/versions/mt/lib/python3.12/site-packages/django/db/models/query.py", line 1918, in _insert
    return query.get_compiler(using=using).execute_sql(returning_fields)
           ^^^^^^^^^^^^^^^^^^^^^^^^^^^^^^^^^^^^^^^^^^^^^^^^^^^^^^^^^^^^^
  File "/Users/grizzly/.pyenv/versions/mt/lib/python3.12/site-packages/django/db/models/sql/compiler.py", line 1924, in execute_sql
    for sql, params in self.as_sql():
                       ^^^^^^^^^^^^^
  File "/Users/grizzly/.pyenv/versions/mt/lib/python3.12/site-packages/django/db/models/sql/compiler.py", line 1813, in as_sql
    field_prepare(field_pre_save(obj)) for obj in self.query.objs
    ^^^^^^^^^^^^^^^^^^^^^^^^^^^^^^^^^^
  File "/Users/grizzly/.pyenv/versions/mt/lib/python3.12/site-packages/django/db/models/sql/compiler.py", line 1742, in prepare_value
    return field.get_db_prep_save(value, connection=self.connection)
           ^^^^^^^^^^^^^^^^^^^^^^^^^^^^^^^^^^^^^^^^^^^^^^^^^^^^^^^^^
  File "/Users/grizzly/.pyenv/versions/mt/lib/python3.12/site-packages/django/db/models/fields/__init__.py", line 1011, in get_db_prep_save
    return self.get_db_prep_value(value, connection=connection, prepared=False)
           ^^^^^^^^^^^^^^^^^^^^^^^^^^^^^^^^^^^^^^^^^^^^^^^^^^^^^^^^^^^^^^^^^^^^
  File "/Users/grizzly/.pyenv/versions/mt/lib/python3.12/site-packages/django/db/models/fields/__init__.py", line 2756, in get_db_prep_value
    value = self.to_python(value)
            ^^^^^^^^^^^^^^^^^^^^^
  File "/Users/grizzly/.pyenv/versions/mt/lib/python3.12/site-packages/django/db/models/fields/__init__.py", line 2768, in to_python
    raise exceptions.ValidationError(
django.core.exceptions.ValidationError: ['“  (+918956047638)” is not a valid UUID.']
INFO 2026-04-12 03:17:45,858 autoreload 35158 8584863936 /Users/grizzly/grizzly/edu/python/django/dmoneytracker/apps/endusers/views.py changed, reloading.
INFO 2026-04-12 03:17:46,345 autoreload 36116 8584863936 Watching for file changes with StatReloader
INFO 2026-04-12 03:17:54,986 autoreload 36116 8584863936 /Users/grizzly/grizzly/edu/python/django/dmoneytracker/apps/endusers/views.py changed, reloading.
INFO 2026-04-12 03:17:55,380 autoreload 36150 8584863936 Watching for file changes with StatReloader
INFO 2026-04-12 03:17:57,656 autoreload 36150 8584863936 /Users/grizzly/grizzly/edu/python/django/dmoneytracker/apps/endusers/views.py changed, reloading.
INFO 2026-04-12 03:17:57,939 autoreload 36170 8584863936 Watching for file changes with StatReloader
INFO 2026-04-12 04:02:38,040 autoreload 36170 8584863936 /Users/grizzly/grizzly/edu/python/django/dmoneytracker/apps/endusers/views.py changed, reloading.
INFO 2026-04-12 04:02:38,518 autoreload 39613 8584863936 Watching for file changes with StatReloader
INFO 2026-04-12 04:02:41,028 autoreload 39613 8584863936 /Users/grizzly/grizzly/edu/python/django/dmoneytracker/apps/endusers/views.py changed, reloading.
INFO 2026-04-12 04:02:41,407 autoreload 39637 8584863936 Watching for file changes with StatReloader
INFO 2026-04-12 04:03:05,095 autoreload 39637 8584863936 /Users/grizzly/grizzly/edu/python/django/dmoneytracker/apps/endusers/views.py changed, reloading.
INFO 2026-04-12 04:03:05,482 autoreload 39699 8584863936 Watching for file changes with StatReloader
INFO 2026-04-12 04:03:07,779 autoreload 39699 8584863936 /Users/grizzly/grizzly/edu/python/django/dmoneytracker/apps/endusers/views.py changed, reloading.
INFO 2026-04-12 04:03:08,036 autoreload 39717 8584863936 Watching for file changes with StatReloader
INFO 2026-04-12 04:03:12,444 autoreload 39717 8584863936 /Users/grizzly/grizzly/edu/python/django/dmoneytracker/apps/endusers/views.py changed, reloading.
INFO 2026-04-12 04:03:12,777 autoreload 39738 8584863936 Watching for file changes with StatReloader
INFO 2026-04-12 04:03:21,274 autoreload 39738 8584863936 /Users/grizzly/grizzly/edu/python/django/dmoneytracker/apps/endusers/views.py changed, reloading.
INFO 2026-04-12 04:03:21,568 autoreload 39791 8584863936 Watching for file changes with StatReloader
ERROR 2026-04-12 04:03:46,083 log 39791 6200635392 Internal Server Error: /api/users/verify-otp/
Traceback (most recent call last):
  File "/Users/grizzly/grizzly/edu/python/django/dmoneytracker/apps/endusers/views.py", line 348, in verify_otp
    user = EndUser.objects.get(mobile=mobile)
           ^^^^^^^^^^^^^^^^^^^^^^^^^^^^^^^^^^
  File "/Users/grizzly/.pyenv/versions/mt/lib/python3.12/site-packages/django/db/models/manager.py", line 87, in manager_method
    return getattr(self.get_queryset(), name)(*args, **kwargs)
           ^^^^^^^^^^^^^^^^^^^^^^^^^^^^^^^^^^^^^^^^^^^^^^^^^^^
  File "/Users/grizzly/.pyenv/versions/mt/lib/python3.12/site-packages/django/db/models/query.py", line 639, in get
    raise self.model.DoesNotExist(
apps.endusers.models.EndUser.DoesNotExist: EndUser matching query does not exist.

During handling of the above exception, another exception occurred:

Traceback (most recent call last):
  File "/Users/grizzly/.pyenv/versions/mt/lib/python3.12/site-packages/django/db/models/fields/__init__.py", line 2766, in to_python
    return uuid.UUID(**{input_form: value})
           ^^^^^^^^^^^^^^^^^^^^^^^^^^^^^^^^
  File "/Users/grizzly/.pyenv/versions/3.12.12/lib/python3.12/uuid.py", line 175, in __init__
    hex = hex.replace('urn:', '').replace('uuid:', '')
          ^^^^^^^^^^^
AttributeError: 'EndUser' object has no attribute 'replace'

During handling of the above exception, another exception occurred:

Traceback (most recent call last):
  File "/Users/grizzly/.pyenv/versions/mt/lib/python3.12/site-packages/django/core/handlers/exception.py", line 55, in inner
    response = get_response(request)
               ^^^^^^^^^^^^^^^^^^^^^
  File "/Users/grizzly/.pyenv/versions/mt/lib/python3.12/site-packages/django/core/handlers/base.py", line 198, in _get_response
    response = wrapped_callback(request, *callback_args, **callback_kwargs)
               ^^^^^^^^^^^^^^^^^^^^^^^^^^^^^^^^^^^^^^^^^^^^^^^^^^^^^^^^^^^^
  File "/Users/grizzly/.pyenv/versions/mt/lib/python3.12/site-packages/django/views/decorators/csrf.py", line 65, in _view_wrapper
    return view_func(request, *args, **kwargs)
           ^^^^^^^^^^^^^^^^^^^^^^^^^^^^^^^^^^^
  File "/Users/grizzly/.pyenv/versions/mt/lib/python3.12/site-packages/rest_framework/viewsets.py", line 125, in view
    return self.dispatch(request, *args, **kwargs)
           ^^^^^^^^^^^^^^^^^^^^^^^^^^^^^^^^^^^^^^^
  File "/Users/grizzly/.pyenv/versions/mt/lib/python3.12/site-packages/rest_framework/views.py", line 515, in dispatch
    response = self.handle_exception(exc)
               ^^^^^^^^^^^^^^^^^^^^^^^^^^
  File "/Users/grizzly/.pyenv/versions/mt/lib/python3.12/site-packages/rest_framework/views.py", line 475, in handle_exception
    self.raise_uncaught_exception(exc)
  File "/Users/grizzly/.pyenv/versions/mt/lib/python3.12/site-packages/rest_framework/views.py", line 486, in raise_uncaught_exception
    raise exc
  File "/Users/grizzly/.pyenv/versions/mt/lib/python3.12/site-packages/rest_framework/views.py", line 512, in dispatch
    response = handler(request, *args, **kwargs)
               ^^^^^^^^^^^^^^^^^^^^^^^^^^^^^^^^^
  File "/Users/grizzly/grizzly/edu/python/django/dmoneytracker/apps/endusers/views.py", line 370, in verify_otp
    _create_user_categories(user)
  File "/Users/grizzly/grizzly/edu/python/django/dmoneytracker/apps/endusers/views.py", line 47, in _create_user_categories
    UserCategories.objects.bulk_create(user_categories_to_create)
  File "/Users/grizzly/.pyenv/versions/mt/lib/python3.12/site-packages/django/db/models/manager.py", line 87, in manager_method
    return getattr(self.get_queryset(), name)(*args, **kwargs)
           ^^^^^^^^^^^^^^^^^^^^^^^^^^^^^^^^^^^^^^^^^^^^^^^^^^^
  File "/Users/grizzly/.pyenv/versions/mt/lib/python3.12/site-packages/django/db/models/query.py", line 816, in bulk_create
    returned_columns = self._batched_insert(
                       ^^^^^^^^^^^^^^^^^^^^^
  File "/Users/grizzly/.pyenv/versions/mt/lib/python3.12/site-packages/django/db/models/query.py", line 1956, in _batched_insert
    self._insert(
  File "/Users/grizzly/.pyenv/versions/mt/lib/python3.12/site-packages/django/db/models/query.py", line 1918, in _insert
    return query.get_compiler(using=using).execute_sql(returning_fields)
           ^^^^^^^^^^^^^^^^^^^^^^^^^^^^^^^^^^^^^^^^^^^^^^^^^^^^^^^^^^^^^
  File "/Users/grizzly/.pyenv/versions/mt/lib/python3.12/site-packages/django/db/models/sql/compiler.py", line 1924, in execute_sql
    for sql, params in self.as_sql():
                       ^^^^^^^^^^^^^
  File "/Users/grizzly/.pyenv/versions/mt/lib/python3.12/site-packages/django/db/models/sql/compiler.py", line 1813, in as_sql
    field_prepare(field_pre_save(obj)) for obj in self.query.objs
    ^^^^^^^^^^^^^^^^^^^^^^^^^^^^^^^^^^
  File "/Users/grizzly/.pyenv/versions/mt/lib/python3.12/site-packages/django/db/models/sql/compiler.py", line 1742, in prepare_value
    return field.get_db_prep_save(value, connection=self.connection)
           ^^^^^^^^^^^^^^^^^^^^^^^^^^^^^^^^^^^^^^^^^^^^^^^^^^^^^^^^^
  File "/Users/grizzly/.pyenv/versions/mt/lib/python3.12/site-packages/django/db/models/fields/__init__.py", line 1011, in get_db_prep_save
    return self.get_db_prep_value(value, connection=connection, prepared=False)
           ^^^^^^^^^^^^^^^^^^^^^^^^^^^^^^^^^^^^^^^^^^^^^^^^^^^^^^^^^^^^^^^^^^^^
  File "/Users/grizzly/.pyenv/versions/mt/lib/python3.12/site-packages/django/db/models/fields/__init__.py", line 2756, in get_db_prep_value
    value = self.to_python(value)
            ^^^^^^^^^^^^^^^^^^^^^
  File "/Users/grizzly/.pyenv/versions/mt/lib/python3.12/site-packages/django/db/models/fields/__init__.py", line 2768, in to_python
    raise exceptions.ValidationError(
django.core.exceptions.ValidationError: ['“  (+918956047638)” is not a valid UUID.']
INFO 2026-04-12 04:04:03,848 autoreload 39791 8584863936 /Users/grizzly/grizzly/edu/python/django/dmoneytracker/apps/endusers/views.py changed, reloading.
INFO 2026-04-12 04:04:04,291 autoreload 39908 8584863936 Watching for file changes with StatReloader
INFO 2026-04-12 04:04:08,665 autoreload 39908 8584863936 /Users/grizzly/grizzly/edu/python/django/dmoneytracker/apps/endusers/views.py changed, reloading.
INFO 2026-04-12 04:04:08,920 autoreload 39933 8584863936 Watching for file changes with StatReloader
INFO 2026-04-12 04:09:25,933 autoreload 39933 8584863936 /Users/grizzly/grizzly/edu/python/django/dmoneytracker/apps/endusers/views.py changed, reloading.
INFO 2026-04-12 04:09:26,330 autoreload 40677 8584863936 Watching for file changes with StatReloader
INFO 2026-04-12 04:10:19,799 autoreload 40677 8584863936 /Users/grizzly/grizzly/edu/python/django/dmoneytracker/apps/endusers/views.py changed, reloading.
INFO 2026-04-12 04:10:20,192 autoreload 40801 8584863936 Watching for file changes with StatReloader
INFO 2026-04-12 04:10:37,999 autoreload 41244 8584863936 Watching for file changes with StatReloader
ERROR 2026-04-12 04:11:02,464 log 41244 6164754432 Internal Server Error: /api/users/verify-otp/
Traceback (most recent call last):
  File "/Users/grizzly/grizzly/edu/python/django/dmoneytracker/apps/endusers/views.py", line 348, in verify_otp
    user = EndUser.objects.get(mobile=mobile)
           ^^^^^^^^^^^^^^^^^^^^^^^^^^^^^^^^^^
  File "/Users/grizzly/.pyenv/versions/mt/lib/python3.12/site-packages/django/db/models/manager.py", line 87, in manager_method
    return getattr(self.get_queryset(), name)(*args, **kwargs)
           ^^^^^^^^^^^^^^^^^^^^^^^^^^^^^^^^^^^^^^^^^^^^^^^^^^^
  File "/Users/grizzly/.pyenv/versions/mt/lib/python3.12/site-packages/django/db/models/query.py", line 639, in get
    raise self.model.DoesNotExist(
apps.endusers.models.EndUser.DoesNotExist: EndUser matching query does not exist.

During handling of the above exception, another exception occurred:

Traceback (most recent call last):
  File "/Users/grizzly/.pyenv/versions/mt/lib/python3.12/site-packages/django/db/models/fields/__init__.py", line 2766, in to_python
    return uuid.UUID(**{input_form: value})
           ^^^^^^^^^^^^^^^^^^^^^^^^^^^^^^^^
  File "/Users/grizzly/.pyenv/versions/3.12.12/lib/python3.12/uuid.py", line 175, in __init__
    hex = hex.replace('urn:', '').replace('uuid:', '')
          ^^^^^^^^^^^
AttributeError: 'EndUser' object has no attribute 'replace'

During handling of the above exception, another exception occurred:

Traceback (most recent call last):
  File "/Users/grizzly/.pyenv/versions/mt/lib/python3.12/site-packages/django/core/handlers/exception.py", line 55, in inner
    response = get_response(request)
               ^^^^^^^^^^^^^^^^^^^^^
  File "/Users/grizzly/.pyenv/versions/mt/lib/python3.12/site-packages/django/core/handlers/base.py", line 198, in _get_response
    response = wrapped_callback(request, *callback_args, **callback_kwargs)
               ^^^^^^^^^^^^^^^^^^^^^^^^^^^^^^^^^^^^^^^^^^^^^^^^^^^^^^^^^^^^
  File "/Users/grizzly/.pyenv/versions/mt/lib/python3.12/site-packages/django/views/decorators/csrf.py", line 65, in _view_wrapper
    return view_func(request, *args, **kwargs)
           ^^^^^^^^^^^^^^^^^^^^^^^^^^^^^^^^^^^
  File "/Users/grizzly/.pyenv/versions/mt/lib/python3.12/site-packages/rest_framework/viewsets.py", line 125, in view
    return self.dispatch(request, *args, **kwargs)
           ^^^^^^^^^^^^^^^^^^^^^^^^^^^^^^^^^^^^^^^
  File "/Users/grizzly/.pyenv/versions/mt/lib/python3.12/site-packages/rest_framework/views.py", line 515, in dispatch
    response = self.handle_exception(exc)
               ^^^^^^^^^^^^^^^^^^^^^^^^^^
  File "/Users/grizzly/.pyenv/versions/mt/lib/python3.12/site-packages/rest_framework/views.py", line 475, in handle_exception
    self.raise_uncaught_exception(exc)
  File "/Users/grizzly/.pyenv/versions/mt/lib/python3.12/site-packages/rest_framework/views.py", line 486, in raise_uncaught_exception
    raise exc
  File "/Users/grizzly/.pyenv/versions/mt/lib/python3.12/site-packages/rest_framework/views.py", line 512, in dispatch
    response = handler(request, *args, **kwargs)
               ^^^^^^^^^^^^^^^^^^^^^^^^^^^^^^^^^
  File "/Users/grizzly/grizzly/edu/python/django/dmoneytracker/apps/endusers/views.py", line 370, in verify_otp
    _create_user_categories(user)
  File "/Users/grizzly/grizzly/edu/python/django/dmoneytracker/apps/endusers/views.py", line 47, in _create_user_categories
    UserCategories.objects.bulk_create(user_categories_to_create)
  File "/Users/grizzly/.pyenv/versions/mt/lib/python3.12/site-packages/django/db/models/manager.py", line 87, in manager_method
    return getattr(self.get_queryset(), name)(*args, **kwargs)
           ^^^^^^^^^^^^^^^^^^^^^^^^^^^^^^^^^^^^^^^^^^^^^^^^^^^
  File "/Users/grizzly/.pyenv/versions/mt/lib/python3.12/site-packages/django/db/models/query.py", line 816, in bulk_create
    returned_columns = self._batched_insert(
                       ^^^^^^^^^^^^^^^^^^^^^
  File "/Users/grizzly/.pyenv/versions/mt/lib/python3.12/site-packages/django/db/models/query.py", line 1956, in _batched_insert
    self._insert(
  File "/Users/grizzly/.pyenv/versions/mt/lib/python3.12/site-packages/django/db/models/query.py", line 1918, in _insert
    return query.get_compiler(using=using).execute_sql(returning_fields)
           ^^^^^^^^^^^^^^^^^^^^^^^^^^^^^^^^^^^^^^^^^^^^^^^^^^^^^^^^^^^^^
  File "/Users/grizzly/.pyenv/versions/mt/lib/python3.12/site-packages/django/db/models/sql/compiler.py", line 1924, in execute_sql
    for sql, params in self.as_sql():
                       ^^^^^^^^^^^^^
  File "/Users/grizzly/.pyenv/versions/mt/lib/python3.12/site-packages/django/db/models/sql/compiler.py", line 1813, in as_sql
    field_prepare(field_pre_save(obj)) for obj in self.query.objs
    ^^^^^^^^^^^^^^^^^^^^^^^^^^^^^^^^^^
  File "/Users/grizzly/.pyenv/versions/mt/lib/python3.12/site-packages/django/db/models/sql/compiler.py", line 1742, in prepare_value
    return field.get_db_prep_save(value, connection=self.connection)
           ^^^^^^^^^^^^^^^^^^^^^^^^^^^^^^^^^^^^^^^^^^^^^^^^^^^^^^^^^
  File "/Users/grizzly/.pyenv/versions/mt/lib/python3.12/site-packages/django/db/models/fields/__init__.py", line 1011, in get_db_prep_save
    return self.get_db_prep_value(value, connection=connection, prepared=False)
           ^^^^^^^^^^^^^^^^^^^^^^^^^^^^^^^^^^^^^^^^^^^^^^^^^^^^^^^^^^^^^^^^^^^^
  File "/Users/grizzly/.pyenv/versions/mt/lib/python3.12/site-packages/django/db/models/fields/__init__.py", line 2756, in get_db_prep_value
    value = self.to_python(value)
            ^^^^^^^^^^^^^^^^^^^^^
  File "/Users/grizzly/.pyenv/versions/mt/lib/python3.12/site-packages/django/db/models/fields/__init__.py", line 2768, in to_python
    raise exceptions.ValidationError(
django.core.exceptions.ValidationError: ['“  (+918956047638)” is not a valid UUID.']
INFO 2026-04-12 04:30:42,496 autoreload 41244 8584863936 /Users/grizzly/grizzly/edu/python/django/dmoneytracker/apps/endusers/views.py changed, reloading.
INFO 2026-04-12 04:30:43,148 autoreload 42878 8584863936 Watching for file changes with StatReloader
INFO 2026-04-12 04:30:44,454 autoreload 42878 8584863936 /Users/grizzly/grizzly/edu/python/django/dmoneytracker/apps/endusers/views.py changed, reloading.
INFO 2026-04-12 04:30:44,721 autoreload 42888 8584863936 Watching for file changes with StatReloader
INFO 2026-04-12 04:31:38,265 autoreload 42888 8584863936 /Users/grizzly/grizzly/edu/python/django/dmoneytracker/apps/endusers/views.py changed, reloading.
INFO 2026-04-12 04:31:38,736 autoreload 43056 8584863936 Watching for file changes with StatReloader
INFO 2026-04-12 04:32:16,154 autoreload 43056 8584863936 /Users/grizzly/grizzly/edu/python/django/dmoneytracker/apps/endusers/views.py changed, reloading.
INFO 2026-04-12 04:32:16,832 autoreload 43164 8584863936 Watching for file changes with StatReloader
INFO 2026-04-12 04:33:07,569 autoreload 43164 8584863936 /Users/grizzly/grizzly/edu/python/django/dmoneytracker/apps/endusers/views.py changed, reloading.
INFO 2026-04-12 04:33:08,040 autoreload 43300 8584863936 Watching for file changes with StatReloader
ERROR 2026-04-12 04:35:29,051 log 43300 6134411264 Internal Server Error: /api/users/verify-otp/
Traceback (most recent call last):
  File "/Users/grizzly/grizzly/edu/python/django/dmoneytracker/apps/endusers/views.py", line 351, in verify_otp
    user = EndUser.objects.get(mobile=mobile)
           ^^^^^^^^^^^^^^^^^^^^^^^^^^^^^^^^^^
  File "/Users/grizzly/.pyenv/versions/mt/lib/python3.12/site-packages/django/db/models/manager.py", line 87, in manager_method
    return getattr(self.get_queryset(), name)(*args, **kwargs)
           ^^^^^^^^^^^^^^^^^^^^^^^^^^^^^^^^^^^^^^^^^^^^^^^^^^^
  File "/Users/grizzly/.pyenv/versions/mt/lib/python3.12/site-packages/django/db/models/query.py", line 639, in get
    raise self.model.DoesNotExist(
apps.endusers.models.EndUser.DoesNotExist: EndUser matching query does not exist.

During handling of the above exception, another exception occurred:

Traceback (most recent call last):
  File "/Users/grizzly/.pyenv/versions/mt/lib/python3.12/site-packages/django/db/models/fields/__init__.py", line 2766, in to_python
    return uuid.UUID(**{input_form: value})
           ^^^^^^^^^^^^^^^^^^^^^^^^^^^^^^^^
  File "/Users/grizzly/.pyenv/versions/3.12.12/lib/python3.12/uuid.py", line 175, in __init__
    hex = hex.replace('urn:', '').replace('uuid:', '')
          ^^^^^^^^^^^
AttributeError: 'EndUser' object has no attribute 'replace'

During handling of the above exception, another exception occurred:

Traceback (most recent call last):
  File "/Users/grizzly/.pyenv/versions/mt/lib/python3.12/site-packages/django/core/handlers/exception.py", line 55, in inner
    response = get_response(request)
               ^^^^^^^^^^^^^^^^^^^^^
  File "/Users/grizzly/.pyenv/versions/mt/lib/python3.12/site-packages/django/core/handlers/base.py", line 198, in _get_response
    response = wrapped_callback(request, *callback_args, **callback_kwargs)
               ^^^^^^^^^^^^^^^^^^^^^^^^^^^^^^^^^^^^^^^^^^^^^^^^^^^^^^^^^^^^
  File "/Users/grizzly/.pyenv/versions/mt/lib/python3.12/site-packages/django/views/decorators/csrf.py", line 65, in _view_wrapper
    return view_func(request, *args, **kwargs)
           ^^^^^^^^^^^^^^^^^^^^^^^^^^^^^^^^^^^
  File "/Users/grizzly/.pyenv/versions/mt/lib/python3.12/site-packages/rest_framework/viewsets.py", line 125, in view
    return self.dispatch(request, *args, **kwargs)
           ^^^^^^^^^^^^^^^^^^^^^^^^^^^^^^^^^^^^^^^
  File "/Users/grizzly/.pyenv/versions/mt/lib/python3.12/site-packages/rest_framework/views.py", line 515, in dispatch
    response = self.handle_exception(exc)
               ^^^^^^^^^^^^^^^^^^^^^^^^^^
  File "/Users/grizzly/.pyenv/versions/mt/lib/python3.12/site-packages/rest_framework/views.py", line 475, in handle_exception
    self.raise_uncaught_exception(exc)
  File "/Users/grizzly/.pyenv/versions/mt/lib/python3.12/site-packages/rest_framework/views.py", line 486, in raise_uncaught_exception
    raise exc
  File "/Users/grizzly/.pyenv/versions/mt/lib/python3.12/site-packages/rest_framework/views.py", line 512, in dispatch
    response = handler(request, *args, **kwargs)
               ^^^^^^^^^^^^^^^^^^^^^^^^^^^^^^^^^
  File "/Users/grizzly/grizzly/edu/python/django/dmoneytracker/apps/endusers/views.py", line 375, in verify_otp
    _create_user_categories(user)
  File "/Users/grizzly/grizzly/edu/python/django/dmoneytracker/apps/endusers/views.py", line 48, in _create_user_categories
    UserCategories.objects.bulk_create(user_categories_to_create)
  File "/Users/grizzly/.pyenv/versions/mt/lib/python3.12/site-packages/django/db/models/manager.py", line 87, in manager_method
    return getattr(self.get_queryset(), name)(*args, **kwargs)
           ^^^^^^^^^^^^^^^^^^^^^^^^^^^^^^^^^^^^^^^^^^^^^^^^^^^
  File "/Users/grizzly/.pyenv/versions/mt/lib/python3.12/site-packages/django/db/models/query.py", line 816, in bulk_create
    returned_columns = self._batched_insert(
                       ^^^^^^^^^^^^^^^^^^^^^
  File "/Users/grizzly/.pyenv/versions/mt/lib/python3.12/site-packages/django/db/models/query.py", line 1956, in _batched_insert
    self._insert(
  File "/Users/grizzly/.pyenv/versions/mt/lib/python3.12/site-packages/django/db/models/query.py", line 1918, in _insert
    return query.get_compiler(using=using).execute_sql(returning_fields)
           ^^^^^^^^^^^^^^^^^^^^^^^^^^^^^^^^^^^^^^^^^^^^^^^^^^^^^^^^^^^^^
  File "/Users/grizzly/.pyenv/versions/mt/lib/python3.12/site-packages/django/db/models/sql/compiler.py", line 1924, in execute_sql
    for sql, params in self.as_sql():
                       ^^^^^^^^^^^^^
  File "/Users/grizzly/.pyenv/versions/mt/lib/python3.12/site-packages/django/db/models/sql/compiler.py", line 1813, in as_sql
    field_prepare(field_pre_save(obj)) for obj in self.query.objs
    ^^^^^^^^^^^^^^^^^^^^^^^^^^^^^^^^^^
  File "/Users/grizzly/.pyenv/versions/mt/lib/python3.12/site-packages/django/db/models/sql/compiler.py", line 1742, in prepare_value
    return field.get_db_prep_save(value, connection=self.connection)
           ^^^^^^^^^^^^^^^^^^^^^^^^^^^^^^^^^^^^^^^^^^^^^^^^^^^^^^^^^
  File "/Users/grizzly/.pyenv/versions/mt/lib/python3.12/site-packages/django/db/models/fields/__init__.py", line 1011, in get_db_prep_save
    return self.get_db_prep_value(value, connection=connection, prepared=False)
           ^^^^^^^^^^^^^^^^^^^^^^^^^^^^^^^^^^^^^^^^^^^^^^^^^^^^^^^^^^^^^^^^^^^^
  File "/Users/grizzly/.pyenv/versions/mt/lib/python3.12/site-packages/django/db/models/fields/__init__.py", line 2756, in get_db_prep_value
    value = self.to_python(value)
            ^^^^^^^^^^^^^^^^^^^^^
  File "/Users/grizzly/.pyenv/versions/mt/lib/python3.12/site-packages/django/db/models/fields/__init__.py", line 2768, in to_python
    raise exceptions.ValidationError(
django.core.exceptions.ValidationError: ['“  (+918956047638)” is not a valid UUID.']
INFO 2026-04-12 04:41:42,486 autoreload 43300 8584863936 /Users/grizzly/grizzly/edu/python/django/dmoneytracker/apps/endusers/views.py changed, reloading.
INFO 2026-04-12 04:41:43,046 autoreload 44594 8584863936 Watching for file changes with StatReloader
WARNING 2026-04-12 05:23:44,329 log 44594 6161051648 Unauthorized: /api/users/verify-otp/
WARNING 2026-04-12 05:45:11,494 log 44594 6161051648 Unauthorized: /api/users/verify-otp/
WARNING 2026-04-12 05:53:54,442 log 44594 6161051648 Unauthorized: /api/users/verify-otp/
INFO 2026-04-12 06:24:37,843 autoreload 44594 8584863936 /Users/grizzly/grizzly/edu/python/django/dmoneytracker/apps/endusers/views.py changed, reloading.
INFO 2026-04-12 06:24:38,471 autoreload 53196 8584863936 Watching for file changes with StatReloader
INFO 2026-04-12 06:24:40,931 autoreload 53196 8584863936 /Users/grizzly/grizzly/edu/python/django/dmoneytracker/apps/endusers/views.py changed, reloading.
INFO 2026-04-12 06:24:41,225 autoreload 53217 8584863936 Watching for file changes with StatReloader
INFO 2026-04-12 06:24:48,686 autoreload 53217 8584863936 /Users/grizzly/grizzly/edu/python/django/dmoneytracker/apps/endusers/views.py changed, reloading.
INFO 2026-04-12 06:24:48,969 autoreload 53252 8584863936 Watching for file changes with StatReloader
INFO 2026-04-12 06:24:51,350 autoreload 53252 8584863936 /Users/grizzly/grizzly/edu/python/django/dmoneytracker/apps/endusers/views.py changed, reloading.
INFO 2026-04-12 06:24:51,611 autoreload 53270 8584863936 Watching for file changes with StatReloader
WARNING 2026-04-12 06:25:06,026 log 53270 6205403136 Unauthorized: /api/users/verify-otp/
INFO 2026-04-12 06:25:39,507 autoreload 53504 8584863936 Watching for file changes with StatReloader
ERROR 2026-04-12 06:25:47,079 log 53504 6162067456 Internal Server Error: /api/users/verify-otp/
Traceback (most recent call last):
  File "/Users/grizzly/.pyenv/versions/mt/lib/python3.12/site-packages/django/core/handlers/exception.py", line 55, in inner
    response = get_response(request)
               ^^^^^^^^^^^^^^^^^^^^^
  File "/Users/grizzly/.pyenv/versions/mt/lib/python3.12/site-packages/django/core/handlers/base.py", line 198, in _get_response
    response = wrapped_callback(request, *callback_args, **callback_kwargs)
               ^^^^^^^^^^^^^^^^^^^^^^^^^^^^^^^^^^^^^^^^^^^^^^^^^^^^^^^^^^^^
  File "/Users/grizzly/.pyenv/versions/mt/lib/python3.12/site-packages/django/views/decorators/csrf.py", line 65, in _view_wrapper
    return view_func(request, *args, **kwargs)
           ^^^^^^^^^^^^^^^^^^^^^^^^^^^^^^^^^^^
  File "/Users/grizzly/.pyenv/versions/mt/lib/python3.12/site-packages/rest_framework/viewsets.py", line 125, in view
    return self.dispatch(request, *args, **kwargs)
           ^^^^^^^^^^^^^^^^^^^^^^^^^^^^^^^^^^^^^^^
  File "/Users/grizzly/.pyenv/versions/mt/lib/python3.12/site-packages/rest_framework/views.py", line 517, in dispatch
    self.response = self.finalize_response(request, response, *args, **kwargs)
                    ^^^^^^^^^^^^^^^^^^^^^^^^^^^^^^^^^^^^^^^^^^^^^^^^^^^^^^^^^^
  File "/Users/grizzly/.pyenv/versions/mt/lib/python3.12/site-packages/rest_framework/views.py", line 429, in finalize_response
    assert isinstance(response, HttpResponseBase), (
           ^^^^^^^^^^^^^^^^^^^^^^^^^^^^^^^^^^^^^^
AssertionError: Expected a `Response`, `HttpResponse` or `StreamingHttpResponse` to be returned from the view, but received a `<class 'NoneType'>`
INFO 2026-04-12 06:26:30,228 autoreload 53504 8584863936 /Users/grizzly/grizzly/edu/python/django/dmoneytracker/apps/endusers/views.py changed, reloading.
INFO 2026-04-12 06:26:30,777 autoreload 53634 8584863936 Watching for file changes with StatReloader
INFO 2026-04-12 06:26:37,522 autoreload 53634 8584863936 /Users/grizzly/grizzly/edu/python/django/dmoneytracker/apps/endusers/views.py changed, reloading.
INFO 2026-04-12 06:26:37,891 autoreload 53673 8584863936 Watching for file changes with StatReloader
INFO 2026-04-12 06:26:43,324 autoreload 53673 8584863936 /Users/grizzly/grizzly/edu/python/django/dmoneytracker/apps/endusers/views.py changed, reloading.
INFO 2026-04-12 06:26:43,679 autoreload 53699 8584863936 Watching for file changes with StatReloader
INFO 2026-04-12 06:26:51,196 autoreload 53699 8584863936 /Users/grizzly/grizzly/edu/python/django/dmoneytracker/apps/endusers/views.py changed, reloading.
INFO 2026-04-12 06:26:51,976 autoreload 53737 8584863936 Watching for file changes with StatReloader
ERROR 2026-04-12 06:26:54,970 log 53737 6126661632 Internal Server Error: /api/users/verify-otp/
Traceback (most recent call last):
  File "/Users/grizzly/.pyenv/versions/mt/lib/python3.12/site-packages/django/core/handlers/exception.py", line 55, in inner
    response = get_response(request)
               ^^^^^^^^^^^^^^^^^^^^^
  File "/Users/grizzly/.pyenv/versions/mt/lib/python3.12/site-packages/django/core/handlers/base.py", line 198, in _get_response
    response = wrapped_callback(request, *callback_args, **callback_kwargs)
               ^^^^^^^^^^^^^^^^^^^^^^^^^^^^^^^^^^^^^^^^^^^^^^^^^^^^^^^^^^^^
  File "/Users/grizzly/.pyenv/versions/mt/lib/python3.12/site-packages/django/views/decorators/csrf.py", line 65, in _view_wrapper
    return view_func(request, *args, **kwargs)
           ^^^^^^^^^^^^^^^^^^^^^^^^^^^^^^^^^^^
  File "/Users/grizzly/.pyenv/versions/mt/lib/python3.12/site-packages/rest_framework/viewsets.py", line 125, in view
    return self.dispatch(request, *args, **kwargs)
           ^^^^^^^^^^^^^^^^^^^^^^^^^^^^^^^^^^^^^^^
  File "/Users/grizzly/.pyenv/versions/mt/lib/python3.12/site-packages/rest_framework/views.py", line 517, in dispatch
    self.response = self.finalize_response(request, response, *args, **kwargs)
                    ^^^^^^^^^^^^^^^^^^^^^^^^^^^^^^^^^^^^^^^^^^^^^^^^^^^^^^^^^^
  File "/Users/grizzly/.pyenv/versions/mt/lib/python3.12/site-packages/rest_framework/views.py", line 429, in finalize_response
    assert isinstance(response, HttpResponseBase), (
           ^^^^^^^^^^^^^^^^^^^^^^^^^^^^^^^^^^^^^^
AssertionError: Expected a `Response`, `HttpResponse` or `StreamingHttpResponse` to be returned from the view, but received a `<class 'NoneType'>`
INFO 2026-04-12 06:36:13,541 autoreload 53737 8584863936 /Users/grizzly/grizzly/edu/python/django/dmoneytracker/apps/endusers/views.py changed, reloading.
INFO 2026-04-12 06:36:14,076 autoreload 54725 8584863936 Watching for file changes with StatReloader
INFO 2026-04-12 06:45:06,927 autoreload 54725 8584863936 /Users/grizzly/grizzly/edu/python/django/dmoneytracker/apps/endusers/views.py changed, reloading.
INFO 2026-04-12 06:45:07,429 autoreload 55974 8584863936 Watching for file changes with StatReloader
INFO 2026-04-12 06:45:11,788 autoreload 55974 8584863936 /Users/grizzly/grizzly/edu/python/django/dmoneytracker/apps/endusers/views.py changed, reloading.
INFO 2026-04-12 06:45:12,055 autoreload 55998 8584863936 Watching for file changes with StatReloader
INFO 2026-04-12 06:45:15,545 autoreload 55998 8584863936 /Users/grizzly/grizzly/edu/python/django/dmoneytracker/apps/endusers/views.py changed, reloading.
INFO 2026-04-12 06:45:16,004 autoreload 56024 8584863936 Watching for file changes with StatReloader
WARNING 2026-04-12 07:13:19,090 log 56024 6191443968 Unauthorized: /api/users/profile/
WARNING 2026-04-12 07:13:19,669 log 56024 6208270336 Unauthorized: /api/users/profile/
ERROR 2026-04-12 07:13:19,735 log 56024 6191443968 Internal Server Error: /api/users/refresh-token
Traceback (most recent call last):
  File "/Users/grizzly/.pyenv/versions/mt/lib/python3.12/site-packages/django/core/handlers/exception.py", line 55, in inner
    response = get_response(request)
               ^^^^^^^^^^^^^^^^^^^^^
  File "/Users/grizzly/.pyenv/versions/mt/lib/python3.12/site-packages/django/utils/deprecation.py", line 311, in __call__
    response = self.process_response(request, response)
               ^^^^^^^^^^^^^^^^^^^^^^^^^^^^^^^^^^^^^^^^
  File "/Users/grizzly/.pyenv/versions/mt/lib/python3.12/site-packages/django/middleware/common.py", line 109, in process_response
    self.get_full_path_with_slash(request)
  File "/Users/grizzly/.pyenv/versions/mt/lib/python3.12/site-packages/django/middleware/common.py", line 87, in get_full_path_with_slash
    raise RuntimeError(
RuntimeError: You called this URL via POST, but the URL doesn't end in a slash and you have APPEND_SLASH set. Django can't redirect to the slash URL while maintaining POST data. Change your form to point to localhost:8000/api/users/refresh-token/ (note the trailing slash), or set APPEND_SLASH=False in your Django settings.
ERROR 2026-04-12 07:13:20,272 log 56024 6208270336 Internal Server Error: /api/users/refresh-token
Traceback (most recent call last):
  File "/Users/grizzly/.pyenv/versions/mt/lib/python3.12/site-packages/django/core/handlers/exception.py", line 55, in inner
    response = get_response(request)
               ^^^^^^^^^^^^^^^^^^^^^
  File "/Users/grizzly/.pyenv/versions/mt/lib/python3.12/site-packages/django/utils/deprecation.py", line 311, in __call__
    response = self.process_response(request, response)
               ^^^^^^^^^^^^^^^^^^^^^^^^^^^^^^^^^^^^^^^^
  File "/Users/grizzly/.pyenv/versions/mt/lib/python3.12/site-packages/django/middleware/common.py", line 109, in process_response
    self.get_full_path_with_slash(request)
  File "/Users/grizzly/.pyenv/versions/mt/lib/python3.12/site-packages/django/middleware/common.py", line 87, in get_full_path_with_slash
    raise RuntimeError(
RuntimeError: You called this URL via POST, but the URL doesn't end in a slash and you have APPEND_SLASH set. Django can't redirect to the slash URL while maintaining POST data. Change your form to point to localhost:8000/api/users/refresh-token/ (note the trailing slash), or set APPEND_SLASH=False in your Django settings.
INFO 2026-04-12 07:18:12,051 autoreload 56024 8584863936 /Users/grizzly/grizzly/edu/python/django/dmoneytracker/apps/endusers/views.py changed, reloading.
INFO 2026-04-12 07:18:12,576 autoreload 60420 8584863936 Watching for file changes with StatReloader
INFO 2026-04-12 07:18:13,883 autoreload 60420 8584863936 /Users/grizzly/grizzly/edu/python/django/dmoneytracker/apps/endusers/views.py changed, reloading.
INFO 2026-04-12 07:18:14,131 autoreload 60428 8584863936 Watching for file changes with StatReloader
INFO 2026-04-12 07:18:15,521 autoreload 60428 8584863936 /Users/grizzly/grizzly/edu/python/django/dmoneytracker/apps/endusers/views.py changed, reloading.
INFO 2026-04-12 07:18:15,878 autoreload 60438 8584863936 Watching for file changes with StatReloader
INFO 2026-04-12 07:18:31,587 autoreload 60438 8584863936 /Users/grizzly/grizzly/edu/python/django/dmoneytracker/apps/endusers/views.py changed, reloading.
INFO 2026-04-12 07:18:31,960 autoreload 60491 8584863936 Watching for file changes with StatReloader
INFO 2026-04-12 07:27:31,759 autoreload 60491 8584863936 /Users/grizzly/grizzly/edu/python/django/dmoneytracker/apps/endusers/views.py changed, reloading.
INFO 2026-04-12 07:27:32,233 autoreload 61884 8584863936 Watching for file changes with StatReloader
INFO 2026-04-12 07:27:43,948 autoreload 61884 8584863936 /Users/grizzly/grizzly/edu/python/django/dmoneytracker/apps/endusers/views.py changed, reloading.
INFO 2026-04-12 07:27:44,300 autoreload 61921 8584863936 Watching for file changes with StatReloader
INFO 2026-04-12 07:27:52,808 autoreload 61921 8584863936 /Users/grizzly/grizzly/edu/python/django/dmoneytracker/apps/endusers/views.py changed, reloading.
INFO 2026-04-12 07:27:53,180 autoreload 61960 8584863936 Watching for file changes with StatReloader
INFO 2026-04-12 07:28:06,746 autoreload 61960 8584863936 /Users/grizzly/grizzly/edu/python/django/dmoneytracker/apps/endusers/views.py changed, reloading.
INFO 2026-04-12 07:28:07,130 autoreload 62010 8584863936 Watching for file changes with StatReloader
INFO 2026-04-12 07:28:10,585 autoreload 62010 8584863936 /Users/grizzly/grizzly/edu/python/django/dmoneytracker/apps/endusers/views.py changed, reloading.
INFO 2026-04-12 07:28:10,824 autoreload 62030 8584863936 Watching for file changes with StatReloader
INFO 2026-04-12 07:28:38,792 autoreload 62030 8584863936 /Users/grizzly/grizzly/edu/python/django/dmoneytracker/apps/endusers/views.py changed, reloading.
INFO 2026-04-12 07:28:39,224 autoreload 62111 8584863936 Watching for file changes with StatReloader
INFO 2026-04-12 07:28:42,739 autoreload 62111 8584863936 /Users/grizzly/grizzly/edu/python/django/dmoneytracker/apps/endusers/views.py changed, reloading.
INFO 2026-04-12 07:28:42,974 autoreload 62134 8584863936 Watching for file changes with StatReloader
INFO 2026-04-12 07:28:44,551 autoreload 62134 8584863936 /Users/grizzly/grizzly/edu/python/django/dmoneytracker/apps/endusers/views.py changed, reloading.
INFO 2026-04-12 07:28:44,829 autoreload 62147 8584863936 Watching for file changes with StatReloader
INFO 2026-04-12 07:28:50,240 autoreload 62147 8584863936 /Users/grizzly/grizzly/edu/python/django/dmoneytracker/apps/endusers/views.py changed, reloading.
INFO 2026-04-12 07:28:50,767 autoreload 62171 8584863936 Watching for file changes with StatReloader
INFO 2026-04-12 07:28:56,205 autoreload 62171 8584863936 /Users/grizzly/grizzly/edu/python/django/dmoneytracker/apps/endusers/views.py changed, reloading.
INFO 2026-04-12 07:28:56,480 autoreload 62200 8584863936 Watching for file changes with StatReloader
WARNING 2026-04-12 07:50:19,063 log 62200 6137950208 Not Found: /
WARNING 2026-04-12 07:52:46,150 log 62200 6137950208 Bad Request: /api/users/category/
WARNING 2026-04-12 07:54:01,727 log 62200 6137950208 Bad Request: /api/subcategories/sub-category/
INFO 2026-04-12 16:51:50,383 autoreload 62200 8584863936 /Users/grizzly/grizzly/edu/python/django/dmoneytracker/apps/transactions/viewsets.py changed, reloading.
INFO 2026-04-12 16:51:51,053 autoreload 86755 8584863936 Watching for file changes with StatReloader
INFO 2026-04-12 16:53:04,452 autoreload 86755 8584863936 /Users/grizzly/grizzly/edu/python/django/dmoneytracker/apps/subcategories/viewsets.py changed, reloading.
INFO 2026-04-12 16:53:05,018 autoreload 86953 8584863936 Watching for file changes with StatReloader
INFO 2026-04-12 16:54:44,980 autoreload 86953 8584863936 /Users/grizzly/grizzly/edu/python/django/dmoneytracker/apps/endusers/views.py changed, reloading.
INFO 2026-04-12 16:54:45,447 autoreload 87207 8584863936 Watching for file changes with StatReloader
WARNING 2026-04-18 06:58:00,033 log 87207 6161362944 Unauthorized: /api/transactions/transactions/
WARNING 2026-04-18 06:58:00,609 log 87207 6178189312 Unauthorized: /api/transactions/transactions/
ERROR 2026-04-18 06:58:00,646 log 87207 6161362944 Internal Server Error: /api/users/refresh-token
Traceback (most recent call last):
  File "/Users/grizzly/.pyenv/versions/mt/lib/python3.12/site-packages/django/core/handlers/exception.py", line 55, in inner
    response = get_response(request)
               ^^^^^^^^^^^^^^^^^^^^^
  File "/Users/grizzly/.pyenv/versions/mt/lib/python3.12/site-packages/django/utils/deprecation.py", line 311, in __call__
    response = self.process_response(request, response)
               ^^^^^^^^^^^^^^^^^^^^^^^^^^^^^^^^^^^^^^^^
  File "/Users/grizzly/.pyenv/versions/mt/lib/python3.12/site-packages/django/middleware/common.py", line 109, in process_response
    self.get_full_path_with_slash(request)
  File "/Users/grizzly/.pyenv/versions/mt/lib/python3.12/site-packages/django/middleware/common.py", line 87, in get_full_path_with_slash
    raise RuntimeError(
RuntimeError: You called this URL via POST, but the URL doesn't end in a slash and you have APPEND_SLASH set. Django can't redirect to the slash URL while maintaining POST data. Change your form to point to localhost:8000/api/users/refresh-token/ (note the trailing slash), or set APPEND_SLASH=False in your Django settings.
ERROR 2026-04-18 06:58:01,202 log 87207 6178189312 Internal Server Error: /api/users/refresh-token
Traceback (most recent call last):
  File "/Users/grizzly/.pyenv/versions/mt/lib/python3.12/site-packages/django/core/handlers/exception.py", line 55, in inner
    response = get_response(request)
               ^^^^^^^^^^^^^^^^^^^^^
  File "/Users/grizzly/.pyenv/versions/mt/lib/python3.12/site-packages/django/utils/deprecation.py", line 311, in __call__
    response = self.process_response(request, response)
               ^^^^^^^^^^^^^^^^^^^^^^^^^^^^^^^^^^^^^^^^
  File "/Users/grizzly/.pyenv/versions/mt/lib/python3.12/site-packages/django/middleware/common.py", line 109, in process_response
    self.get_full_path_with_slash(request)
  File "/Users/grizzly/.pyenv/versions/mt/lib/python3.12/site-packages/django/middleware/common.py", line 87, in get_full_path_with_slash
    raise RuntimeError(
RuntimeError: You called this URL via POST, but the URL doesn't end in a slash and you have APPEND_SLASH set. Django can't redirect to the slash URL while maintaining POST data. Change your form to point to localhost:8000/api/users/refresh-token/ (note the trailing slash), or set APPEND_SLASH=False in your Django settings.
WARNING 2026-04-18 06:58:02,927 log 87207 6178189312 Unauthorized: /api/categories/category-transactions/
WARNING 2026-04-18 06:58:03,499 log 87207 6161362944 Unauthorized: /api/categories/category-transactions/
ERROR 2026-04-18 06:58:03,528 log 87207 6178189312 Internal Server Error: /api/users/refresh-token
Traceback (most recent call last):
  File "/Users/grizzly/.pyenv/versions/mt/lib/python3.12/site-packages/django/core/handlers/exception.py", line 55, in inner
    response = get_response(request)
               ^^^^^^^^^^^^^^^^^^^^^
  File "/Users/grizzly/.pyenv/versions/mt/lib/python3.12/site-packages/django/utils/deprecation.py", line 311, in __call__
    response = self.process_response(request, response)
               ^^^^^^^^^^^^^^^^^^^^^^^^^^^^^^^^^^^^^^^^
  File "/Users/grizzly/.pyenv/versions/mt/lib/python3.12/site-packages/django/middleware/common.py", line 109, in process_response
    self.get_full_path_with_slash(request)
  File "/Users/grizzly/.pyenv/versions/mt/lib/python3.12/site-packages/django/middleware/common.py", line 87, in get_full_path_with_slash
    raise RuntimeError(
RuntimeError: You called this URL via POST, but the URL doesn't end in a slash and you have APPEND_SLASH set. Django can't redirect to the slash URL while maintaining POST data. Change your form to point to localhost:8000/api/users/refresh-token/ (note the trailing slash), or set APPEND_SLASH=False in your Django settings.
ERROR 2026-04-18 06:58:04,090 log 87207 6161362944 Internal Server Error: /api/users/refresh-token
Traceback (most recent call last):
  File "/Users/grizzly/.pyenv/versions/mt/lib/python3.12/site-packages/django/core/handlers/exception.py", line 55, in inner
    response = get_response(request)
               ^^^^^^^^^^^^^^^^^^^^^
  File "/Users/grizzly/.pyenv/versions/mt/lib/python3.12/site-packages/django/utils/deprecation.py", line 311, in __call__
    response = self.process_response(request, response)
               ^^^^^^^^^^^^^^^^^^^^^^^^^^^^^^^^^^^^^^^^
  File "/Users/grizzly/.pyenv/versions/mt/lib/python3.12/site-packages/django/middleware/common.py", line 109, in process_response
    self.get_full_path_with_slash(request)
  File "/Users/grizzly/.pyenv/versions/mt/lib/python3.12/site-packages/django/middleware/common.py", line 87, in get_full_path_with_slash
    raise RuntimeError(
RuntimeError: You called this URL via POST, but the URL doesn't end in a slash and you have APPEND_SLASH set. Django can't redirect to the slash URL while maintaining POST data. Change your form to point to localhost:8000/api/users/refresh-token/ (note the trailing slash), or set APPEND_SLASH=False in your Django settings.
WARNING 2026-04-18 06:58:06,680 log 87207 6161362944 Unauthorized: /api/users/profile/
WARNING 2026-04-18 06:58:07,255 log 87207 6178189312 Unauthorized: /api/users/profile/
ERROR 2026-04-18 06:58:07,270 log 87207 6161362944 Internal Server Error: /api/users/refresh-token
Traceback (most recent call last):
  File "/Users/grizzly/.pyenv/versions/mt/lib/python3.12/site-packages/django/core/handlers/exception.py", line 55, in inner
    response = get_response(request)
               ^^^^^^^^^^^^^^^^^^^^^
  File "/Users/grizzly/.pyenv/versions/mt/lib/python3.12/site-packages/django/utils/deprecation.py", line 311, in __call__
    response = self.process_response(request, response)
               ^^^^^^^^^^^^^^^^^^^^^^^^^^^^^^^^^^^^^^^^
  File "/Users/grizzly/.pyenv/versions/mt/lib/python3.12/site-packages/django/middleware/common.py", line 109, in process_response
    self.get_full_path_with_slash(request)
  File "/Users/grizzly/.pyenv/versions/mt/lib/python3.12/site-packages/django/middleware/common.py", line 87, in get_full_path_with_slash
    raise RuntimeError(
RuntimeError: You called this URL via POST, but the URL doesn't end in a slash and you have APPEND_SLASH set. Django can't redirect to the slash URL while maintaining POST data. Change your form to point to localhost:8000/api/users/refresh-token/ (note the trailing slash), or set APPEND_SLASH=False in your Django settings.
ERROR 2026-04-18 06:58:07,850 log 87207 6178189312 Internal Server Error: /api/users/refresh-token
Traceback (most recent call last):
  File "/Users/grizzly/.pyenv/versions/mt/lib/python3.12/site-packages/django/core/handlers/exception.py", line 55, in inner
    response = get_response(request)
               ^^^^^^^^^^^^^^^^^^^^^
  File "/Users/grizzly/.pyenv/versions/mt/lib/python3.12/site-packages/django/utils/deprecation.py", line 311, in __call__
    response = self.process_response(request, response)
               ^^^^^^^^^^^^^^^^^^^^^^^^^^^^^^^^^^^^^^^^
  File "/Users/grizzly/.pyenv/versions/mt/lib/python3.12/site-packages/django/middleware/common.py", line 109, in process_response
    self.get_full_path_with_slash(request)
  File "/Users/grizzly/.pyenv/versions/mt/lib/python3.12/site-packages/django/middleware/common.py", line 87, in get_full_path_with_slash
    raise RuntimeError(
RuntimeError: You called this URL via POST, but the URL doesn't end in a slash and you have APPEND_SLASH set. Django can't redirect to the slash URL while maintaining POST data. Change your form to point to localhost:8000/api/users/refresh-token/ (note the trailing slash), or set APPEND_SLASH=False in your Django settings.
WARNING 2026-04-18 06:58:38,122 log 87207 6161362944 Method Not Allowed: /api/subcategories/sub-category/
WARNING 2026-04-18 06:58:38,698 log 87207 6178189312 Method Not Allowed: /api/subcategories/sub-category/
WARNING 2026-04-18 12:23:26,200 log 87207 6127710208 Method Not Allowed: /api/subcategories/sub-category/
WARNING 2026-04-18 12:23:26,775 log 87207 6144536576 Method Not Allowed: /api/subcategories/sub-category/
INFO 2026-04-25 08:59:48,222 autoreload 18398 8598413504 Watching for file changes with StatReloader
WARNING 2026-04-25 09:01:03,575 log 18398 6205501440 Not Found: /favicon.ico
WARNING 2026-04-25 09:04:09,631 log 18398 6239154176 Unauthorized: /api/wishlist/
WARNING 2026-04-25 09:04:09,634 log 18398 6222327808 Unauthorized: /api/wishlist/
ERROR 2026-04-25 09:04:09,666 log 18398 6222327808 Internal Server Error: /api/users/refresh-token
Traceback (most recent call last):
  File "/Users/grizzly/.pyenv/versions/mt/lib/python3.12/site-packages/django/core/handlers/exception.py", line 55, in inner
    response = get_response(request)
               ^^^^^^^^^^^^^^^^^^^^^
  File "/Users/grizzly/.pyenv/versions/mt/lib/python3.12/site-packages/django/utils/deprecation.py", line 311, in __call__
    response = self.process_response(request, response)
               ^^^^^^^^^^^^^^^^^^^^^^^^^^^^^^^^^^^^^^^^
  File "/Users/grizzly/.pyenv/versions/mt/lib/python3.12/site-packages/django/middleware/common.py", line 109, in process_response
    self.get_full_path_with_slash(request)
  File "/Users/grizzly/.pyenv/versions/mt/lib/python3.12/site-packages/django/middleware/common.py", line 87, in get_full_path_with_slash
    raise RuntimeError(
RuntimeError: You called this URL via POST, but the URL doesn't end in a slash and you have APPEND_SLASH set. Django can't redirect to the slash URL while maintaining POST data. Change your form to point to localhost:8000/api/users/refresh-token/ (note the trailing slash), or set APPEND_SLASH=False in your Django settings.
ERROR 2026-04-25 09:04:09,673 log 18398 6239154176 Internal Server Error: /api/users/refresh-token
Traceback (most recent call last):
  File "/Users/grizzly/.pyenv/versions/mt/lib/python3.12/site-packages/django/core/handlers/exception.py", line 55, in inner
    response = get_response(request)
               ^^^^^^^^^^^^^^^^^^^^^
  File "/Users/grizzly/.pyenv/versions/mt/lib/python3.12/site-packages/django/utils/deprecation.py", line 311, in __call__
    response = self.process_response(request, response)
               ^^^^^^^^^^^^^^^^^^^^^^^^^^^^^^^^^^^^^^^^
  File "/Users/grizzly/.pyenv/versions/mt/lib/python3.12/site-packages/django/middleware/common.py", line 109, in process_response
    self.get_full_path_with_slash(request)
  File "/Users/grizzly/.pyenv/versions/mt/lib/python3.12/site-packages/django/middleware/common.py", line 87, in get_full_path_with_slash
    raise RuntimeError(
RuntimeError: You called this URL via POST, but the URL doesn't end in a slash and you have APPEND_SLASH set. Django can't redirect to the slash URL while maintaining POST data. Change your form to point to localhost:8000/api/users/refresh-token/ (note the trailing slash), or set APPEND_SLASH=False in your Django settings.
WARNING 2026-04-25 09:05:12,566 log 18398 6239154176 Unauthorized: /api/transactions/transactions/
WARNING 2026-04-25 09:05:12,570 log 18398 6222327808 Unauthorized: /api/transactions/transactions/
ERROR 2026-04-25 09:05:12,607 log 18398 6239154176 Internal Server Error: /api/users/refresh-token
Traceback (most recent call last):
  File "/Users/grizzly/.pyenv/versions/mt/lib/python3.12/site-packages/django/core/handlers/exception.py", line 55, in inner
    response = get_response(request)
               ^^^^^^^^^^^^^^^^^^^^^
  File "/Users/grizzly/.pyenv/versions/mt/lib/python3.12/site-packages/django/utils/deprecation.py", line 311, in __call__
    response = self.process_response(request, response)
               ^^^^^^^^^^^^^^^^^^^^^^^^^^^^^^^^^^^^^^^^
  File "/Users/grizzly/.pyenv/versions/mt/lib/python3.12/site-packages/django/middleware/common.py", line 109, in process_response
    self.get_full_path_with_slash(request)
  File "/Users/grizzly/.pyenv/versions/mt/lib/python3.12/site-packages/django/middleware/common.py", line 87, in get_full_path_with_slash
    raise RuntimeError(
RuntimeError: You called this URL via POST, but the URL doesn't end in a slash and you have APPEND_SLASH set. Django can't redirect to the slash URL while maintaining POST data. Change your form to point to localhost:8000/api/users/refresh-token/ (note the trailing slash), or set APPEND_SLASH=False in your Django settings.
ERROR 2026-04-25 09:05:12,614 log 18398 6222327808 Internal Server Error: /api/users/refresh-token
Traceback (most recent call last):
  File "/Users/grizzly/.pyenv/versions/mt/lib/python3.12/site-packages/django/core/handlers/exception.py", line 55, in inner
    response = get_response(request)
               ^^^^^^^^^^^^^^^^^^^^^
  File "/Users/grizzly/.pyenv/versions/mt/lib/python3.12/site-packages/django/utils/deprecation.py", line 311, in __call__
    response = self.process_response(request, response)
               ^^^^^^^^^^^^^^^^^^^^^^^^^^^^^^^^^^^^^^^^
  File "/Users/grizzly/.pyenv/versions/mt/lib/python3.12/site-packages/django/middleware/common.py", line 109, in process_response
    self.get_full_path_with_slash(request)
  File "/Users/grizzly/.pyenv/versions/mt/lib/python3.12/site-packages/django/middleware/common.py", line 87, in get_full_path_with_slash
    raise RuntimeError(
RuntimeError: You called this URL via POST, but the URL doesn't end in a slash and you have APPEND_SLASH set. Django can't redirect to the slash URL while maintaining POST data. Change your form to point to localhost:8000/api/users/refresh-token/ (note the trailing slash), or set APPEND_SLASH=False in your Django settings.
WARNING 2026-04-25 09:05:13,236 log 18398 6222327808 Unauthorized: /api/categories/category-transactions/
WARNING 2026-04-25 09:05:13,241 log 18398 6222327808 Unauthorized: /api/categories/category-transactions/
ERROR 2026-04-25 09:05:13,275 log 18398 6239154176 Internal Server Error: /api/users/refresh-token
Traceback (most recent call last):
  File "/Users/grizzly/.pyenv/versions/mt/lib/python3.12/site-packages/django/core/handlers/exception.py", line 55, in inner
    response = get_response(request)
               ^^^^^^^^^^^^^^^^^^^^^
  File "/Users/grizzly/.pyenv/versions/mt/lib/python3.12/site-packages/django/utils/deprecation.py", line 311, in __call__
    response = self.process_response(request, response)
               ^^^^^^^^^^^^^^^^^^^^^^^^^^^^^^^^^^^^^^^^
  File "/Users/grizzly/.pyenv/versions/mt/lib/python3.12/site-packages/django/middleware/common.py", line 109, in process_response
    self.get_full_path_with_slash(request)
  File "/Users/grizzly/.pyenv/versions/mt/lib/python3.12/site-packages/django/middleware/common.py", line 87, in get_full_path_with_slash
    raise RuntimeError(
RuntimeError: You called this URL via POST, but the URL doesn't end in a slash and you have APPEND_SLASH set. Django can't redirect to the slash URL while maintaining POST data. Change your form to point to localhost:8000/api/users/refresh-token/ (note the trailing slash), or set APPEND_SLASH=False in your Django settings.
ERROR 2026-04-25 09:05:13,285 log 18398 6222327808 Internal Server Error: /api/users/refresh-token
Traceback (most recent call last):
  File "/Users/grizzly/.pyenv/versions/mt/lib/python3.12/site-packages/django/core/handlers/exception.py", line 55, in inner
    response = get_response(request)
               ^^^^^^^^^^^^^^^^^^^^^
  File "/Users/grizzly/.pyenv/versions/mt/lib/python3.12/site-packages/django/utils/deprecation.py", line 311, in __call__
    response = self.process_response(request, response)
               ^^^^^^^^^^^^^^^^^^^^^^^^^^^^^^^^^^^^^^^^
  File "/Users/grizzly/.pyenv/versions/mt/lib/python3.12/site-packages/django/middleware/common.py", line 109, in process_response
    self.get_full_path_with_slash(request)
  File "/Users/grizzly/.pyenv/versions/mt/lib/python3.12/site-packages/django/middleware/common.py", line 87, in get_full_path_with_slash
    raise RuntimeError(
RuntimeError: You called this URL via POST, but the URL doesn't end in a slash and you have APPEND_SLASH set. Django can't redirect to the slash URL while maintaining POST data. Change your form to point to localhost:8000/api/users/refresh-token/ (note the trailing slash), or set APPEND_SLASH=False in your Django settings.
WARNING 2026-04-25 09:05:13,701 log 18398 6222327808 Unauthorized: /api/wishlist/
WARNING 2026-04-25 09:05:13,704 log 18398 6222327808 Unauthorized: /api/wishlist/
ERROR 2026-04-25 09:05:13,750 log 18398 6239154176 Internal Server Error: /api/users/refresh-token
Traceback (most recent call last):
  File "/Users/grizzly/.pyenv/versions/mt/lib/python3.12/site-packages/django/core/handlers/exception.py", line 55, in inner
    response = get_response(request)
               ^^^^^^^^^^^^^^^^^^^^^
  File "/Users/grizzly/.pyenv/versions/mt/lib/python3.12/site-packages/django/utils/deprecation.py", line 311, in __call__
    response = self.process_response(request, response)
               ^^^^^^^^^^^^^^^^^^^^^^^^^^^^^^^^^^^^^^^^
  File "/Users/grizzly/.pyenv/versions/mt/lib/python3.12/site-packages/django/middleware/common.py", line 109, in process_response
    self.get_full_path_with_slash(request)
  File "/Users/grizzly/.pyenv/versions/mt/lib/python3.12/site-packages/django/middleware/common.py", line 87, in get_full_path_with_slash
    raise RuntimeError(
RuntimeError: You called this URL via POST, but the URL doesn't end in a slash and you have APPEND_SLASH set. Django can't redirect to the slash URL while maintaining POST data. Change your form to point to localhost:8000/api/users/refresh-token/ (note the trailing slash), or set APPEND_SLASH=False in your Django settings.
ERROR 2026-04-25 09:05:13,761 log 18398 6222327808 Internal Server Error: /api/users/refresh-token
Traceback (most recent call last):
  File "/Users/grizzly/.pyenv/versions/mt/lib/python3.12/site-packages/django/core/handlers/exception.py", line 55, in inner
    response = get_response(request)
               ^^^^^^^^^^^^^^^^^^^^^
  File "/Users/grizzly/.pyenv/versions/mt/lib/python3.12/site-packages/django/utils/deprecation.py", line 311, in __call__
    response = self.process_response(request, response)
               ^^^^^^^^^^^^^^^^^^^^^^^^^^^^^^^^^^^^^^^^
  File "/Users/grizzly/.pyenv/versions/mt/lib/python3.12/site-packages/django/middleware/common.py", line 109, in process_response
    self.get_full_path_with_slash(request)
  File "/Users/grizzly/.pyenv/versions/mt/lib/python3.12/site-packages/django/middleware/common.py", line 87, in get_full_path_with_slash
    raise RuntimeError(
RuntimeError: You called this URL via POST, but the URL doesn't end in a slash and you have APPEND_SLASH set. Django can't redirect to the slash URL while maintaining POST data. Change your form to point to localhost:8000/api/users/refresh-token/ (note the trailing slash), or set APPEND_SLASH=False in your Django settings.
WARNING 2026-04-25 09:05:14,398 log 18398 6239154176 Unauthorized: /api/users/profile/
WARNING 2026-04-25 09:05:14,401 log 18398 6222327808 Unauthorized: /api/users/profile/
ERROR 2026-04-25 09:05:14,456 log 18398 6222327808 Internal Server Error: /api/users/refresh-token
Traceback (most recent call last):
  File "/Users/grizzly/.pyenv/versions/mt/lib/python3.12/site-packages/django/core/handlers/exception.py", line 55, in inner
    response = get_response(request)
               ^^^^^^^^^^^^^^^^^^^^^
  File "/Users/grizzly/.pyenv/versions/mt/lib/python3.12/site-packages/django/utils/deprecation.py", line 311, in __call__
    response = self.process_response(request, response)
               ^^^^^^^^^^^^^^^^^^^^^^^^^^^^^^^^^^^^^^^^
  File "/Users/grizzly/.pyenv/versions/mt/lib/python3.12/site-packages/django/middleware/common.py", line 109, in process_response
    self.get_full_path_with_slash(request)
  File "/Users/grizzly/.pyenv/versions/mt/lib/python3.12/site-packages/django/middleware/common.py", line 87, in get_full_path_with_slash
    raise RuntimeError(
RuntimeError: You called this URL via POST, but the URL doesn't end in a slash and you have APPEND_SLASH set. Django can't redirect to the slash URL while maintaining POST data. Change your form to point to localhost:8000/api/users/refresh-token/ (note the trailing slash), or set APPEND_SLASH=False in your Django settings.
ERROR 2026-04-25 09:05:14,460 log 18398 6239154176 Internal Server Error: /api/users/refresh-token
Traceback (most recent call last):
  File "/Users/grizzly/.pyenv/versions/mt/lib/python3.12/site-packages/django/core/handlers/exception.py", line 55, in inner
    response = get_response(request)
               ^^^^^^^^^^^^^^^^^^^^^
  File "/Users/grizzly/.pyenv/versions/mt/lib/python3.12/site-packages/django/utils/deprecation.py", line 311, in __call__
    response = self.process_response(request, response)
               ^^^^^^^^^^^^^^^^^^^^^^^^^^^^^^^^^^^^^^^^
  File "/Users/grizzly/.pyenv/versions/mt/lib/python3.12/site-packages/django/middleware/common.py", line 109, in process_response
    self.get_full_path_with_slash(request)
  File "/Users/grizzly/.pyenv/versions/mt/lib/python3.12/site-packages/django/middleware/common.py", line 87, in get_full_path_with_slash
    raise RuntimeError(
RuntimeError: You called this URL via POST, but the URL doesn't end in a slash and you have APPEND_SLASH set. Django can't redirect to the slash URL while maintaining POST data. Change your form to point to localhost:8000/api/users/refresh-token/ (note the trailing slash), or set APPEND_SLASH=False in your Django settings.
INFO 2026-04-25 10:44:46,989 autoreload 18398 8598413504 /Users/grizzly/grizzly/edu/python/django/dmoneytracker/apps/subcategories/serializers.py changed, reloading.
INFO 2026-04-25 10:44:47,540 autoreload 19836 8598413504 Watching for file changes with StatReloader
INFO 2026-04-25 10:54:57,736 autoreload 19836 8598413504 /Users/grizzly/grizzly/edu/python/django/dmoneytracker/apps/subcategories/viewsets.py changed, reloading.
INFO 2026-04-25 10:54:58,225 autoreload 20137 8598413504 Watching for file changes with StatReloader
INFO 2026-04-25 10:59:29,335 autoreload 20137 8598413504 /Users/grizzly/grizzly/edu/python/django/dmoneytracker/apps/categories/viewsets.py changed, reloading.
INFO 2026-04-25 10:59:29,763 autoreload 20269 8598413504 Watching for file changes with StatReloader
INFO 2026-04-25 10:59:32,192 autoreload 20269 8598413504 /Users/grizzly/grizzly/edu/python/django/dmoneytracker/apps/categories/viewsets.py changed, reloading.
INFO 2026-04-25 10:59:32,438 autoreload 20329 8598413504 Watching for file changes with StatReloader
INFO 2026-04-25 11:13:05,086 autoreload 20329 8598413504 /Users/grizzly/grizzly/edu/python/django/dmoneytracker/apps/subcategories/viewsets.py changed, reloading.
INFO 2026-04-25 11:13:05,520 autoreload 20616 8598413504 Watching for file changes with StatReloader
WARNING 2026-04-25 11:21:07,242 log 20616 6203207680 Not Found: /docs
ERROR 2026-04-25 11:21:17,973 log 20616 6203207680 Internal Server Error: /api/schema/
Traceback (most recent call last):
  File "/Users/grizzly/.pyenv/versions/mt/lib/python3.12/site-packages/django/core/handlers/exception.py", line 55, in inner
    response = get_response(request)
               ^^^^^^^^^^^^^^^^^^^^^
  File "/Users/grizzly/.pyenv/versions/mt/lib/python3.12/site-packages/django/core/handlers/base.py", line 198, in _get_response
    response = wrapped_callback(request, *callback_args, **callback_kwargs)
               ^^^^^^^^^^^^^^^^^^^^^^^^^^^^^^^^^^^^^^^^^^^^^^^^^^^^^^^^^^^^
  File "/Users/grizzly/.pyenv/versions/mt/lib/python3.12/site-packages/django/views/decorators/csrf.py", line 65, in _view_wrapper
    return view_func(request, *args, **kwargs)
           ^^^^^^^^^^^^^^^^^^^^^^^^^^^^^^^^^^^
  File "/Users/grizzly/.pyenv/versions/mt/lib/python3.12/site-packages/django/views/generic/base.py", line 106, in view
    return self.dispatch(request, *args, **kwargs)
           ^^^^^^^^^^^^^^^^^^^^^^^^^^^^^^^^^^^^^^^
  File "/Users/grizzly/.pyenv/versions/mt/lib/python3.12/site-packages/rest_framework/views.py", line 515, in dispatch
    response = self.handle_exception(exc)
               ^^^^^^^^^^^^^^^^^^^^^^^^^^
  File "/Users/grizzly/.pyenv/versions/mt/lib/python3.12/site-packages/rest_framework/views.py", line 475, in handle_exception
    self.raise_uncaught_exception(exc)
  File "/Users/grizzly/.pyenv/versions/mt/lib/python3.12/site-packages/rest_framework/views.py", line 486, in raise_uncaught_exception
    raise exc
  File "/Users/grizzly/.pyenv/versions/mt/lib/python3.12/site-packages/rest_framework/views.py", line 512, in dispatch
    response = handler(request, *args, **kwargs)
               ^^^^^^^^^^^^^^^^^^^^^^^^^^^^^^^^^
  File "/Users/grizzly/.pyenv/versions/mt/lib/python3.12/site-packages/drf_spectacular/views.py", line 84, in get
    return self._get_schema_response(request)
           ^^^^^^^^^^^^^^^^^^^^^^^^^^^^^^^^^^
  File "/Users/grizzly/.pyenv/versions/mt/lib/python3.12/site-packages/drf_spectacular/views.py", line 92, in _get_schema_response
    data=generator.get_schema(request=request, public=self.serve_public),
         ^^^^^^^^^^^^^^^^^^^^^^^^^^^^^^^^^^^^^^^^^^^^^^^^^^^^^^^^^^^^^^^
  File "/Users/grizzly/.pyenv/versions/mt/lib/python3.12/site-packages/drf_spectacular/generators.py", line 287, in get_schema
    paths=self.parse(request, public),
          ^^^^^^^^^^^^^^^^^^^^^^^^^^^
  File "/Users/grizzly/.pyenv/versions/mt/lib/python3.12/site-packages/drf_spectacular/generators.py", line 208, in parse
    endpoints = self._get_paths_and_endpoints()
                ^^^^^^^^^^^^^^^^^^^^^^^^^^^^^^^
  File "/Users/grizzly/.pyenv/versions/mt/lib/python3.12/site-packages/drf_spectacular/generators.py", line 198, in _get_paths_and_endpoints
    view = self.create_view(callback, method)
           ^^^^^^^^^^^^^^^^^^^^^^^^^^^^^^^^^^
  File "/Users/grizzly/.pyenv/versions/mt/lib/python3.12/site-packages/drf_spectacular/generators.py", line 149, in create_view
    action = getattr(view, view.action)
             ^^^^^^^^^^^^^^^^^^^^^^^^^^
AttributeError: 'EndUserViewSet' object has no attribute 'signin'
ERROR 2026-04-25 11:21:18,020 log 20616 6203207680 Internal Server Error: /api/schema/
Traceback (most recent call last):
  File "/Users/grizzly/.pyenv/versions/mt/lib/python3.12/site-packages/django/core/handlers/exception.py", line 55, in inner
    response = get_response(request)
               ^^^^^^^^^^^^^^^^^^^^^
  File "/Users/grizzly/.pyenv/versions/mt/lib/python3.12/site-packages/django/core/handlers/base.py", line 198, in _get_response
    response = wrapped_callback(request, *callback_args, **callback_kwargs)
               ^^^^^^^^^^^^^^^^^^^^^^^^^^^^^^^^^^^^^^^^^^^^^^^^^^^^^^^^^^^^
  File "/Users/grizzly/.pyenv/versions/mt/lib/python3.12/site-packages/django/views/decorators/csrf.py", line 65, in _view_wrapper
    return view_func(request, *args, **kwargs)
           ^^^^^^^^^^^^^^^^^^^^^^^^^^^^^^^^^^^
  File "/Users/grizzly/.pyenv/versions/mt/lib/python3.12/site-packages/django/views/generic/base.py", line 106, in view
    return self.dispatch(request, *args, **kwargs)
           ^^^^^^^^^^^^^^^^^^^^^^^^^^^^^^^^^^^^^^^
  File "/Users/grizzly/.pyenv/versions/mt/lib/python3.12/site-packages/rest_framework/views.py", line 515, in dispatch
    response = self.handle_exception(exc)
               ^^^^^^^^^^^^^^^^^^^^^^^^^^
  File "/Users/grizzly/.pyenv/versions/mt/lib/python3.12/site-packages/rest_framework/views.py", line 475, in handle_exception
    self.raise_uncaught_exception(exc)
  File "/Users/grizzly/.pyenv/versions/mt/lib/python3.12/site-packages/rest_framework/views.py", line 486, in raise_uncaught_exception
    raise exc
  File "/Users/grizzly/.pyenv/versions/mt/lib/python3.12/site-packages/rest_framework/views.py", line 512, in dispatch
    response = handler(request, *args, **kwargs)
               ^^^^^^^^^^^^^^^^^^^^^^^^^^^^^^^^^
  File "/Users/grizzly/.pyenv/versions/mt/lib/python3.12/site-packages/drf_spectacular/views.py", line 84, in get
    return self._get_schema_response(request)
           ^^^^^^^^^^^^^^^^^^^^^^^^^^^^^^^^^^
  File "/Users/grizzly/.pyenv/versions/mt/lib/python3.12/site-packages/drf_spectacular/views.py", line 92, in _get_schema_response
    data=generator.get_schema(request=request, public=self.serve_public),
         ^^^^^^^^^^^^^^^^^^^^^^^^^^^^^^^^^^^^^^^^^^^^^^^^^^^^^^^^^^^^^^^
  File "/Users/grizzly/.pyenv/versions/mt/lib/python3.12/site-packages/drf_spectacular/generators.py", line 287, in get_schema
    paths=self.parse(request, public),
          ^^^^^^^^^^^^^^^^^^^^^^^^^^^
  File "/Users/grizzly/.pyenv/versions/mt/lib/python3.12/site-packages/drf_spectacular/generators.py", line 208, in parse
    endpoints = self._get_paths_and_endpoints()
                ^^^^^^^^^^^^^^^^^^^^^^^^^^^^^^^
  File "/Users/grizzly/.pyenv/versions/mt/lib/python3.12/site-packages/drf_spectacular/generators.py", line 198, in _get_paths_and_endpoints
    view = self.create_view(callback, method)
           ^^^^^^^^^^^^^^^^^^^^^^^^^^^^^^^^^^
  File "/Users/grizzly/.pyenv/versions/mt/lib/python3.12/site-packages/drf_spectacular/generators.py", line 149, in create_view
    action = getattr(view, view.action)
             ^^^^^^^^^^^^^^^^^^^^^^^^^^
AttributeError: 'EndUserViewSet' object has no attribute 'signin'
ERROR 2026-04-25 11:21:20,238 log 20616 6203207680 Internal Server Error: /api/schema/
Traceback (most recent call last):
  File "/Users/grizzly/.pyenv/versions/mt/lib/python3.12/site-packages/django/core/handlers/exception.py", line 55, in inner
    response = get_response(request)
               ^^^^^^^^^^^^^^^^^^^^^
  File "/Users/grizzly/.pyenv/versions/mt/lib/python3.12/site-packages/django/core/handlers/base.py", line 198, in _get_response
    response = wrapped_callback(request, *callback_args, **callback_kwargs)
               ^^^^^^^^^^^^^^^^^^^^^^^^^^^^^^^^^^^^^^^^^^^^^^^^^^^^^^^^^^^^
  File "/Users/grizzly/.pyenv/versions/mt/lib/python3.12/site-packages/django/views/decorators/csrf.py", line 65, in _view_wrapper
    return view_func(request, *args, **kwargs)
           ^^^^^^^^^^^^^^^^^^^^^^^^^^^^^^^^^^^
  File "/Users/grizzly/.pyenv/versions/mt/lib/python3.12/site-packages/django/views/generic/base.py", line 106, in view
    return self.dispatch(request, *args, **kwargs)
           ^^^^^^^^^^^^^^^^^^^^^^^^^^^^^^^^^^^^^^^
  File "/Users/grizzly/.pyenv/versions/mt/lib/python3.12/site-packages/rest_framework/views.py", line 515, in dispatch
    response = self.handle_exception(exc)
               ^^^^^^^^^^^^^^^^^^^^^^^^^^
  File "/Users/grizzly/.pyenv/versions/mt/lib/python3.12/site-packages/rest_framework/views.py", line 475, in handle_exception
    self.raise_uncaught_exception(exc)
  File "/Users/grizzly/.pyenv/versions/mt/lib/python3.12/site-packages/rest_framework/views.py", line 486, in raise_uncaught_exception
    raise exc
  File "/Users/grizzly/.pyenv/versions/mt/lib/python3.12/site-packages/rest_framework/views.py", line 512, in dispatch
    response = handler(request, *args, **kwargs)
               ^^^^^^^^^^^^^^^^^^^^^^^^^^^^^^^^^
  File "/Users/grizzly/.pyenv/versions/mt/lib/python3.12/site-packages/drf_spectacular/views.py", line 84, in get
    return self._get_schema_response(request)
           ^^^^^^^^^^^^^^^^^^^^^^^^^^^^^^^^^^
  File "/Users/grizzly/.pyenv/versions/mt/lib/python3.12/site-packages/drf_spectacular/views.py", line 92, in _get_schema_response
    data=generator.get_schema(request=request, public=self.serve_public),
         ^^^^^^^^^^^^^^^^^^^^^^^^^^^^^^^^^^^^^^^^^^^^^^^^^^^^^^^^^^^^^^^
  File "/Users/grizzly/.pyenv/versions/mt/lib/python3.12/site-packages/drf_spectacular/generators.py", line 287, in get_schema
    paths=self.parse(request, public),
          ^^^^^^^^^^^^^^^^^^^^^^^^^^^
  File "/Users/grizzly/.pyenv/versions/mt/lib/python3.12/site-packages/drf_spectacular/generators.py", line 208, in parse
    endpoints = self._get_paths_and_endpoints()
                ^^^^^^^^^^^^^^^^^^^^^^^^^^^^^^^
  File "/Users/grizzly/.pyenv/versions/mt/lib/python3.12/site-packages/drf_spectacular/generators.py", line 198, in _get_paths_and_endpoints
    view = self.create_view(callback, method)
           ^^^^^^^^^^^^^^^^^^^^^^^^^^^^^^^^^^
  File "/Users/grizzly/.pyenv/versions/mt/lib/python3.12/site-packages/drf_spectacular/generators.py", line 149, in create_view
    action = getattr(view, view.action)
             ^^^^^^^^^^^^^^^^^^^^^^^^^^
AttributeError: 'EndUserViewSet' object has no attribute 'signin'
ERROR 2026-04-25 11:21:20,275 log 20616 6203207680 Internal Server Error: /api/schema/
Traceback (most recent call last):
  File "/Users/grizzly/.pyenv/versions/mt/lib/python3.12/site-packages/django/core/handlers/exception.py", line 55, in inner
    response = get_response(request)
               ^^^^^^^^^^^^^^^^^^^^^
  File "/Users/grizzly/.pyenv/versions/mt/lib/python3.12/site-packages/django/core/handlers/base.py", line 198, in _get_response
    response = wrapped_callback(request, *callback_args, **callback_kwargs)
               ^^^^^^^^^^^^^^^^^^^^^^^^^^^^^^^^^^^^^^^^^^^^^^^^^^^^^^^^^^^^
  File "/Users/grizzly/.pyenv/versions/mt/lib/python3.12/site-packages/django/views/decorators/csrf.py", line 65, in _view_wrapper
    return view_func(request, *args, **kwargs)
           ^^^^^^^^^^^^^^^^^^^^^^^^^^^^^^^^^^^
  File "/Users/grizzly/.pyenv/versions/mt/lib/python3.12/site-packages/django/views/generic/base.py", line 106, in view
    return self.dispatch(request, *args, **kwargs)
           ^^^^^^^^^^^^^^^^^^^^^^^^^^^^^^^^^^^^^^^
  File "/Users/grizzly/.pyenv/versions/mt/lib/python3.12/site-packages/rest_framework/views.py", line 515, in dispatch
    response = self.handle_exception(exc)
               ^^^^^^^^^^^^^^^^^^^^^^^^^^
  File "/Users/grizzly/.pyenv/versions/mt/lib/python3.12/site-packages/rest_framework/views.py", line 475, in handle_exception
    self.raise_uncaught_exception(exc)
  File "/Users/grizzly/.pyenv/versions/mt/lib/python3.12/site-packages/rest_framework/views.py", line 486, in raise_uncaught_exception
    raise exc
  File "/Users/grizzly/.pyenv/versions/mt/lib/python3.12/site-packages/rest_framework/views.py", line 512, in dispatch
    response = handler(request, *args, **kwargs)
               ^^^^^^^^^^^^^^^^^^^^^^^^^^^^^^^^^
  File "/Users/grizzly/.pyenv/versions/mt/lib/python3.12/site-packages/drf_spectacular/views.py", line 84, in get
    return self._get_schema_response(request)
           ^^^^^^^^^^^^^^^^^^^^^^^^^^^^^^^^^^
  File "/Users/grizzly/.pyenv/versions/mt/lib/python3.12/site-packages/drf_spectacular/views.py", line 92, in _get_schema_response
    data=generator.get_schema(request=request, public=self.serve_public),
         ^^^^^^^^^^^^^^^^^^^^^^^^^^^^^^^^^^^^^^^^^^^^^^^^^^^^^^^^^^^^^^^
  File "/Users/grizzly/.pyenv/versions/mt/lib/python3.12/site-packages/drf_spectacular/generators.py", line 287, in get_schema
    paths=self.parse(request, public),
          ^^^^^^^^^^^^^^^^^^^^^^^^^^^
  File "/Users/grizzly/.pyenv/versions/mt/lib/python3.12/site-packages/drf_spectacular/generators.py", line 208, in parse
    endpoints = self._get_paths_and_endpoints()
                ^^^^^^^^^^^^^^^^^^^^^^^^^^^^^^^
  File "/Users/grizzly/.pyenv/versions/mt/lib/python3.12/site-packages/drf_spectacular/generators.py", line 198, in _get_paths_and_endpoints
    view = self.create_view(callback, method)
           ^^^^^^^^^^^^^^^^^^^^^^^^^^^^^^^^^^
  File "/Users/grizzly/.pyenv/versions/mt/lib/python3.12/site-packages/drf_spectacular/generators.py", line 149, in create_view
    action = getattr(view, view.action)
             ^^^^^^^^^^^^^^^^^^^^^^^^^^
AttributeError: 'EndUserViewSet' object has no attribute 'signin'
ERROR 2026-04-25 11:21:27,079 log 20616 6203207680 Internal Server Error: /api/schema/
Traceback (most recent call last):
  File "/Users/grizzly/.pyenv/versions/mt/lib/python3.12/site-packages/django/core/handlers/exception.py", line 55, in inner
    response = get_response(request)
               ^^^^^^^^^^^^^^^^^^^^^
  File "/Users/grizzly/.pyenv/versions/mt/lib/python3.12/site-packages/django/core/handlers/base.py", line 198, in _get_response
    response = wrapped_callback(request, *callback_args, **callback_kwargs)
               ^^^^^^^^^^^^^^^^^^^^^^^^^^^^^^^^^^^^^^^^^^^^^^^^^^^^^^^^^^^^
  File "/Users/grizzly/.pyenv/versions/mt/lib/python3.12/site-packages/django/views/decorators/csrf.py", line 65, in _view_wrapper
    return view_func(request, *args, **kwargs)
           ^^^^^^^^^^^^^^^^^^^^^^^^^^^^^^^^^^^
  File "/Users/grizzly/.pyenv/versions/mt/lib/python3.12/site-packages/django/views/generic/base.py", line 106, in view
    return self.dispatch(request, *args, **kwargs)
           ^^^^^^^^^^^^^^^^^^^^^^^^^^^^^^^^^^^^^^^
  File "/Users/grizzly/.pyenv/versions/mt/lib/python3.12/site-packages/rest_framework/views.py", line 515, in dispatch
    response = self.handle_exception(exc)
               ^^^^^^^^^^^^^^^^^^^^^^^^^^
  File "/Users/grizzly/.pyenv/versions/mt/lib/python3.12/site-packages/rest_framework/views.py", line 475, in handle_exception
    self.raise_uncaught_exception(exc)
  File "/Users/grizzly/.pyenv/versions/mt/lib/python3.12/site-packages/rest_framework/views.py", line 486, in raise_uncaught_exception
    raise exc
  File "/Users/grizzly/.pyenv/versions/mt/lib/python3.12/site-packages/rest_framework/views.py", line 512, in dispatch
    response = handler(request, *args, **kwargs)
               ^^^^^^^^^^^^^^^^^^^^^^^^^^^^^^^^^
  File "/Users/grizzly/.pyenv/versions/mt/lib/python3.12/site-packages/drf_spectacular/views.py", line 84, in get
    return self._get_schema_response(request)
           ^^^^^^^^^^^^^^^^^^^^^^^^^^^^^^^^^^
  File "/Users/grizzly/.pyenv/versions/mt/lib/python3.12/site-packages/drf_spectacular/views.py", line 92, in _get_schema_response
    data=generator.get_schema(request=request, public=self.serve_public),
         ^^^^^^^^^^^^^^^^^^^^^^^^^^^^^^^^^^^^^^^^^^^^^^^^^^^^^^^^^^^^^^^
  File "/Users/grizzly/.pyenv/versions/mt/lib/python3.12/site-packages/drf_spectacular/generators.py", line 287, in get_schema
    paths=self.parse(request, public),
          ^^^^^^^^^^^^^^^^^^^^^^^^^^^
  File "/Users/grizzly/.pyenv/versions/mt/lib/python3.12/site-packages/drf_spectacular/generators.py", line 208, in parse
    endpoints = self._get_paths_and_endpoints()
                ^^^^^^^^^^^^^^^^^^^^^^^^^^^^^^^
  File "/Users/grizzly/.pyenv/versions/mt/lib/python3.12/site-packages/drf_spectacular/generators.py", line 198, in _get_paths_and_endpoints
    view = self.create_view(callback, method)
           ^^^^^^^^^^^^^^^^^^^^^^^^^^^^^^^^^^
  File "/Users/grizzly/.pyenv/versions/mt/lib/python3.12/site-packages/drf_spectacular/generators.py", line 149, in create_view
    action = getattr(view, view.action)
             ^^^^^^^^^^^^^^^^^^^^^^^^^^
AttributeError: 'EndUserViewSet' object has no attribute 'signin'
INFO 2026-04-25 11:22:44,702 autoreload 20616 8598413504 /Users/grizzly/.pyenv/versions/3.12.12/envs/mt/lib/python3.12/site-packages/rest_framework/generics.py changed, reloading.
INFO 2026-04-25 11:22:45,090 autoreload 21853 8598413504 Watching for file changes with StatReloader
INFO 2026-04-25 11:22:47,338 autoreload 21853 8598413504 /Users/grizzly/.pyenv/versions/3.12.12/envs/mt/lib/python3.12/site-packages/rest_framework/generics.py changed, reloading.
INFO 2026-04-25 11:22:47,567 autoreload 21863 8598413504 Watching for file changes with StatReloader
INFO 2026-04-25 11:30:11,422 autoreload 21863 8598413504 /Users/grizzly/grizzly/edu/python/django/dmoneytracker/apps/transactions/models.py changed, reloading.
INFO 2026-04-25 11:30:11,894 autoreload 22016 8598413504 Watching for file changes with StatReloader
INFO 2026-04-25 11:34:56,435 autoreload 22016 8598413504 /Users/grizzly/grizzly/edu/python/django/dmoneytracker/apps/transactions/serializers.py changed, reloading.
INFO 2026-04-25 11:34:56,867 autoreload 22308 8598413504 Watching for file changes with StatReloader
INFO 2026-04-25 11:35:57,230 autoreload 22308 8598413504 /Users/grizzly/grizzly/edu/python/django/dmoneytracker/apps/transactions/serializers.py changed, reloading.
INFO 2026-04-25 11:35:57,666 autoreload 22346 8598413504 Watching for file changes with StatReloader
INFO 2026-04-25 11:50:02,136 autoreload 22346 8598413504 /Users/grizzly/grizzly/edu/python/django/dmoneytracker/apps/transactions/serializers.py changed, reloading.
INFO 2026-04-25 11:50:02,615 autoreload 22470 8598413504 Watching for file changes with StatReloader
WARNING 2026-04-25 11:50:55,371 log 22470 6163476480 Bad Request: /api/subcategories/sub-category/
INFO 2026-04-25 16:53:57,890 autoreload 22470 8598413504 /Users/grizzly/grizzly/edu/python/django/dmoneytracker/apps/subcategories/serializers.py changed, reloading.
INFO 2026-04-25 16:53:58,398 autoreload 24027 8598413504 Watching for file changes with StatReloader
INFO 2026-04-25 16:54:15,361 autoreload 24027 8598413504 /Users/grizzly/grizzly/edu/python/django/dmoneytracker/apps/subcategories/viewsets.py changed, reloading.
INFO 2026-04-25 16:54:15,860 autoreload 24046 8598413504 Watching for file changes with StatReloader
INFO 2026-04-25 16:55:52,267 autoreload 24046 8598413504 /Users/grizzly/grizzly/edu/python/django/dmoneytracker/apps/subcategories/viewsets.py changed, reloading.
INFO 2026-04-25 16:55:52,692 autoreload 24136 8598413504 Watching for file changes with StatReloader
INFO 2026-04-26 04:04:38,070 autoreload 24136 8598413504 /Users/grizzly/grizzly/edu/python/django/dmoneytracker/apps/subcategories/viewsets.py changed, reloading.
INFO 2026-04-26 04:04:38,540 autoreload 26409 8598413504 Watching for file changes with StatReloader
INFO 2026-04-26 04:05:06,744 autoreload 26409 8598413504 /Users/grizzly/grizzly/edu/python/django/dmoneytracker/apps/subcategories/serializers.py changed, reloading.
INFO 2026-04-26 04:05:07,096 autoreload 26473 8598413504 Watching for file changes with StatReloader
INFO 2026-04-26 04:05:28,106 autoreload 26473 8598413504 /Users/grizzly/grizzly/edu/python/django/dmoneytracker/apps/subcategories/serializers.py changed, reloading.
INFO 2026-04-26 04:05:28,475 autoreload 26540 8598413504 Watching for file changes with StatReloader
ERROR 2026-04-26 04:05:35,344 log 26540 6223130624 Internal Server Error: /api/subcategories/0ea69164-2191-4a70-99cc-f0e224269ae8/sub-categories/
Traceback (most recent call last):
  File "/Users/grizzly/.pyenv/versions/mt/lib/python3.12/site-packages/django/core/handlers/exception.py", line 55, in inner
    response = get_response(request)
               ^^^^^^^^^^^^^^^^^^^^^
  File "/Users/grizzly/.pyenv/versions/mt/lib/python3.12/site-packages/django/core/handlers/base.py", line 198, in _get_response
    response = wrapped_callback(request, *callback_args, **callback_kwargs)
               ^^^^^^^^^^^^^^^^^^^^^^^^^^^^^^^^^^^^^^^^^^^^^^^^^^^^^^^^^^^^
  File "/Users/grizzly/.pyenv/versions/mt/lib/python3.12/site-packages/django/views/decorators/csrf.py", line 65, in _view_wrapper
    return view_func(request, *args, **kwargs)
           ^^^^^^^^^^^^^^^^^^^^^^^^^^^^^^^^^^^
  File "/Users/grizzly/.pyenv/versions/mt/lib/python3.12/site-packages/rest_framework/viewsets.py", line 125, in view
    return self.dispatch(request, *args, **kwargs)
           ^^^^^^^^^^^^^^^^^^^^^^^^^^^^^^^^^^^^^^^
  File "/Users/grizzly/.pyenv/versions/mt/lib/python3.12/site-packages/rest_framework/views.py", line 515, in dispatch
    response = self.handle_exception(exc)
               ^^^^^^^^^^^^^^^^^^^^^^^^^^
  File "/Users/grizzly/.pyenv/versions/mt/lib/python3.12/site-packages/rest_framework/views.py", line 475, in handle_exception
    self.raise_uncaught_exception(exc)
  File "/Users/grizzly/.pyenv/versions/mt/lib/python3.12/site-packages/rest_framework/views.py", line 486, in raise_uncaught_exception
    raise exc
  File "/Users/grizzly/.pyenv/versions/mt/lib/python3.12/site-packages/rest_framework/views.py", line 512, in dispatch
    response = handler(request, *args, **kwargs)
               ^^^^^^^^^^^^^^^^^^^^^^^^^^^^^^^^^
  File "/Users/grizzly/grizzly/edu/python/django/dmoneytracker/apps/subcategories/viewsets.py", line 65, in list_by_user_category
    return Response(serializer.data)
                    ^^^^^^^^^^^^^^^
  File "/Users/grizzly/.pyenv/versions/mt/lib/python3.12/site-packages/rest_framework/serializers.py", line 797, in data
    ret = super().data
          ^^^^^^^^^^^^
  File "/Users/grizzly/.pyenv/versions/mt/lib/python3.12/site-packages/rest_framework/serializers.py", line 251, in data
    self._data = self.to_representation(self.instance)
                 ^^^^^^^^^^^^^^^^^^^^^^^^^^^^^^^^^^^^^
  File "/Users/grizzly/.pyenv/versions/mt/lib/python3.12/site-packages/rest_framework/serializers.py", line 716, in to_representation
    self.child.to_representation(item) for item in iterable
    ^^^^^^^^^^^^^^^^^^^^^^^^^^^^^^^^^^
  File "/Users/grizzly/.pyenv/versions/mt/lib/python3.12/site-packages/rest_framework/serializers.py", line 525, in to_representation
    for field in fields:
                 ^^^^^^
  File "/Users/grizzly/.pyenv/versions/mt/lib/python3.12/site-packages/rest_framework/serializers.py", line 386, in _readable_fields
    for field in self.fields.values():
                 ^^^^^^^^^^^
  File "/Users/grizzly/.pyenv/versions/mt/lib/python3.12/site-packages/django/utils/functional.py", line 47, in __get__
    res = instance.__dict__[self.name] = self.func(instance)
                                         ^^^^^^^^^^^^^^^^^^^
  File "/Users/grizzly/.pyenv/versions/mt/lib/python3.12/site-packages/rest_framework/serializers.py", line 374, in fields
    for key, value in self.get_fields().items():
                      ^^^^^^^^^^^^^^^^^
  File "/Users/grizzly/.pyenv/versions/mt/lib/python3.12/site-packages/rest_framework/serializers.py", line 1081, in get_fields
    field_names = self.get_field_names(declared_fields, info)
                  ^^^^^^^^^^^^^^^^^^^^^^^^^^^^^^^^^^^^^^^^^^^
  File "/Users/grizzly/.pyenv/versions/mt/lib/python3.12/site-packages/rest_framework/serializers.py", line 1177, in get_field_names
    assert field_name in fields, (
           ^^^^^^^^^^^^^^^^^^^^
AssertionError: The field 'transactions' was declared on serializer SubCategoryWithTransactionsSerializer, but has not been included in the 'fields' option.
ERROR 2026-04-26 04:05:35,911 log 26540 6206304256 Internal Server Error: /api/subcategories/0ea69164-2191-4a70-99cc-f0e224269ae8/sub-categories/
Traceback (most recent call last):
  File "/Users/grizzly/.pyenv/versions/mt/lib/python3.12/site-packages/django/core/handlers/exception.py", line 55, in inner
    response = get_response(request)
               ^^^^^^^^^^^^^^^^^^^^^
  File "/Users/grizzly/.pyenv/versions/mt/lib/python3.12/site-packages/django/core/handlers/base.py", line 198, in _get_response
    response = wrapped_callback(request, *callback_args, **callback_kwargs)
               ^^^^^^^^^^^^^^^^^^^^^^^^^^^^^^^^^^^^^^^^^^^^^^^^^^^^^^^^^^^^
  File "/Users/grizzly/.pyenv/versions/mt/lib/python3.12/site-packages/django/views/decorators/csrf.py", line 65, in _view_wrapper
    return view_func(request, *args, **kwargs)
           ^^^^^^^^^^^^^^^^^^^^^^^^^^^^^^^^^^^
  File "/Users/grizzly/.pyenv/versions/mt/lib/python3.12/site-packages/rest_framework/viewsets.py", line 125, in view
    return self.dispatch(request, *args, **kwargs)
           ^^^^^^^^^^^^^^^^^^^^^^^^^^^^^^^^^^^^^^^
  File "/Users/grizzly/.pyenv/versions/mt/lib/python3.12/site-packages/rest_framework/views.py", line 515, in dispatch
    response = self.handle_exception(exc)
               ^^^^^^^^^^^^^^^^^^^^^^^^^^
  File "/Users/grizzly/.pyenv/versions/mt/lib/python3.12/site-packages/rest_framework/views.py", line 475, in handle_exception
    self.raise_uncaught_exception(exc)
  File "/Users/grizzly/.pyenv/versions/mt/lib/python3.12/site-packages/rest_framework/views.py", line 486, in raise_uncaught_exception
    raise exc
  File "/Users/grizzly/.pyenv/versions/mt/lib/python3.12/site-packages/rest_framework/views.py", line 512, in dispatch
    response = handler(request, *args, **kwargs)
               ^^^^^^^^^^^^^^^^^^^^^^^^^^^^^^^^^
  File "/Users/grizzly/grizzly/edu/python/django/dmoneytracker/apps/subcategories/viewsets.py", line 65, in list_by_user_category
    return Response(serializer.data)
                    ^^^^^^^^^^^^^^^
  File "/Users/grizzly/.pyenv/versions/mt/lib/python3.12/site-packages/rest_framework/serializers.py", line 797, in data
    ret = super().data
          ^^^^^^^^^^^^
  File "/Users/grizzly/.pyenv/versions/mt/lib/python3.12/site-packages/rest_framework/serializers.py", line 251, in data
    self._data = self.to_representation(self.instance)
                 ^^^^^^^^^^^^^^^^^^^^^^^^^^^^^^^^^^^^^
  File "/Users/grizzly/.pyenv/versions/mt/lib/python3.12/site-packages/rest_framework/serializers.py", line 716, in to_representation
    self.child.to_representation(item) for item in iterable
    ^^^^^^^^^^^^^^^^^^^^^^^^^^^^^^^^^^
  File "/Users/grizzly/.pyenv/versions/mt/lib/python3.12/site-packages/rest_framework/serializers.py", line 525, in to_representation
    for field in fields:
                 ^^^^^^
  File "/Users/grizzly/.pyenv/versions/mt/lib/python3.12/site-packages/rest_framework/serializers.py", line 386, in _readable_fields
    for field in self.fields.values():
                 ^^^^^^^^^^^
  File "/Users/grizzly/.pyenv/versions/mt/lib/python3.12/site-packages/django/utils/functional.py", line 47, in __get__
    res = instance.__dict__[self.name] = self.func(instance)
                                         ^^^^^^^^^^^^^^^^^^^
  File "/Users/grizzly/.pyenv/versions/mt/lib/python3.12/site-packages/rest_framework/serializers.py", line 374, in fields
    for key, value in self.get_fields().items():
                      ^^^^^^^^^^^^^^^^^
  File "/Users/grizzly/.pyenv/versions/mt/lib/python3.12/site-packages/rest_framework/serializers.py", line 1081, in get_fields
    field_names = self.get_field_names(declared_fields, info)
                  ^^^^^^^^^^^^^^^^^^^^^^^^^^^^^^^^^^^^^^^^^^^
  File "/Users/grizzly/.pyenv/versions/mt/lib/python3.12/site-packages/rest_framework/serializers.py", line 1177, in get_field_names
    assert field_name in fields, (
           ^^^^^^^^^^^^^^^^^^^^
AssertionError: The field 'transactions' was declared on serializer SubCategoryWithTransactionsSerializer, but has not been included in the 'fields' option.
INFO 2026-04-26 04:05:47,545 autoreload 26540 8598413504 /Users/grizzly/grizzly/edu/python/django/dmoneytracker/apps/subcategories/serializers.py changed, reloading.
INFO 2026-04-26 04:05:47,943 autoreload 26624 8598413504 Watching for file changes with StatReloader
INFO 2026-04-26 05:25:21,426 autoreload 26624 8598413504 /Users/grizzly/grizzly/edu/python/django/dmoneytracker/apps/subcategories/viewsets.py changed, reloading.
INFO 2026-04-26 05:25:21,950 autoreload 28961 8598413504 Watching for file changes with StatReloader
INFO 2026-04-26 05:25:36,902 autoreload 28961 8598413504 /Users/grizzly/grizzly/edu/python/django/dmoneytracker/apps/subcategories/viewsets.py changed, reloading.
INFO 2026-04-26 05:25:37,323 autoreload 28975 8598413504 Watching for file changes with StatReloader
INFO 2026-04-26 05:33:36,009 autoreload 28975 8598413504 /Users/grizzly/grizzly/edu/python/django/dmoneytracker/apps/subcategories/viewsets.py changed, reloading.
INFO 2026-04-26 05:33:36,423 autoreload 29452 8598413504 Watching for file changes with StatReloader
INFO 2026-04-26 05:33:37,827 autoreload 29452 8598413504 /Users/grizzly/grizzly/edu/python/django/dmoneytracker/apps/subcategories/viewsets.py changed, reloading.
INFO 2026-04-26 05:33:38,067 autoreload 29477 8598413504 Watching for file changes with StatReloader
INFO 2026-04-26 05:33:40,393 autoreload 29477 8598413504 /Users/grizzly/grizzly/edu/python/django/dmoneytracker/apps/subcategories/viewsets.py changed, reloading.
INFO 2026-04-26 05:33:40,655 autoreload 29506 8598413504 Watching for file changes with StatReloader
INFO 2026-04-26 05:33:46,073 autoreload 29506 8598413504 /Users/grizzly/grizzly/edu/python/django/dmoneytracker/apps/subcategories/viewsets.py changed, reloading.
INFO 2026-04-26 05:33:46,372 autoreload 29593 8598413504 Watching for file changes with StatReloader
INFO 2026-04-26 05:33:47,701 autoreload 29593 8598413504 /Users/grizzly/grizzly/edu/python/django/dmoneytracker/apps/subcategories/viewsets.py changed, reloading.
INFO 2026-04-26 05:33:47,972 autoreload 29624 8598413504 Watching for file changes with StatReloader
ERROR 2026-04-26 05:34:30,874 log 29624 6185496576 Internal Server Error: /api/subcategories/0ea69164-2191-4a70-99cc-f0e224269ae8/sub-categories/
Traceback (most recent call last):
  File "/Users/grizzly/.pyenv/versions/mt/lib/python3.12/site-packages/django/core/handlers/exception.py", line 55, in inner
    response = get_response(request)
               ^^^^^^^^^^^^^^^^^^^^^
  File "/Users/grizzly/.pyenv/versions/mt/lib/python3.12/site-packages/django/core/handlers/base.py", line 198, in _get_response
    response = wrapped_callback(request, *callback_args, **callback_kwargs)
               ^^^^^^^^^^^^^^^^^^^^^^^^^^^^^^^^^^^^^^^^^^^^^^^^^^^^^^^^^^^^
  File "/Users/grizzly/.pyenv/versions/mt/lib/python3.12/site-packages/django/views/decorators/csrf.py", line 65, in _view_wrapper
    return view_func(request, *args, **kwargs)
           ^^^^^^^^^^^^^^^^^^^^^^^^^^^^^^^^^^^
  File "/Users/grizzly/.pyenv/versions/mt/lib/python3.12/site-packages/rest_framework/viewsets.py", line 125, in view
    return self.dispatch(request, *args, **kwargs)
           ^^^^^^^^^^^^^^^^^^^^^^^^^^^^^^^^^^^^^^^
  File "/Users/grizzly/.pyenv/versions/mt/lib/python3.12/site-packages/rest_framework/views.py", line 515, in dispatch
    response = self.handle_exception(exc)
               ^^^^^^^^^^^^^^^^^^^^^^^^^^
  File "/Users/grizzly/.pyenv/versions/mt/lib/python3.12/site-packages/rest_framework/views.py", line 475, in handle_exception
    self.raise_uncaught_exception(exc)
  File "/Users/grizzly/.pyenv/versions/mt/lib/python3.12/site-packages/rest_framework/views.py", line 486, in raise_uncaught_exception
    raise exc
  File "/Users/grizzly/.pyenv/versions/mt/lib/python3.12/site-packages/rest_framework/views.py", line 512, in dispatch
    response = handler(request, *args, **kwargs)
               ^^^^^^^^^^^^^^^^^^^^^^^^^^^^^^^^^
  File "/Users/grizzly/grizzly/edu/python/django/dmoneytracker/apps/subcategories/viewsets.py", line 74, in list_by_user_category
    "date": float(transaction.created_at),
            ^^^^^^^^^^^^^^^^^^^^^^^^^^^^^
TypeError: float() argument must be a string or a real number, not 'datetime.datetime'
ERROR 2026-04-26 05:34:31,448 log 29624 6168670208 Internal Server Error: /api/subcategories/0ea69164-2191-4a70-99cc-f0e224269ae8/sub-categories/
Traceback (most recent call last):
  File "/Users/grizzly/.pyenv/versions/mt/lib/python3.12/site-packages/django/core/handlers/exception.py", line 55, in inner
    response = get_response(request)
               ^^^^^^^^^^^^^^^^^^^^^
  File "/Users/grizzly/.pyenv/versions/mt/lib/python3.12/site-packages/django/core/handlers/base.py", line 198, in _get_response
    response = wrapped_callback(request, *callback_args, **callback_kwargs)
               ^^^^^^^^^^^^^^^^^^^^^^^^^^^^^^^^^^^^^^^^^^^^^^^^^^^^^^^^^^^^
  File "/Users/grizzly/.pyenv/versions/mt/lib/python3.12/site-packages/django/views/decorators/csrf.py", line 65, in _view_wrapper
    return view_func(request, *args, **kwargs)
           ^^^^^^^^^^^^^^^^^^^^^^^^^^^^^^^^^^^
  File "/Users/grizzly/.pyenv/versions/mt/lib/python3.12/site-packages/rest_framework/viewsets.py", line 125, in view
    return self.dispatch(request, *args, **kwargs)
           ^^^^^^^^^^^^^^^^^^^^^^^^^^^^^^^^^^^^^^^
  File "/Users/grizzly/.pyenv/versions/mt/lib/python3.12/site-packages/rest_framework/views.py", line 515, in dispatch
    response = self.handle_exception(exc)
               ^^^^^^^^^^^^^^^^^^^^^^^^^^
  File "/Users/grizzly/.pyenv/versions/mt/lib/python3.12/site-packages/rest_framework/views.py", line 475, in handle_exception
    self.raise_uncaught_exception(exc)
  File "/Users/grizzly/.pyenv/versions/mt/lib/python3.12/site-packages/rest_framework/views.py", line 486, in raise_uncaught_exception
    raise exc
  File "/Users/grizzly/.pyenv/versions/mt/lib/python3.12/site-packages/rest_framework/views.py", line 512, in dispatch
    response = handler(request, *args, **kwargs)
               ^^^^^^^^^^^^^^^^^^^^^^^^^^^^^^^^^
  File "/Users/grizzly/grizzly/edu/python/django/dmoneytracker/apps/subcategories/viewsets.py", line 74, in list_by_user_category
    "date": float(transaction.created_at),
            ^^^^^^^^^^^^^^^^^^^^^^^^^^^^^
TypeError: float() argument must be a string or a real number, not 'datetime.datetime'
INFO 2026-04-26 05:35:12,882 autoreload 29624 8598413504 /Users/grizzly/grizzly/edu/python/django/dmoneytracker/apps/subcategories/viewsets.py changed, reloading.
INFO 2026-04-26 05:35:13,261 autoreload 29765 8598413504 Watching for file changes with StatReloader
INFO 2026-04-26 05:36:58,571 autoreload 29765 8598413504 /Users/grizzly/grizzly/edu/python/django/dmoneytracker/apps/subcategories/viewsets.py changed, reloading.
INFO 2026-04-26 05:36:59,011 autoreload 30019 8598413504 Watching for file changes with StatReloader
INFO 2026-04-26 05:37:00,464 autoreload 30019 8598413504 /Users/grizzly/grizzly/edu/python/django/dmoneytracker/apps/subcategories/viewsets.py changed, reloading.
INFO 2026-04-26 05:37:00,692 autoreload 30040 8598413504 Watching for file changes with StatReloader
INFO 2026-04-26 08:15:07,886 autoreload 30040 8598413504 /Users/grizzly/grizzly/edu/python/django/dmoneytracker/apps/subcategories/viewsets.py changed, reloading.
INFO 2026-04-26 08:15:08,321 autoreload 30894 8598413504 Watching for file changes with StatReloader
INFO 2026-04-26 08:15:12,802 autoreload 30894 8598413504 /Users/grizzly/grizzly/edu/python/django/dmoneytracker/apps/subcategories/viewsets.py changed, reloading.
INFO 2026-04-26 08:15:13,080 autoreload 30974 8598413504 Watching for file changes with StatReloader
INFO 2026-04-26 08:15:14,418 autoreload 30974 8598413504 /Users/grizzly/grizzly/edu/python/django/dmoneytracker/apps/subcategories/viewsets.py changed, reloading.
INFO 2026-04-26 08:15:14,711 autoreload 30997 8598413504 Watching for file changes with StatReloader
INFO 2026-04-26 08:15:15,926 autoreload 30997 8598413504 /Users/grizzly/grizzly/edu/python/django/dmoneytracker/apps/subcategories/viewsets.py changed, reloading.
INFO 2026-04-26 08:15:16,166 autoreload 31022 8598413504 Watching for file changes with StatReloader
INFO 2026-04-26 08:15:22,616 autoreload 31022 8598413504 /Users/grizzly/grizzly/edu/python/django/dmoneytracker/apps/subcategories/viewsets.py changed, reloading.
INFO 2026-04-26 08:15:22,867 autoreload 31094 8598413504 Watching for file changes with StatReloader
INFO 2026-04-26 08:15:32,337 autoreload 31094 8598413504 /Users/grizzly/grizzly/edu/python/django/dmoneytracker/apps/subcategories/viewsets.py changed, reloading.
INFO 2026-04-26 08:15:32,603 autoreload 31299 8598413504 Watching for file changes with StatReloader
INFO 2026-04-26 08:15:35,954 autoreload 31299 8598413504 /Users/grizzly/grizzly/edu/python/django/dmoneytracker/apps/subcategories/viewsets.py changed, reloading.
INFO 2026-04-26 08:15:36,200 autoreload 31343 8598413504 Watching for file changes with StatReloader
INFO 2026-04-26 08:16:24,106 autoreload 31343 8598413504 /Users/grizzly/grizzly/edu/python/django/dmoneytracker/apps/subcategories/viewsets.py changed, reloading.
INFO 2026-04-26 08:16:24,499 autoreload 31405 8598413504 Watching for file changes with StatReloader
INFO 2026-04-26 08:17:19,375 autoreload 31405 8598413504 /Users/grizzly/grizzly/edu/python/django/dmoneytracker/apps/subcategories/viewsets.py changed, reloading.
INFO 2026-04-26 08:17:19,754 autoreload 31557 8598413504 Watching for file changes with StatReloader
INFO 2026-04-26 08:17:25,276 autoreload 31557 8598413504 /Users/grizzly/grizzly/edu/python/django/dmoneytracker/apps/subcategories/viewsets.py changed, reloading.
INFO 2026-04-26 08:17:25,539 autoreload 31593 8598413504 Watching for file changes with StatReloader
INFO 2026-04-26 08:18:36,646 autoreload 31593 8598413504 /Users/grizzly/grizzly/edu/python/django/dmoneytracker/apps/subcategories/viewsets.py changed, reloading.
INFO 2026-04-26 08:18:37,055 autoreload 31750 8598413504 Watching for file changes with StatReloader
INFO 2026-04-26 08:18:40,403 autoreload 31750 8598413504 /Users/grizzly/grizzly/edu/python/django/dmoneytracker/apps/subcategories/viewsets.py changed, reloading.
INFO 2026-04-26 08:18:40,681 autoreload 31808 8598413504 Watching for file changes with StatReloader
INFO 2026-04-26 08:18:48,068 autoreload 31808 8598413504 /Users/grizzly/grizzly/edu/python/django/dmoneytracker/apps/subcategories/viewsets.py changed, reloading.
INFO 2026-04-26 08:18:48,326 autoreload 31835 8598413504 Watching for file changes with StatReloader
INFO 2026-04-26 08:18:51,576 autoreload 31835 8598413504 /Users/grizzly/grizzly/edu/python/django/dmoneytracker/apps/subcategories/viewsets.py changed, reloading.
INFO 2026-04-26 08:18:51,824 autoreload 31875 8598413504 Watching for file changes with StatReloader
INFO 2026-04-26 08:19:10,312 autoreload 31875 8598413504 /Users/grizzly/grizzly/edu/python/django/dmoneytracker/apps/subcategories/viewsets.py changed, reloading.
INFO 2026-04-26 08:19:10,694 autoreload 32280 8598413504 Watching for file changes with StatReloader
INFO 2026-04-26 08:19:13,054 autoreload 32280 8598413504 /Users/grizzly/grizzly/edu/python/django/dmoneytracker/apps/subcategories/viewsets.py changed, reloading.
INFO 2026-04-26 08:19:13,321 autoreload 32348 8598413504 Watching for file changes with StatReloader
INFO 2026-04-26 08:19:20,817 autoreload 32348 8598413504 /Users/grizzly/grizzly/edu/python/django/dmoneytracker/apps/subcategories/viewsets.py changed, reloading.
INFO 2026-04-26 08:19:21,086 autoreload 32388 8598413504 Watching for file changes with StatReloader
INFO 2026-04-26 08:19:26,562 autoreload 32388 8598413504 /Users/grizzly/grizzly/edu/python/django/dmoneytracker/apps/subcategories/viewsets.py changed, reloading.
INFO 2026-04-26 08:19:26,805 autoreload 32426 8598413504 Watching for file changes with StatReloader
INFO 2026-04-26 08:19:35,344 autoreload 32426 8598413504 /Users/grizzly/grizzly/edu/python/django/dmoneytracker/apps/subcategories/viewsets.py changed, reloading.
INFO 2026-04-26 08:19:35,598 autoreload 32465 8598413504 Watching for file changes with StatReloader
INFO 2026-04-26 08:19:42,049 autoreload 32465 8598413504 /Users/grizzly/grizzly/edu/python/django/dmoneytracker/apps/subcategories/viewsets.py changed, reloading.
INFO 2026-04-26 08:19:42,304 autoreload 32496 8598413504 Watching for file changes with StatReloader
INFO 2026-04-26 08:19:47,713 autoreload 32496 8598413504 /Users/grizzly/grizzly/edu/python/django/dmoneytracker/apps/subcategories/viewsets.py changed, reloading.
INFO 2026-04-26 08:19:47,971 autoreload 32516 8598413504 Watching for file changes with StatReloader
ERROR 2026-04-26 08:20:15,829 log 32516 6150746112 Internal Server Error: /api/subcategories/sub-category/
Traceback (most recent call last):
  File "/Users/grizzly/.pyenv/versions/mt/lib/python3.12/site-packages/django/core/handlers/exception.py", line 55, in inner
    response = get_response(request)
               ^^^^^^^^^^^^^^^^^^^^^
  File "/Users/grizzly/.pyenv/versions/mt/lib/python3.12/site-packages/django/core/handlers/base.py", line 198, in _get_response
    response = wrapped_callback(request, *callback_args, **callback_kwargs)
               ^^^^^^^^^^^^^^^^^^^^^^^^^^^^^^^^^^^^^^^^^^^^^^^^^^^^^^^^^^^^
  File "/Users/grizzly/.pyenv/versions/mt/lib/python3.12/site-packages/django/views/decorators/csrf.py", line 65, in _view_wrapper
    return view_func(request, *args, **kwargs)
           ^^^^^^^^^^^^^^^^^^^^^^^^^^^^^^^^^^^
  File "/Users/grizzly/.pyenv/versions/mt/lib/python3.12/site-packages/rest_framework/viewsets.py", line 125, in view
    return self.dispatch(request, *args, **kwargs)
           ^^^^^^^^^^^^^^^^^^^^^^^^^^^^^^^^^^^^^^^
  File "/Users/grizzly/.pyenv/versions/mt/lib/python3.12/site-packages/rest_framework/views.py", line 515, in dispatch
    response = self.handle_exception(exc)
               ^^^^^^^^^^^^^^^^^^^^^^^^^^
  File "/Users/grizzly/.pyenv/versions/mt/lib/python3.12/site-packages/rest_framework/views.py", line 475, in handle_exception
    self.raise_uncaught_exception(exc)
  File "/Users/grizzly/.pyenv/versions/mt/lib/python3.12/site-packages/rest_framework/views.py", line 486, in raise_uncaught_exception
    raise exc
  File "/Users/grizzly/.pyenv/versions/mt/lib/python3.12/site-packages/rest_framework/views.py", line 512, in dispatch
    response = handler(request, *args, **kwargs)
               ^^^^^^^^^^^^^^^^^^^^^^^^^^^^^^^^^
  File "/Users/grizzly/grizzly/edu/python/django/dmoneytracker/apps/subcategories/viewsets.py", line 78, in create_sub_category
    user, user_category_id
          ^^^^^^^^^^^^^^^^
NameError: name 'user_category_id' is not defined
INFO 2026-04-26 08:25:54,738 autoreload 32516 8598413504 /Users/grizzly/grizzly/edu/python/django/dmoneytracker/apps/subcategories/viewsets.py changed, reloading.
INFO 2026-04-26 08:25:55,148 autoreload 32765 8598413504 Watching for file changes with StatReloader
INFO 2026-04-26 08:25:59,631 autoreload 32765 8598413504 /Users/grizzly/grizzly/edu/python/django/dmoneytracker/apps/subcategories/viewsets.py changed, reloading.
INFO 2026-04-26 08:25:59,892 autoreload 32818 8598413504 Watching for file changes with StatReloader
WARNING 2026-04-26 08:26:06,111 log 32818 6194163712 Bad Request: /api/subcategories/sub-category/
WARNING 2026-04-26 09:03:15,628 log 32818 6261469184 Not Found: /favicon.ico
INFO 2026-04-26 09:07:22,111 autoreload 32818 8598413504 /Users/grizzly/grizzly/edu/python/django/dmoneytracker/apps/subcategories/viewsets.py changed, reloading.
INFO 2026-04-26 09:07:22,504 autoreload 33147 8598413504 Watching for file changes with StatReloader
INFO 2026-04-26 09:08:02,893 autoreload 33147 8598413504 /Users/grizzly/grizzly/edu/python/django/dmoneytracker/apps/subcategories/viewsets.py changed, reloading.
INFO 2026-04-26 09:08:03,296 autoreload 33210 8598413504 Watching for file changes with StatReloader
WARNING 2026-04-26 09:09:29,249 log 33210 6168129536 Unauthorized: /api/subcategories/0ea69164-2191-4a70-99cc-f0e224269ae8/sub-categories/
WARNING 2026-04-26 09:09:29,816 log 33210 6184955904 Unauthorized: /api/subcategories/0ea69164-2191-4a70-99cc-f0e224269ae8/sub-categories/
ERROR 2026-04-26 09:09:29,859 log 33210 6168129536 Internal Server Error: /api/users/refresh-token
Traceback (most recent call last):
  File "/Users/grizzly/.pyenv/versions/mt/lib/python3.12/site-packages/django/core/handlers/exception.py", line 55, in inner
    response = get_response(request)
               ^^^^^^^^^^^^^^^^^^^^^
  File "/Users/grizzly/.pyenv/versions/mt/lib/python3.12/site-packages/django/utils/deprecation.py", line 311, in __call__
    response = self.process_response(request, response)
               ^^^^^^^^^^^^^^^^^^^^^^^^^^^^^^^^^^^^^^^^
  File "/Users/grizzly/.pyenv/versions/mt/lib/python3.12/site-packages/django/middleware/common.py", line 109, in process_response
    self.get_full_path_with_slash(request)
  File "/Users/grizzly/.pyenv/versions/mt/lib/python3.12/site-packages/django/middleware/common.py", line 87, in get_full_path_with_slash
    raise RuntimeError(
RuntimeError: You called this URL via POST, but the URL doesn't end in a slash and you have APPEND_SLASH set. Django can't redirect to the slash URL while maintaining POST data. Change your form to point to localhost:8000/api/users/refresh-token/ (note the trailing slash), or set APPEND_SLASH=False in your Django settings.
ERROR 2026-04-26 09:09:30,406 log 33210 6184955904 Internal Server Error: /api/users/refresh-token
Traceback (most recent call last):
  File "/Users/grizzly/.pyenv/versions/mt/lib/python3.12/site-packages/django/core/handlers/exception.py", line 55, in inner
    response = get_response(request)
               ^^^^^^^^^^^^^^^^^^^^^
  File "/Users/grizzly/.pyenv/versions/mt/lib/python3.12/site-packages/django/utils/deprecation.py", line 311, in __call__
    response = self.process_response(request, response)
               ^^^^^^^^^^^^^^^^^^^^^^^^^^^^^^^^^^^^^^^^
  File "/Users/grizzly/.pyenv/versions/mt/lib/python3.12/site-packages/django/middleware/common.py", line 109, in process_response
    self.get_full_path_with_slash(request)
  File "/Users/grizzly/.pyenv/versions/mt/lib/python3.12/site-packages/django/middleware/common.py", line 87, in get_full_path_with_slash
    raise RuntimeError(
RuntimeError: You called this URL via POST, but the URL doesn't end in a slash and you have APPEND_SLASH set. Django can't redirect to the slash URL while maintaining POST data. Change your form to point to localhost:8000/api/users/refresh-token/ (note the trailing slash), or set APPEND_SLASH=False in your Django settings.
WARNING 2026-04-26 09:09:35,903 log 33210 6184955904 Unauthorized: /api/users/profile/
WARNING 2026-04-26 09:09:36,485 log 33210 6168129536 Unauthorized: /api/users/profile/
ERROR 2026-04-26 09:09:36,517 log 33210 6184955904 Internal Server Error: /api/users/refresh-token
Traceback (most recent call last):
  File "/Users/grizzly/.pyenv/versions/mt/lib/python3.12/site-packages/django/core/handlers/exception.py", line 55, in inner
    response = get_response(request)
               ^^^^^^^^^^^^^^^^^^^^^
  File "/Users/grizzly/.pyenv/versions/mt/lib/python3.12/site-packages/django/utils/deprecation.py", line 311, in __call__
    response = self.process_response(request, response)
               ^^^^^^^^^^^^^^^^^^^^^^^^^^^^^^^^^^^^^^^^
  File "/Users/grizzly/.pyenv/versions/mt/lib/python3.12/site-packages/django/middleware/common.py", line 109, in process_response
    self.get_full_path_with_slash(request)
  File "/Users/grizzly/.pyenv/versions/mt/lib/python3.12/site-packages/django/middleware/common.py", line 87, in get_full_path_with_slash
    raise RuntimeError(
RuntimeError: You called this URL via POST, but the URL doesn't end in a slash and you have APPEND_SLASH set. Django can't redirect to the slash URL while maintaining POST data. Change your form to point to localhost:8000/api/users/refresh-token/ (note the trailing slash), or set APPEND_SLASH=False in your Django settings.
ERROR 2026-04-26 09:09:37,087 log 33210 6168129536 Internal Server Error: /api/users/refresh-token
Traceback (most recent call last):
  File "/Users/grizzly/.pyenv/versions/mt/lib/python3.12/site-packages/django/core/handlers/exception.py", line 55, in inner
    response = get_response(request)
               ^^^^^^^^^^^^^^^^^^^^^
  File "/Users/grizzly/.pyenv/versions/mt/lib/python3.12/site-packages/django/utils/deprecation.py", line 311, in __call__
    response = self.process_response(request, response)
               ^^^^^^^^^^^^^^^^^^^^^^^^^^^^^^^^^^^^^^^^
  File "/Users/grizzly/.pyenv/versions/mt/lib/python3.12/site-packages/django/middleware/common.py", line 109, in process_response
    self.get_full_path_with_slash(request)
  File "/Users/grizzly/.pyenv/versions/mt/lib/python3.12/site-packages/django/middleware/common.py", line 87, in get_full_path_with_slash
    raise RuntimeError(
RuntimeError: You called this URL via POST, but the URL doesn't end in a slash and you have APPEND_SLASH set. Django can't redirect to the slash URL while maintaining POST data. Change your form to point to localhost:8000/api/users/refresh-token/ (note the trailing slash), or set APPEND_SLASH=False in your Django settings.
WARNING 2026-04-26 09:09:38,139 log 33210 6168129536 Unauthorized: /api/users/profile/
WARNING 2026-04-26 09:09:38,712 log 33210 6168129536 Unauthorized: /api/users/profile/
ERROR 2026-04-26 09:09:38,744 log 33210 6184955904 Internal Server Error: /api/users/refresh-token
Traceback (most recent call last):
  File "/Users/grizzly/.pyenv/versions/mt/lib/python3.12/site-packages/django/core/handlers/exception.py", line 55, in inner
    response = get_response(request)
               ^^^^^^^^^^^^^^^^^^^^^
  File "/Users/grizzly/.pyenv/versions/mt/lib/python3.12/site-packages/django/utils/deprecation.py", line 311, in __call__
    response = self.process_response(request, response)
               ^^^^^^^^^^^^^^^^^^^^^^^^^^^^^^^^^^^^^^^^
  File "/Users/grizzly/.pyenv/versions/mt/lib/python3.12/site-packages/django/middleware/common.py", line 109, in process_response
    self.get_full_path_with_slash(request)
  File "/Users/grizzly/.pyenv/versions/mt/lib/python3.12/site-packages/django/middleware/common.py", line 87, in get_full_path_with_slash
    raise RuntimeError(
RuntimeError: You called this URL via POST, but the URL doesn't end in a slash and you have APPEND_SLASH set. Django can't redirect to the slash URL while maintaining POST data. Change your form to point to localhost:8000/api/users/refresh-token/ (note the trailing slash), or set APPEND_SLASH=False in your Django settings.
ERROR 2026-04-26 09:09:39,324 log 33210 6168129536 Internal Server Error: /api/users/refresh-token
Traceback (most recent call last):
  File "/Users/grizzly/.pyenv/versions/mt/lib/python3.12/site-packages/django/core/handlers/exception.py", line 55, in inner
    response = get_response(request)
               ^^^^^^^^^^^^^^^^^^^^^
  File "/Users/grizzly/.pyenv/versions/mt/lib/python3.12/site-packages/django/utils/deprecation.py", line 311, in __call__
    response = self.process_response(request, response)
               ^^^^^^^^^^^^^^^^^^^^^^^^^^^^^^^^^^^^^^^^
  File "/Users/grizzly/.pyenv/versions/mt/lib/python3.12/site-packages/django/middleware/common.py", line 109, in process_response
    self.get_full_path_with_slash(request)
  File "/Users/grizzly/.pyenv/versions/mt/lib/python3.12/site-packages/django/middleware/common.py", line 87, in get_full_path_with_slash
    raise RuntimeError(
RuntimeError: You called this URL via POST, but the URL doesn't end in a slash and you have APPEND_SLASH set. Django can't redirect to the slash URL while maintaining POST data. Change your form to point to localhost:8000/api/users/refresh-token/ (note the trailing slash), or set APPEND_SLASH=False in your Django settings.
WARNING 2026-04-26 17:12:33,387 log 33210 6168129536 Not Found: /api/subcategories/undefined/sub-categories/
WARNING 2026-04-26 17:12:33,950 log 33210 6184955904 Not Found: /api/subcategories/undefined/sub-categories/
WARNING 2026-04-29 11:28:20,308 log 33210 6168129536 Not Found: /favicon.ico
WARNING 2026-05-12 15:40:59,720 log 33210 6184955904 Unauthorized: /api/transactions/transactions/
WARNING 2026-05-12 15:41:00,271 log 33210 6168129536 Unauthorized: /api/transactions/transactions/
ERROR 2026-05-12 15:41:00,333 log 33210 6184955904 Internal Server Error: /api/users/refresh-token
Traceback (most recent call last):
  File "/Users/grizzly/.pyenv/versions/mt/lib/python3.12/site-packages/django/core/handlers/exception.py", line 55, in inner
    response = get_response(request)
               ^^^^^^^^^^^^^^^^^^^^^
  File "/Users/grizzly/.pyenv/versions/mt/lib/python3.12/site-packages/django/utils/deprecation.py", line 311, in __call__
    response = self.process_response(request, response)
               ^^^^^^^^^^^^^^^^^^^^^^^^^^^^^^^^^^^^^^^^
  File "/Users/grizzly/.pyenv/versions/mt/lib/python3.12/site-packages/django/middleware/common.py", line 109, in process_response
    self.get_full_path_with_slash(request)
  File "/Users/grizzly/.pyenv/versions/mt/lib/python3.12/site-packages/django/middleware/common.py", line 87, in get_full_path_with_slash
    raise RuntimeError(
RuntimeError: You called this URL via POST, but the URL doesn't end in a slash and you have APPEND_SLASH set. Django can't redirect to the slash URL while maintaining POST data. Change your form to point to localhost:8000/api/users/refresh-token/ (note the trailing slash), or set APPEND_SLASH=False in your Django settings.
ERROR 2026-05-12 15:41:00,865 log 33210 6168129536 Internal Server Error: /api/users/refresh-token
Traceback (most recent call last):
  File "/Users/grizzly/.pyenv/versions/mt/lib/python3.12/site-packages/django/core/handlers/exception.py", line 55, in inner
    response = get_response(request)
               ^^^^^^^^^^^^^^^^^^^^^
  File "/Users/grizzly/.pyenv/versions/mt/lib/python3.12/site-packages/django/utils/deprecation.py", line 311, in __call__
    response = self.process_response(request, response)
               ^^^^^^^^^^^^^^^^^^^^^^^^^^^^^^^^^^^^^^^^
  File "/Users/grizzly/.pyenv/versions/mt/lib/python3.12/site-packages/django/middleware/common.py", line 109, in process_response
    self.get_full_path_with_slash(request)
  File "/Users/grizzly/.pyenv/versions/mt/lib/python3.12/site-packages/django/middleware/common.py", line 87, in get_full_path_with_slash
    raise RuntimeError(
RuntimeError: You called this URL via POST, but the URL doesn't end in a slash and you have APPEND_SLASH set. Django can't redirect to the slash URL while maintaining POST data. Change your form to point to localhost:8000/api/users/refresh-token/ (note the trailing slash), or set APPEND_SLASH=False in your Django settings.
WARNING 2026-05-14 02:22:48,006 log 33210 6168129536 Unauthorized: /api/transactions/transactions/
WARNING 2026-05-14 02:22:48,534 log 33210 6168129536 Unauthorized: /api/transactions/transactions/
ERROR 2026-05-14 02:22:48,583 log 33210 6184955904 Internal Server Error: /api/users/refresh-token
Traceback (most recent call last):
  File "/Users/grizzly/.pyenv/versions/mt/lib/python3.12/site-packages/django/core/handlers/exception.py", line 55, in inner
    response = get_response(request)
               ^^^^^^^^^^^^^^^^^^^^^
  File "/Users/grizzly/.pyenv/versions/mt/lib/python3.12/site-packages/django/utils/deprecation.py", line 311, in __call__
    response = self.process_response(request, response)
               ^^^^^^^^^^^^^^^^^^^^^^^^^^^^^^^^^^^^^^^^
  File "/Users/grizzly/.pyenv/versions/mt/lib/python3.12/site-packages/django/middleware/common.py", line 109, in process_response
    self.get_full_path_with_slash(request)
  File "/Users/grizzly/.pyenv/versions/mt/lib/python3.12/site-packages/django/middleware/common.py", line 87, in get_full_path_with_slash
    raise RuntimeError(
RuntimeError: You called this URL via POST, but the URL doesn't end in a slash and you have APPEND_SLASH set. Django can't redirect to the slash URL while maintaining POST data. Change your form to point to localhost:8000/api/users/refresh-token/ (note the trailing slash), or set APPEND_SLASH=False in your Django settings.
ERROR 2026-05-14 02:22:49,122 log 33210 6168129536 Internal Server Error: /api/users/refresh-token
Traceback (most recent call last):
  File "/Users/grizzly/.pyenv/versions/mt/lib/python3.12/site-packages/django/core/handlers/exception.py", line 55, in inner
    response = get_response(request)
               ^^^^^^^^^^^^^^^^^^^^^
  File "/Users/grizzly/.pyenv/versions/mt/lib/python3.12/site-packages/django/utils/deprecation.py", line 311, in __call__
    response = self.process_response(request, response)
               ^^^^^^^^^^^^^^^^^^^^^^^^^^^^^^^^^^^^^^^^
  File "/Users/grizzly/.pyenv/versions/mt/lib/python3.12/site-packages/django/middleware/common.py", line 109, in process_response
    self.get_full_path_with_slash(request)
  File "/Users/grizzly/.pyenv/versions/mt/lib/python3.12/site-packages/django/middleware/common.py", line 87, in get_full_path_with_slash
    raise RuntimeError(
RuntimeError: You called this URL via POST, but the URL doesn't end in a slash and you have APPEND_SLASH set. Django can't redirect to the slash URL while maintaining POST data. Change your form to point to localhost:8000/api/users/refresh-token/ (note the trailing slash), or set APPEND_SLASH=False in your Django settings.
WARNING 2026-05-14 02:22:57,523 log 33210 6168129536 Unauthorized: /api/users/profile/
WARNING 2026-05-14 02:22:58,091 log 33210 6184955904 Unauthorized: /api/users/profile/
ERROR 2026-05-14 02:22:58,134 log 33210 6168129536 Internal Server Error: /api/users/refresh-token
Traceback (most recent call last):
  File "/Users/grizzly/.pyenv/versions/mt/lib/python3.12/site-packages/django/core/handlers/exception.py", line 55, in inner
    response = get_response(request)
               ^^^^^^^^^^^^^^^^^^^^^
  File "/Users/grizzly/.pyenv/versions/mt/lib/python3.12/site-packages/django/utils/deprecation.py", line 311, in __call__
    response = self.process_response(request, response)
               ^^^^^^^^^^^^^^^^^^^^^^^^^^^^^^^^^^^^^^^^
  File "/Users/grizzly/.pyenv/versions/mt/lib/python3.12/site-packages/django/middleware/common.py", line 109, in process_response
    self.get_full_path_with_slash(request)
  File "/Users/grizzly/.pyenv/versions/mt/lib/python3.12/site-packages/django/middleware/common.py", line 87, in get_full_path_with_slash
    raise RuntimeError(
RuntimeError: You called this URL via POST, but the URL doesn't end in a slash and you have APPEND_SLASH set. Django can't redirect to the slash URL while maintaining POST data. Change your form to point to localhost:8000/api/users/refresh-token/ (note the trailing slash), or set APPEND_SLASH=False in your Django settings.
ERROR 2026-05-14 02:22:58,702 log 33210 6184955904 Internal Server Error: /api/users/refresh-token
Traceback (most recent call last):
  File "/Users/grizzly/.pyenv/versions/mt/lib/python3.12/site-packages/django/core/handlers/exception.py", line 55, in inner
    response = get_response(request)
               ^^^^^^^^^^^^^^^^^^^^^
  File "/Users/grizzly/.pyenv/versions/mt/lib/python3.12/site-packages/django/utils/deprecation.py", line 311, in __call__
    response = self.process_response(request, response)
               ^^^^^^^^^^^^^^^^^^^^^^^^^^^^^^^^^^^^^^^^
  File "/Users/grizzly/.pyenv/versions/mt/lib/python3.12/site-packages/django/middleware/common.py", line 109, in process_response
    self.get_full_path_with_slash(request)
  File "/Users/grizzly/.pyenv/versions/mt/lib/python3.12/site-packages/django/middleware/common.py", line 87, in get_full_path_with_slash
    raise RuntimeError(
RuntimeError: You called this URL via POST, but the URL doesn't end in a slash and you have APPEND_SLASH set. Django can't redirect to the slash URL while maintaining POST data. Change your form to point to localhost:8000/api/users/refresh-token/ (note the trailing slash), or set APPEND_SLASH=False in your Django settings.
WARNING 2026-05-18 04:23:57,865 log 33210 6184955904 Unauthorized: /api/categories/category-transactions/
WARNING 2026-05-18 04:23:58,386 log 33210 6168129536 Unauthorized: /api/categories/category-transactions/
ERROR 2026-05-18 04:23:58,439 log 33210 6184955904 Internal Server Error: /api/users/refresh-token
Traceback (most recent call last):
  File "/Users/grizzly/.pyenv/versions/mt/lib/python3.12/site-packages/django/core/handlers/exception.py", line 55, in inner
    response = get_response(request)
               ^^^^^^^^^^^^^^^^^^^^^
  File "/Users/grizzly/.pyenv/versions/mt/lib/python3.12/site-packages/django/utils/deprecation.py", line 311, in __call__
    response = self.process_response(request, response)
               ^^^^^^^^^^^^^^^^^^^^^^^^^^^^^^^^^^^^^^^^
  File "/Users/grizzly/.pyenv/versions/mt/lib/python3.12/site-packages/django/middleware/common.py", line 109, in process_response
    self.get_full_path_with_slash(request)
  File "/Users/grizzly/.pyenv/versions/mt/lib/python3.12/site-packages/django/middleware/common.py", line 87, in get_full_path_with_slash
    raise RuntimeError(
RuntimeError: You called this URL via POST, but the URL doesn't end in a slash and you have APPEND_SLASH set. Django can't redirect to the slash URL while maintaining POST data. Change your form to point to localhost:8000/api/users/refresh-token/ (note the trailing slash), or set APPEND_SLASH=False in your Django settings.
ERROR 2026-05-18 04:23:58,987 log 33210 6168129536 Internal Server Error: /api/users/refresh-token
Traceback (most recent call last):
  File "/Users/grizzly/.pyenv/versions/mt/lib/python3.12/site-packages/django/core/handlers/exception.py", line 55, in inner
    response = get_response(request)
               ^^^^^^^^^^^^^^^^^^^^^
  File "/Users/grizzly/.pyenv/versions/mt/lib/python3.12/site-packages/django/utils/deprecation.py", line 311, in __call__
    response = self.process_response(request, response)
               ^^^^^^^^^^^^^^^^^^^^^^^^^^^^^^^^^^^^^^^^
  File "/Users/grizzly/.pyenv/versions/mt/lib/python3.12/site-packages/django/middleware/common.py", line 109, in process_response
    self.get_full_path_with_slash(request)
  File "/Users/grizzly/.pyenv/versions/mt/lib/python3.12/site-packages/django/middleware/common.py", line 87, in get_full_path_with_slash
    raise RuntimeError(
RuntimeError: You called this URL via POST, but the URL doesn't end in a slash and you have APPEND_SLASH set. Django can't redirect to the slash URL while maintaining POST data. Change your form to point to localhost:8000/api/users/refresh-token/ (note the trailing slash), or set APPEND_SLASH=False in your Django settings.
WARNING 2026-05-18 04:24:01,312 log 33210 6168129536 Unauthorized: /api/users/profile/
WARNING 2026-05-18 04:24:01,889 log 33210 6184955904 Unauthorized: /api/users/profile/
ERROR 2026-05-18 04:24:01,924 log 33210 6168129536 Internal Server Error: /api/users/refresh-token
Traceback (most recent call last):
  File "/Users/grizzly/.pyenv/versions/mt/lib/python3.12/site-packages/django/core/handlers/exception.py", line 55, in inner
    response = get_response(request)
               ^^^^^^^^^^^^^^^^^^^^^
  File "/Users/grizzly/.pyenv/versions/mt/lib/python3.12/site-packages/django/utils/deprecation.py", line 311, in __call__
    response = self.process_response(request, response)
               ^^^^^^^^^^^^^^^^^^^^^^^^^^^^^^^^^^^^^^^^
  File "/Users/grizzly/.pyenv/versions/mt/lib/python3.12/site-packages/django/middleware/common.py", line 109, in process_response
    self.get_full_path_with_slash(request)
  File "/Users/grizzly/.pyenv/versions/mt/lib/python3.12/site-packages/django/middleware/common.py", line 87, in get_full_path_with_slash
    raise RuntimeError(
RuntimeError: You called this URL via POST, but the URL doesn't end in a slash and you have APPEND_SLASH set. Django can't redirect to the slash URL while maintaining POST data. Change your form to point to localhost:8000/api/users/refresh-token/ (note the trailing slash), or set APPEND_SLASH=False in your Django settings.
ERROR 2026-05-18 04:24:02,496 log 33210 6184955904 Internal Server Error: /api/users/refresh-token
Traceback (most recent call last):
  File "/Users/grizzly/.pyenv/versions/mt/lib/python3.12/site-packages/django/core/handlers/exception.py", line 55, in inner
    response = get_response(request)
               ^^^^^^^^^^^^^^^^^^^^^
  File "/Users/grizzly/.pyenv/versions/mt/lib/python3.12/site-packages/django/utils/deprecation.py", line 311, in __call__
    response = self.process_response(request, response)
               ^^^^^^^^^^^^^^^^^^^^^^^^^^^^^^^^^^^^^^^^
  File "/Users/grizzly/.pyenv/versions/mt/lib/python3.12/site-packages/django/middleware/common.py", line 109, in process_response
    self.get_full_path_with_slash(request)
  File "/Users/grizzly/.pyenv/versions/mt/lib/python3.12/site-packages/django/middleware/common.py", line 87, in get_full_path_with_slash
    raise RuntimeError(
RuntimeError: You called this URL via POST, but the URL doesn't end in a slash and you have APPEND_SLASH set. Django can't redirect to the slash URL while maintaining POST data. Change your form to point to localhost:8000/api/users/refresh-token/ (note the trailing slash), or set APPEND_SLASH=False in your Django settings.
WARNING 2026-05-19 16:26:49,186 log 33210 6168129536 Unauthorized: /api/categories/category-transactions/
WARNING 2026-05-19 16:26:49,712 log 33210 6168129536 Unauthorized: /api/categories/category-transactions/
ERROR 2026-05-19 16:26:49,771 log 33210 6184955904 Internal Server Error: /api/users/refresh-token
Traceback (most recent call last):
  File "/Users/grizzly/.pyenv/versions/mt/lib/python3.12/site-packages/django/core/handlers/exception.py", line 55, in inner
    response = get_response(request)
               ^^^^^^^^^^^^^^^^^^^^^
  File "/Users/grizzly/.pyenv/versions/mt/lib/python3.12/site-packages/django/utils/deprecation.py", line 311, in __call__
    response = self.process_response(request, response)
               ^^^^^^^^^^^^^^^^^^^^^^^^^^^^^^^^^^^^^^^^
  File "/Users/grizzly/.pyenv/versions/mt/lib/python3.12/site-packages/django/middleware/common.py", line 109, in process_response
    self.get_full_path_with_slash(request)
  File "/Users/grizzly/.pyenv/versions/mt/lib/python3.12/site-packages/django/middleware/common.py", line 87, in get_full_path_with_slash
    raise RuntimeError(
RuntimeError: You called this URL via POST, but the URL doesn't end in a slash and you have APPEND_SLASH set. Django can't redirect to the slash URL while maintaining POST data. Change your form to point to localhost:8000/api/users/refresh-token/ (note the trailing slash), or set APPEND_SLASH=False in your Django settings.
ERROR 2026-05-19 16:26:50,302 log 33210 6168129536 Internal Server Error: /api/users/refresh-token
Traceback (most recent call last):
  File "/Users/grizzly/.pyenv/versions/mt/lib/python3.12/site-packages/django/core/handlers/exception.py", line 55, in inner
    response = get_response(request)
               ^^^^^^^^^^^^^^^^^^^^^
  File "/Users/grizzly/.pyenv/versions/mt/lib/python3.12/site-packages/django/utils/deprecation.py", line 311, in __call__
    response = self.process_response(request, response)
               ^^^^^^^^^^^^^^^^^^^^^^^^^^^^^^^^^^^^^^^^
  File "/Users/grizzly/.pyenv/versions/mt/lib/python3.12/site-packages/django/middleware/common.py", line 109, in process_response
    self.get_full_path_with_slash(request)
  File "/Users/grizzly/.pyenv/versions/mt/lib/python3.12/site-packages/django/middleware/common.py", line 87, in get_full_path_with_slash
    raise RuntimeError(
RuntimeError: You called this URL via POST, but the URL doesn't end in a slash and you have APPEND_SLASH set. Django can't redirect to the slash URL while maintaining POST data. Change your form to point to localhost:8000/api/users/refresh-token/ (note the trailing slash), or set APPEND_SLASH=False in your Django settings.
WARNING 2026-05-19 16:26:51,835 log 33210 6168129536 Unauthorized: /api/users/profile/
WARNING 2026-05-19 16:26:52,416 log 33210 6168129536 Unauthorized: /api/users/profile/
ERROR 2026-05-19 16:26:52,436 log 33210 6184955904 Internal Server Error: /api/users/refresh-token
Traceback (most recent call last):
  File "/Users/grizzly/.pyenv/versions/mt/lib/python3.12/site-packages/django/core/handlers/exception.py", line 55, in inner
    response = get_response(request)
               ^^^^^^^^^^^^^^^^^^^^^
  File "/Users/grizzly/.pyenv/versions/mt/lib/python3.12/site-packages/django/utils/deprecation.py", line 311, in __call__
    response = self.process_response(request, response)
               ^^^^^^^^^^^^^^^^^^^^^^^^^^^^^^^^^^^^^^^^
  File "/Users/grizzly/.pyenv/versions/mt/lib/python3.12/site-packages/django/middleware/common.py", line 109, in process_response
    self.get_full_path_with_slash(request)
  File "/Users/grizzly/.pyenv/versions/mt/lib/python3.12/site-packages/django/middleware/common.py", line 87, in get_full_path_with_slash
    raise RuntimeError(
RuntimeError: You called this URL via POST, but the URL doesn't end in a slash and you have APPEND_SLASH set. Django can't redirect to the slash URL while maintaining POST data. Change your form to point to localhost:8000/api/users/refresh-token/ (note the trailing slash), or set APPEND_SLASH=False in your Django settings.
ERROR 2026-05-19 16:26:53,002 log 33210 6168129536 Internal Server Error: /api/users/refresh-token
Traceback (most recent call last):
  File "/Users/grizzly/.pyenv/versions/mt/lib/python3.12/site-packages/django/core/handlers/exception.py", line 55, in inner
    response = get_response(request)
               ^^^^^^^^^^^^^^^^^^^^^
  File "/Users/grizzly/.pyenv/versions/mt/lib/python3.12/site-packages/django/utils/deprecation.py", line 311, in __call__
    response = self.process_response(request, response)
               ^^^^^^^^^^^^^^^^^^^^^^^^^^^^^^^^^^^^^^^^
  File "/Users/grizzly/.pyenv/versions/mt/lib/python3.12/site-packages/django/middleware/common.py", line 109, in process_response
    self.get_full_path_with_slash(request)
  File "/Users/grizzly/.pyenv/versions/mt/lib/python3.12/site-packages/django/middleware/common.py", line 87, in get_full_path_with_slash
    raise RuntimeError(
RuntimeError: You called this URL via POST, but the URL doesn't end in a slash and you have APPEND_SLASH set. Django can't redirect to the slash URL while maintaining POST data. Change your form to point to localhost:8000/api/users/refresh-token/ (note the trailing slash), or set APPEND_SLASH=False in your Django settings.
ERROR 2026-05-19 16:27:03,998 log 33210 6168129536 Internal Server Error: /api/users/verify-otp/
Traceback (most recent call last):
  File "/Users/grizzly/grizzly/edu/python/django/dmoneytracker/apps/endusers/views.py", line 355, in verify_otp
    user = EndUser.objects.get(mobile=mobile)
           ^^^^^^^^^^^^^^^^^^^^^^^^^^^^^^^^^^
  File "/Users/grizzly/.pyenv/versions/mt/lib/python3.12/site-packages/django/db/models/manager.py", line 87, in manager_method
    return getattr(self.get_queryset(), name)(*args, **kwargs)
           ^^^^^^^^^^^^^^^^^^^^^^^^^^^^^^^^^^^^^^^^^^^^^^^^^^^
  File "/Users/grizzly/.pyenv/versions/mt/lib/python3.12/site-packages/django/db/models/query.py", line 639, in get
    raise self.model.DoesNotExist(
apps.endusers.models.EndUser.DoesNotExist: EndUser matching query does not exist.

During handling of the above exception, another exception occurred:

Traceback (most recent call last):
  File "/Users/grizzly/.pyenv/versions/mt/lib/python3.12/site-packages/django/db/backends/utils.py", line 105, in _execute
    return self.cursor.execute(sql, params)
           ^^^^^^^^^^^^^^^^^^^^^^^^^^^^^^^^
psycopg2.errors.UniqueViolation: duplicate key value violates unique constraint "endusers_email_b036ed9c_uniq"
DETAIL:  Key (email)=() already exists.


The above exception was the direct cause of the following exception:

Traceback (most recent call last):
  File "/Users/grizzly/.pyenv/versions/mt/lib/python3.12/site-packages/django/core/handlers/exception.py", line 55, in inner
    response = get_response(request)
               ^^^^^^^^^^^^^^^^^^^^^
  File "/Users/grizzly/.pyenv/versions/mt/lib/python3.12/site-packages/django/core/handlers/base.py", line 198, in _get_response
    response = wrapped_callback(request, *callback_args, **callback_kwargs)
               ^^^^^^^^^^^^^^^^^^^^^^^^^^^^^^^^^^^^^^^^^^^^^^^^^^^^^^^^^^^^
  File "/Users/grizzly/.pyenv/versions/mt/lib/python3.12/site-packages/django/views/decorators/csrf.py", line 65, in _view_wrapper
    return view_func(request, *args, **kwargs)
           ^^^^^^^^^^^^^^^^^^^^^^^^^^^^^^^^^^^
  File "/Users/grizzly/.pyenv/versions/mt/lib/python3.12/site-packages/rest_framework/viewsets.py", line 125, in view
    return self.dispatch(request, *args, **kwargs)
           ^^^^^^^^^^^^^^^^^^^^^^^^^^^^^^^^^^^^^^^
  File "/Users/grizzly/.pyenv/versions/mt/lib/python3.12/site-packages/rest_framework/views.py", line 515, in dispatch
    response = self.handle_exception(exc)
               ^^^^^^^^^^^^^^^^^^^^^^^^^^
  File "/Users/grizzly/.pyenv/versions/mt/lib/python3.12/site-packages/rest_framework/views.py", line 475, in handle_exception
    self.raise_uncaught_exception(exc)
  File "/Users/grizzly/.pyenv/versions/mt/lib/python3.12/site-packages/rest_framework/views.py", line 486, in raise_uncaught_exception
    raise exc
  File "/Users/grizzly/.pyenv/versions/mt/lib/python3.12/site-packages/rest_framework/views.py", line 512, in dispatch
    response = handler(request, *args, **kwargs)
               ^^^^^^^^^^^^^^^^^^^^^^^^^^^^^^^^^
  File "/Users/grizzly/grizzly/edu/python/django/dmoneytracker/apps/endusers/views.py", line 367, in verify_otp
    serializer.save()
  File "/Users/grizzly/.pyenv/versions/mt/lib/python3.12/site-packages/rest_framework/serializers.py", line 210, in save
    self.instance = self.create(validated_data)
                    ^^^^^^^^^^^^^^^^^^^^^^^^^^^
  File "/Users/grizzly/.pyenv/versions/mt/lib/python3.12/site-packages/rest_framework/serializers.py", line 991, in create
    instance = ModelClass._default_manager.create(**validated_data)
               ^^^^^^^^^^^^^^^^^^^^^^^^^^^^^^^^^^^^^^^^^^^^^^^^^^^^
  File "/Users/grizzly/.pyenv/versions/mt/lib/python3.12/site-packages/django/db/models/manager.py", line 87, in manager_method
    return getattr(self.get_queryset(), name)(*args, **kwargs)
           ^^^^^^^^^^^^^^^^^^^^^^^^^^^^^^^^^^^^^^^^^^^^^^^^^^^
  File "/Users/grizzly/.pyenv/versions/mt/lib/python3.12/site-packages/django/db/models/query.py", line 669, in create
    obj.save(force_insert=True, using=self.db)
  File "/Users/grizzly/grizzly/edu/python/django/dmoneytracker/apps/endusers/models.py", line 127, in save
    super().save(*args, **kwargs)
  File "/Users/grizzly/.pyenv/versions/mt/lib/python3.12/site-packages/django/db/models/base.py", line 874, in save
    self.save_base(
  File "/Users/grizzly/.pyenv/versions/mt/lib/python3.12/site-packages/django/db/models/base.py", line 966, in save_base
    updated = self._save_table(
              ^^^^^^^^^^^^^^^^^
  File "/Users/grizzly/.pyenv/versions/mt/lib/python3.12/site-packages/django/db/models/base.py", line 1169, in _save_table
    results = self._do_insert(
              ^^^^^^^^^^^^^^^^
  File "/Users/grizzly/.pyenv/versions/mt/lib/python3.12/site-packages/django/db/models/base.py", line 1220, in _do_insert
    return manager._insert(
           ^^^^^^^^^^^^^^^^
  File "/Users/grizzly/.pyenv/versions/mt/lib/python3.12/site-packages/django/db/models/manager.py", line 87, in manager_method
    return getattr(self.get_queryset(), name)(*args, **kwargs)
           ^^^^^^^^^^^^^^^^^^^^^^^^^^^^^^^^^^^^^^^^^^^^^^^^^^^
  File "/Users/grizzly/.pyenv/versions/mt/lib/python3.12/site-packages/django/db/models/query.py", line 1918, in _insert
    return query.get_compiler(using=using).execute_sql(returning_fields)
           ^^^^^^^^^^^^^^^^^^^^^^^^^^^^^^^^^^^^^^^^^^^^^^^^^^^^^^^^^^^^^
  File "/Users/grizzly/.pyenv/versions/mt/lib/python3.12/site-packages/django/db/models/sql/compiler.py", line 1925, in execute_sql
    cursor.execute(sql, params)
  File "/Users/grizzly/.pyenv/versions/mt/lib/python3.12/site-packages/django/db/backends/utils.py", line 122, in execute
    return super().execute(sql, params)
           ^^^^^^^^^^^^^^^^^^^^^^^^^^^^
  File "/Users/grizzly/.pyenv/versions/mt/lib/python3.12/site-packages/django/db/backends/utils.py", line 79, in execute
    return self._execute_with_wrappers(
           ^^^^^^^^^^^^^^^^^^^^^^^^^^^^
  File "/Users/grizzly/.pyenv/versions/mt/lib/python3.12/site-packages/django/db/backends/utils.py", line 92, in _execute_with_wrappers
    return executor(sql, params, many, context)
           ^^^^^^^^^^^^^^^^^^^^^^^^^^^^^^^^^^^^
  File "/Users/grizzly/.pyenv/versions/mt/lib/python3.12/site-packages/django/db/backends/utils.py", line 100, in _execute
    with self.db.wrap_database_errors:
         ^^^^^^^^^^^^^^^^^^^^^^^^^^^^
  File "/Users/grizzly/.pyenv/versions/mt/lib/python3.12/site-packages/django/db/utils.py", line 94, in __exit__
    raise dj_exc_value.with_traceback(traceback) from exc_value
  File "/Users/grizzly/.pyenv/versions/mt/lib/python3.12/site-packages/django/db/backends/utils.py", line 105, in _execute
    return self.cursor.execute(sql, params)
           ^^^^^^^^^^^^^^^^^^^^^^^^^^^^^^^^
django.db.utils.IntegrityError: duplicate key value violates unique constraint "endusers_email_b036ed9c_uniq"
DETAIL:  Key (email)=() already exists.

WARNING 2026-05-22 02:26:17,668 log 33210 6184955904 Unauthorized: /api/categories/category-transactions/
WARNING 2026-05-22 02:26:18,225 log 33210 6168129536 Unauthorized: /api/categories/category-transactions/
ERROR 2026-05-22 02:26:18,288 log 33210 6184955904 Internal Server Error: /api/users/refresh-token
Traceback (most recent call last):
  File "/Users/grizzly/.pyenv/versions/mt/lib/python3.12/site-packages/django/core/handlers/exception.py", line 55, in inner
    response = get_response(request)
               ^^^^^^^^^^^^^^^^^^^^^
  File "/Users/grizzly/.pyenv/versions/mt/lib/python3.12/site-packages/django/utils/deprecation.py", line 311, in __call__
    response = self.process_response(request, response)
               ^^^^^^^^^^^^^^^^^^^^^^^^^^^^^^^^^^^^^^^^
  File "/Users/grizzly/.pyenv/versions/mt/lib/python3.12/site-packages/django/middleware/common.py", line 109, in process_response
    self.get_full_path_with_slash(request)
  File "/Users/grizzly/.pyenv/versions/mt/lib/python3.12/site-packages/django/middleware/common.py", line 87, in get_full_path_with_slash
    raise RuntimeError(
RuntimeError: You called this URL via POST, but the URL doesn't end in a slash and you have APPEND_SLASH set. Django can't redirect to the slash URL while maintaining POST data. Change your form to point to localhost:8000/api/users/refresh-token/ (note the trailing slash), or set APPEND_SLASH=False in your Django settings.
ERROR 2026-05-22 02:26:18,830 log 33210 6168129536 Internal Server Error: /api/users/refresh-token
Traceback (most recent call last):
  File "/Users/grizzly/.pyenv/versions/mt/lib/python3.12/site-packages/django/core/handlers/exception.py", line 55, in inner
    response = get_response(request)
               ^^^^^^^^^^^^^^^^^^^^^
  File "/Users/grizzly/.pyenv/versions/mt/lib/python3.12/site-packages/django/utils/deprecation.py", line 311, in __call__
    response = self.process_response(request, response)
               ^^^^^^^^^^^^^^^^^^^^^^^^^^^^^^^^^^^^^^^^
  File "/Users/grizzly/.pyenv/versions/mt/lib/python3.12/site-packages/django/middleware/common.py", line 109, in process_response
    self.get_full_path_with_slash(request)
  File "/Users/grizzly/.pyenv/versions/mt/lib/python3.12/site-packages/django/middleware/common.py", line 87, in get_full_path_with_slash
    raise RuntimeError(
RuntimeError: You called this URL via POST, but the URL doesn't end in a slash and you have APPEND_SLASH set. Django can't redirect to the slash URL while maintaining POST data. Change your form to point to localhost:8000/api/users/refresh-token/ (note the trailing slash), or set APPEND_SLASH=False in your Django settings.
WARNING 2026-05-22 02:26:21,068 log 33210 6168129536 Unauthorized: /api/users/profile/
WARNING 2026-05-22 02:26:21,641 log 33210 6184955904 Unauthorized: /api/users/profile/
ERROR 2026-05-22 02:26:21,673 log 33210 6168129536 Internal Server Error: /api/users/refresh-token
Traceback (most recent call last):
  File "/Users/grizzly/.pyenv/versions/mt/lib/python3.12/site-packages/django/core/handlers/exception.py", line 55, in inner
    response = get_response(request)
               ^^^^^^^^^^^^^^^^^^^^^
  File "/Users/grizzly/.pyenv/versions/mt/lib/python3.12/site-packages/django/utils/deprecation.py", line 311, in __call__
    response = self.process_response(request, response)
               ^^^^^^^^^^^^^^^^^^^^^^^^^^^^^^^^^^^^^^^^
  File "/Users/grizzly/.pyenv/versions/mt/lib/python3.12/site-packages/django/middleware/common.py", line 109, in process_response
    self.get_full_path_with_slash(request)
  File "/Users/grizzly/.pyenv/versions/mt/lib/python3.12/site-packages/django/middleware/common.py", line 87, in get_full_path_with_slash
    raise RuntimeError(
RuntimeError: You called this URL via POST, but the URL doesn't end in a slash and you have APPEND_SLASH set. Django can't redirect to the slash URL while maintaining POST data. Change your form to point to localhost:8000/api/users/refresh-token/ (note the trailing slash), or set APPEND_SLASH=False in your Django settings.
ERROR 2026-05-22 02:26:22,252 log 33210 6184955904 Internal Server Error: /api/users/refresh-token
Traceback (most recent call last):
  File "/Users/grizzly/.pyenv/versions/mt/lib/python3.12/site-packages/django/core/handlers/exception.py", line 55, in inner
    response = get_response(request)
               ^^^^^^^^^^^^^^^^^^^^^
  File "/Users/grizzly/.pyenv/versions/mt/lib/python3.12/site-packages/django/utils/deprecation.py", line 311, in __call__
    response = self.process_response(request, response)
               ^^^^^^^^^^^^^^^^^^^^^^^^^^^^^^^^^^^^^^^^
  File "/Users/grizzly/.pyenv/versions/mt/lib/python3.12/site-packages/django/middleware/common.py", line 109, in process_response
    self.get_full_path_with_slash(request)
  File "/Users/grizzly/.pyenv/versions/mt/lib/python3.12/site-packages/django/middleware/common.py", line 87, in get_full_path_with_slash
    raise RuntimeError(
RuntimeError: You called this URL via POST, but the URL doesn't end in a slash and you have APPEND_SLASH set. Django can't redirect to the slash URL while maintaining POST data. Change your form to point to localhost:8000/api/users/refresh-token/ (note the trailing slash), or set APPEND_SLASH=False in your Django settings.
WARNING 2026-05-25 12:30:00,419 log 33210 6184955904 Unauthorized: /api/transactions/transactions/
WARNING 2026-05-25 12:30:00,423 log 33210 6168129536 Unauthorized: /api/transactions/transactions/
ERROR 2026-05-25 12:30:00,475 log 33210 6184955904 Internal Server Error: /api/users/refresh-token
Traceback (most recent call last):
  File "/Users/grizzly/.pyenv/versions/mt/lib/python3.12/site-packages/django/core/handlers/exception.py", line 55, in inner
    response = get_response(request)
               ^^^^^^^^^^^^^^^^^^^^^
  File "/Users/grizzly/.pyenv/versions/mt/lib/python3.12/site-packages/django/utils/deprecation.py", line 311, in __call__
    response = self.process_response(request, response)
               ^^^^^^^^^^^^^^^^^^^^^^^^^^^^^^^^^^^^^^^^
  File "/Users/grizzly/.pyenv/versions/mt/lib/python3.12/site-packages/django/middleware/common.py", line 109, in process_response
    self.get_full_path_with_slash(request)
  File "/Users/grizzly/.pyenv/versions/mt/lib/python3.12/site-packages/django/middleware/common.py", line 87, in get_full_path_with_slash
    raise RuntimeError(
RuntimeError: You called this URL via POST, but the URL doesn't end in a slash and you have APPEND_SLASH set. Django can't redirect to the slash URL while maintaining POST data. Change your form to point to localhost:8000/api/users/refresh-token/ (note the trailing slash), or set APPEND_SLASH=False in your Django settings.
ERROR 2026-05-25 12:30:00,481 log 33210 6168129536 Internal Server Error: /api/users/refresh-token
Traceback (most recent call last):
  File "/Users/grizzly/.pyenv/versions/mt/lib/python3.12/site-packages/django/core/handlers/exception.py", line 55, in inner
    response = get_response(request)
               ^^^^^^^^^^^^^^^^^^^^^
  File "/Users/grizzly/.pyenv/versions/mt/lib/python3.12/site-packages/django/utils/deprecation.py", line 311, in __call__
    response = self.process_response(request, response)
               ^^^^^^^^^^^^^^^^^^^^^^^^^^^^^^^^^^^^^^^^
  File "/Users/grizzly/.pyenv/versions/mt/lib/python3.12/site-packages/django/middleware/common.py", line 109, in process_response
    self.get_full_path_with_slash(request)
  File "/Users/grizzly/.pyenv/versions/mt/lib/python3.12/site-packages/django/middleware/common.py", line 87, in get_full_path_with_slash
    raise RuntimeError(
RuntimeError: You called this URL via POST, but the URL doesn't end in a slash and you have APPEND_SLASH set. Django can't redirect to the slash URL while maintaining POST data. Change your form to point to localhost:8000/api/users/refresh-token/ (note the trailing slash), or set APPEND_SLASH=False in your Django settings.
WARNING 2026-05-25 12:30:06,070 log 33210 6168129536 Unauthorized: /api/transactions/transactions/
WARNING 2026-05-25 12:30:06,079 log 33210 6168129536 Unauthorized: /api/transactions/transactions/
ERROR 2026-05-25 12:30:06,122 log 33210 6184955904 Internal Server Error: /api/users/refresh-token
Traceback (most recent call last):
  File "/Users/grizzly/.pyenv/versions/mt/lib/python3.12/site-packages/django/core/handlers/exception.py", line 55, in inner
    response = get_response(request)
               ^^^^^^^^^^^^^^^^^^^^^
  File "/Users/grizzly/.pyenv/versions/mt/lib/python3.12/site-packages/django/utils/deprecation.py", line 311, in __call__
    response = self.process_response(request, response)
               ^^^^^^^^^^^^^^^^^^^^^^^^^^^^^^^^^^^^^^^^
  File "/Users/grizzly/.pyenv/versions/mt/lib/python3.12/site-packages/django/middleware/common.py", line 109, in process_response
    self.get_full_path_with_slash(request)
  File "/Users/grizzly/.pyenv/versions/mt/lib/python3.12/site-packages/django/middleware/common.py", line 87, in get_full_path_with_slash
    raise RuntimeError(
RuntimeError: You called this URL via POST, but the URL doesn't end in a slash and you have APPEND_SLASH set. Django can't redirect to the slash URL while maintaining POST data. Change your form to point to localhost:8000/api/users/refresh-token/ (note the trailing slash), or set APPEND_SLASH=False in your Django settings.
ERROR 2026-05-25 12:30:06,133 log 33210 6168129536 Internal Server Error: /api/users/refresh-token
Traceback (most recent call last):
  File "/Users/grizzly/.pyenv/versions/mt/lib/python3.12/site-packages/django/core/handlers/exception.py", line 55, in inner
    response = get_response(request)
               ^^^^^^^^^^^^^^^^^^^^^
  File "/Users/grizzly/.pyenv/versions/mt/lib/python3.12/site-packages/django/utils/deprecation.py", line 311, in __call__
    response = self.process_response(request, response)
               ^^^^^^^^^^^^^^^^^^^^^^^^^^^^^^^^^^^^^^^^
  File "/Users/grizzly/.pyenv/versions/mt/lib/python3.12/site-packages/django/middleware/common.py", line 109, in process_response
    self.get_full_path_with_slash(request)
  File "/Users/grizzly/.pyenv/versions/mt/lib/python3.12/site-packages/django/middleware/common.py", line 87, in get_full_path_with_slash
    raise RuntimeError(
RuntimeError: You called this URL via POST, but the URL doesn't end in a slash and you have APPEND_SLASH set. Django can't redirect to the slash URL while maintaining POST data. Change your form to point to localhost:8000/api/users/refresh-token/ (note the trailing slash), or set APPEND_SLASH=False in your Django settings.
WARNING 2026-05-25 12:30:06,997 log 33210 6184955904 Unauthorized: /api/categories/category-transactions/
WARNING 2026-05-25 12:30:07,000 log 33210 6168129536 Unauthorized: /api/categories/category-transactions/
ERROR 2026-05-25 12:30:07,043 log 33210 6168129536 Internal Server Error: /api/users/refresh-token
Traceback (most recent call last):
  File "/Users/grizzly/.pyenv/versions/mt/lib/python3.12/site-packages/django/core/handlers/exception.py", line 55, in inner
    response = get_response(request)
               ^^^^^^^^^^^^^^^^^^^^^
  File "/Users/grizzly/.pyenv/versions/mt/lib/python3.12/site-packages/django/utils/deprecation.py", line 311, in __call__
    response = self.process_response(request, response)
               ^^^^^^^^^^^^^^^^^^^^^^^^^^^^^^^^^^^^^^^^
  File "/Users/grizzly/.pyenv/versions/mt/lib/python3.12/site-packages/django/middleware/common.py", line 109, in process_response
    self.get_full_path_with_slash(request)
  File "/Users/grizzly/.pyenv/versions/mt/lib/python3.12/site-packages/django/middleware/common.py", line 87, in get_full_path_with_slash
    raise RuntimeError(
RuntimeError: You called this URL via POST, but the URL doesn't end in a slash and you have APPEND_SLASH set. Django can't redirect to the slash URL while maintaining POST data. Change your form to point to localhost:8000/api/users/refresh-token/ (note the trailing slash), or set APPEND_SLASH=False in your Django settings.
ERROR 2026-05-25 12:30:07,053 log 33210 6184955904 Internal Server Error: /api/users/refresh-token
Traceback (most recent call last):
  File "/Users/grizzly/.pyenv/versions/mt/lib/python3.12/site-packages/django/core/handlers/exception.py", line 55, in inner
    response = get_response(request)
               ^^^^^^^^^^^^^^^^^^^^^
  File "/Users/grizzly/.pyenv/versions/mt/lib/python3.12/site-packages/django/utils/deprecation.py", line 311, in __call__
    response = self.process_response(request, response)
               ^^^^^^^^^^^^^^^^^^^^^^^^^^^^^^^^^^^^^^^^
  File "/Users/grizzly/.pyenv/versions/mt/lib/python3.12/site-packages/django/middleware/common.py", line 109, in process_response
    self.get_full_path_with_slash(request)
  File "/Users/grizzly/.pyenv/versions/mt/lib/python3.12/site-packages/django/middleware/common.py", line 87, in get_full_path_with_slash
    raise RuntimeError(
RuntimeError: You called this URL via POST, but the URL doesn't end in a slash and you have APPEND_SLASH set. Django can't redirect to the slash URL while maintaining POST data. Change your form to point to localhost:8000/api/users/refresh-token/ (note the trailing slash), or set APPEND_SLASH=False in your Django settings.
WARNING 2026-05-25 12:30:07,667 log 33210 6168129536 Unauthorized: /api/users/profile/
WARNING 2026-05-25 12:30:07,670 log 33210 6184955904 Unauthorized: /api/users/profile/
ERROR 2026-05-25 12:30:07,711 log 33210 6168129536 Internal Server Error: /api/users/refresh-token
Traceback (most recent call last):
  File "/Users/grizzly/.pyenv/versions/mt/lib/python3.12/site-packages/django/core/handlers/exception.py", line 55, in inner
    response = get_response(request)
               ^^^^^^^^^^^^^^^^^^^^^
  File "/Users/grizzly/.pyenv/versions/mt/lib/python3.12/site-packages/django/utils/deprecation.py", line 311, in __call__
    response = self.process_response(request, response)
               ^^^^^^^^^^^^^^^^^^^^^^^^^^^^^^^^^^^^^^^^
  File "/Users/grizzly/.pyenv/versions/mt/lib/python3.12/site-packages/django/middleware/common.py", line 109, in process_response
    self.get_full_path_with_slash(request)
  File "/Users/grizzly/.pyenv/versions/mt/lib/python3.12/site-packages/django/middleware/common.py", line 87, in get_full_path_with_slash
    raise RuntimeError(
RuntimeError: You called this URL via POST, but the URL doesn't end in a slash and you have APPEND_SLASH set. Django can't redirect to the slash URL while maintaining POST data. Change your form to point to localhost:8000/api/users/refresh-token/ (note the trailing slash), or set APPEND_SLASH=False in your Django settings.
ERROR 2026-05-25 12:30:07,723 log 33210 6184955904 Internal Server Error: /api/users/refresh-token
Traceback (most recent call last):
  File "/Users/grizzly/.pyenv/versions/mt/lib/python3.12/site-packages/django/core/handlers/exception.py", line 55, in inner
    response = get_response(request)
               ^^^^^^^^^^^^^^^^^^^^^
  File "/Users/grizzly/.pyenv/versions/mt/lib/python3.12/site-packages/django/utils/deprecation.py", line 311, in __call__
    response = self.process_response(request, response)
               ^^^^^^^^^^^^^^^^^^^^^^^^^^^^^^^^^^^^^^^^
  File "/Users/grizzly/.pyenv/versions/mt/lib/python3.12/site-packages/django/middleware/common.py", line 109, in process_response
    self.get_full_path_with_slash(request)
  File "/Users/grizzly/.pyenv/versions/mt/lib/python3.12/site-packages/django/middleware/common.py", line 87, in get_full_path_with_slash
    raise RuntimeError(
RuntimeError: You called this URL via POST, but the URL doesn't end in a slash and you have APPEND_SLASH set. Django can't redirect to the slash URL while maintaining POST data. Change your form to point to localhost:8000/api/users/refresh-token/ (note the trailing slash), or set APPEND_SLASH=False in your Django settings.
WARNING 2026-05-25 12:34:33,527 log 33210 6184955904 Bad Request: /api/wishlist/create/
WARNING 2026-05-25 12:35:08,122 log 33210 6184955904 Bad Request: /api/wishlist/create/
INFO 2026-05-25 12:36:07,573 autoreload 33210 8598413504 /Users/grizzly/grizzly/edu/python/django/dmoneytracker/apps/wishlist/serializers.py changed, reloading.
INFO 2026-05-25 12:36:08,799 autoreload 86174 8598413504 Watching for file changes with StatReloader
INFO 2026-05-25 12:36:12,667 autoreload 86174 8598413504 /Users/grizzly/grizzly/edu/python/django/dmoneytracker/apps/wishlist/serializers.py changed, reloading.
INFO 2026-05-25 12:36:12,922 autoreload 86185 8598413504 Watching for file changes with StatReloader
INFO 2026-05-25 12:36:15,266 autoreload 86185 8598413504 /Users/grizzly/grizzly/edu/python/django/dmoneytracker/apps/wishlist/serializers.py changed, reloading.
INFO 2026-05-25 12:36:15,549 autoreload 86196 8598413504 Watching for file changes with StatReloader
ERROR 2026-05-25 12:41:08,459 log 86196 6202503168 Internal Server Error: /api/wishlist/create/
Traceback (most recent call last):
  File "/Users/grizzly/.pyenv/versions/mt/lib/python3.12/site-packages/django/core/handlers/exception.py", line 55, in inner
    response = get_response(request)
               ^^^^^^^^^^^^^^^^^^^^^
  File "/Users/grizzly/.pyenv/versions/mt/lib/python3.12/site-packages/django/core/handlers/base.py", line 198, in _get_response
    response = wrapped_callback(request, *callback_args, **callback_kwargs)
               ^^^^^^^^^^^^^^^^^^^^^^^^^^^^^^^^^^^^^^^^^^^^^^^^^^^^^^^^^^^^
  File "/Users/grizzly/.pyenv/versions/mt/lib/python3.12/site-packages/django/views/decorators/csrf.py", line 65, in _view_wrapper
    return view_func(request, *args, **kwargs)
           ^^^^^^^^^^^^^^^^^^^^^^^^^^^^^^^^^^^
  File "/Users/grizzly/.pyenv/versions/mt/lib/python3.12/site-packages/rest_framework/viewsets.py", line 125, in view
    return self.dispatch(request, *args, **kwargs)
           ^^^^^^^^^^^^^^^^^^^^^^^^^^^^^^^^^^^^^^^
  File "/Users/grizzly/.pyenv/versions/mt/lib/python3.12/site-packages/rest_framework/views.py", line 515, in dispatch
    response = self.handle_exception(exc)
               ^^^^^^^^^^^^^^^^^^^^^^^^^^
  File "/Users/grizzly/.pyenv/versions/mt/lib/python3.12/site-packages/rest_framework/views.py", line 475, in handle_exception
    self.raise_uncaught_exception(exc)
  File "/Users/grizzly/.pyenv/versions/mt/lib/python3.12/site-packages/rest_framework/views.py", line 486, in raise_uncaught_exception
    raise exc
  File "/Users/grizzly/.pyenv/versions/mt/lib/python3.12/site-packages/rest_framework/views.py", line 512, in dispatch
    response = handler(request, *args, **kwargs)
               ^^^^^^^^^^^^^^^^^^^^^^^^^^^^^^^^^
  File "/Users/grizzly/grizzly/edu/python/django/dmoneytracker/apps/wishlist/views.py", line 54, in create
    serializer.is_valid(raise_exception=True)
  File "/Users/grizzly/.pyenv/versions/mt/lib/python3.12/site-packages/rest_framework/serializers.py", line 225, in is_valid
    self._validated_data = self.run_validation(self.initial_data)
                           ^^^^^^^^^^^^^^^^^^^^^^^^^^^^^^^^^^^^^^
  File "/Users/grizzly/.pyenv/versions/mt/lib/python3.12/site-packages/rest_framework/serializers.py", line 444, in run_validation
    value = self.to_internal_value(data)
            ^^^^^^^^^^^^^^^^^^^^^^^^^^^^
  File "/Users/grizzly/.pyenv/versions/mt/lib/python3.12/site-packages/rest_framework/serializers.py", line 497, in to_internal_value
    for field in fields:
                 ^^^^^^
  File "/Users/grizzly/.pyenv/versions/mt/lib/python3.12/site-packages/rest_framework/serializers.py", line 380, in _writable_fields
    for field in self.fields.values():
                 ^^^^^^^^^^^
  File "/Users/grizzly/.pyenv/versions/mt/lib/python3.12/site-packages/django/utils/functional.py", line 47, in __get__
    res = instance.__dict__[self.name] = self.func(instance)
                                         ^^^^^^^^^^^^^^^^^^^
  File "/Users/grizzly/.pyenv/versions/mt/lib/python3.12/site-packages/rest_framework/serializers.py", line 374, in fields
    for key, value in self.get_fields().items():
                      ^^^^^^^^^^^^^^^^^
  File "/Users/grizzly/.pyenv/versions/mt/lib/python3.12/site-packages/rest_framework/serializers.py", line 1105, in get_fields
    field_class, field_kwargs = self.build_field(
                                ^^^^^^^^^^^^^^^^^
  File "/Users/grizzly/.pyenv/versions/mt/lib/python3.12/site-packages/rest_framework/serializers.py", line 1251, in build_field
    return self.build_unknown_field(field_name, model_class)
           ^^^^^^^^^^^^^^^^^^^^^^^^^^^^^^^^^^^^^^^^^^^^^^^^^
  File "/Users/grizzly/.pyenv/versions/mt/lib/python3.12/site-packages/rest_framework/serializers.py", line 1369, in build_unknown_field
    raise ImproperlyConfigured(
django.core.exceptions.ImproperlyConfigured: Field name `expected_date` is not valid for model `Wishlist` in `apps.wishlist.serializers.WishlistCreateUpdateSerializer`.
INFO 2026-05-25 12:41:34,909 autoreload 86196 8598413504 /Users/grizzly/grizzly/edu/python/django/dmoneytracker/apps/wishlist/models.py changed, reloading.
INFO 2026-05-25 12:41:35,310 autoreload 87979 8598413504 Watching for file changes with StatReloader
INFO 2026-05-25 12:41:56,201 autoreload 87979 8598413504 /Users/grizzly/grizzly/edu/python/django/dmoneytracker/apps/wishlist/admin.py changed, reloading.
INFO 2026-05-25 12:41:56,556 autoreload 88166 8598413504 Watching for file changes with StatReloader
INFO 2026-05-25 12:41:59,976 autoreload 88166 8598413504 /Users/grizzly/grizzly/edu/python/django/dmoneytracker/apps/wishlist/admin.py changed, reloading.
INFO 2026-05-25 12:42:00,221 autoreload 88175 8598413504 Watching for file changes with StatReloader
INFO 2026-05-25 12:43:30,201 autoreload 88175 8598413504 /Users/grizzly/grizzly/edu/python/django/dmoneytracker/apps/wishlist/models.py changed, reloading.
INFO 2026-05-25 12:43:30,635 autoreload 88354 8598413504 Watching for file changes with StatReloader
WARNING 2026-05-25 12:44:04,568 log 88354 6133936128 Bad Request: /api/wishlist/create/
WARNING 2026-05-25 13:06:09,267 log 88354 6150762496 Bad Request: /api/wishlist/create/
INFO 2026-05-25 13:06:34,996 autoreload 88354 8598413504 /Users/grizzly/grizzly/edu/python/django/dmoneytracker/apps/wishlist/models.py changed, reloading.
INFO 2026-05-25 13:06:35,451 autoreload 89002 8598413504 Watching for file changes with StatReloader
INFO 2026-05-25 13:08:37,814 autoreload 89002 8598413504 /Users/grizzly/grizzly/edu/python/django/dmoneytracker/apps/wishlist/views.py changed, reloading.
INFO 2026-05-25 13:08:38,234 autoreload 89040 8598413504 Watching for file changes with StatReloader
INFO 2026-05-25 13:08:40,671 autoreload 89040 8598413504 /Users/grizzly/grizzly/edu/python/django/dmoneytracker/apps/wishlist/views.py changed, reloading.
INFO 2026-05-25 13:08:40,920 autoreload 89056 8598413504 Watching for file changes with StatReloader
INFO 2026-05-25 13:08:45,329 autoreload 89056 8598413504 /Users/grizzly/grizzly/edu/python/django/dmoneytracker/apps/wishlist/views.py changed, reloading.
INFO 2026-05-25 13:08:45,592 autoreload 89066 8598413504 Watching for file changes with StatReloader
INFO 2026-05-25 13:08:47,945 autoreload 89066 8598413504 /Users/grizzly/grizzly/edu/python/django/dmoneytracker/apps/wishlist/views.py changed, reloading.
INFO 2026-05-25 13:08:48,209 autoreload 89070 8598413504 Watching for file changes with StatReloader
ERROR 2026-05-25 13:09:08,724 log 89070 6195376128 Internal Server Error: /api/wishlist/create/
Traceback (most recent call last):
  File "/Users/grizzly/.pyenv/versions/mt/lib/python3.12/site-packages/django/core/handlers/exception.py", line 55, in inner
    response = get_response(request)
               ^^^^^^^^^^^^^^^^^^^^^
  File "/Users/grizzly/.pyenv/versions/mt/lib/python3.12/site-packages/django/core/handlers/base.py", line 198, in _get_response
    response = wrapped_callback(request, *callback_args, **callback_kwargs)
               ^^^^^^^^^^^^^^^^^^^^^^^^^^^^^^^^^^^^^^^^^^^^^^^^^^^^^^^^^^^^
  File "/Users/grizzly/.pyenv/versions/mt/lib/python3.12/site-packages/django/views/decorators/csrf.py", line 65, in _view_wrapper
    return view_func(request, *args, **kwargs)
           ^^^^^^^^^^^^^^^^^^^^^^^^^^^^^^^^^^^
  File "/Users/grizzly/.pyenv/versions/mt/lib/python3.12/site-packages/rest_framework/viewsets.py", line 125, in view
    return self.dispatch(request, *args, **kwargs)
           ^^^^^^^^^^^^^^^^^^^^^^^^^^^^^^^^^^^^^^^
  File "/Users/grizzly/.pyenv/versions/mt/lib/python3.12/site-packages/rest_framework/views.py", line 515, in dispatch
    response = self.handle_exception(exc)
               ^^^^^^^^^^^^^^^^^^^^^^^^^^
  File "/Users/grizzly/.pyenv/versions/mt/lib/python3.12/site-packages/rest_framework/views.py", line 475, in handle_exception
    self.raise_uncaught_exception(exc)
  File "/Users/grizzly/.pyenv/versions/mt/lib/python3.12/site-packages/rest_framework/views.py", line 486, in raise_uncaught_exception
    raise exc
  File "/Users/grizzly/.pyenv/versions/mt/lib/python3.12/site-packages/rest_framework/views.py", line 512, in dispatch
    response = handler(request, *args, **kwargs)
               ^^^^^^^^^^^^^^^^^^^^^^^^^^^^^^^^^
  File "/Users/grizzly/grizzly/edu/python/django/dmoneytracker/apps/wishlist/views.py", line 57, in create
    return self.list()
           ^^^^^^^^^^^
TypeError: WishlistViewSet.list() missing 1 required positional argument: 'request'
INFO 2026-05-25 13:09:20,655 autoreload 89070 8598413504 /Users/grizzly/grizzly/edu/python/django/dmoneytracker/apps/wishlist/views.py changed, reloading.
INFO 2026-05-25 13:09:21,087 autoreload 89094 8598413504 Watching for file changes with StatReloader
INFO 2026-05-25 13:09:27,623 autoreload 89094 8598413504 /Users/grizzly/grizzly/edu/python/django/dmoneytracker/apps/wishlist/views.py changed, reloading.
INFO 2026-05-25 13:09:28,011 autoreload 89137 8598413504 Watching for file changes with StatReloader
INFO 2026-05-25 14:58:49,985 autoreload 89137 8598413504 /Users/grizzly/grizzly/edu/python/django/dmoneytracker/apps/wishlist/views.py changed, reloading.
INFO 2026-05-25 14:58:50,485 autoreload 89718 8598413504 Watching for file changes with StatReloader
INFO 2026-05-25 14:59:03,271 autoreload 89718 8598413504 /Users/grizzly/grizzly/edu/python/django/dmoneytracker/apps/wishlist/views.py changed, reloading.
INFO 2026-05-25 14:59:03,714 autoreload 89752 8598413504 Watching for file changes with StatReloader
WARNING 2026-05-28 06:36:43,071 log 89752 6136246272 Unauthorized: /api/transactions/transactions/
WARNING 2026-05-28 06:51:43,292 log 89752 6136246272 Unauthorized: /api/transactions/transactions/
ERROR 2026-05-28 06:51:43,830 log 89752 6153072640 Internal Server Error: /api/users/refresh-token
Traceback (most recent call last):
  File "/Users/grizzly/.pyenv/versions/mt/lib/python3.12/site-packages/django/core/handlers/exception.py", line 55, in inner
    response = get_response(request)
               ^^^^^^^^^^^^^^^^^^^^^
  File "/Users/grizzly/.pyenv/versions/mt/lib/python3.12/site-packages/django/utils/deprecation.py", line 311, in __call__
    response = self.process_response(request, response)
               ^^^^^^^^^^^^^^^^^^^^^^^^^^^^^^^^^^^^^^^^
  File "/Users/grizzly/.pyenv/versions/mt/lib/python3.12/site-packages/django/middleware/common.py", line 109, in process_response
    self.get_full_path_with_slash(request)
  File "/Users/grizzly/.pyenv/versions/mt/lib/python3.12/site-packages/django/middleware/common.py", line 87, in get_full_path_with_slash
    raise RuntimeError(
RuntimeError: You called this URL via POST, but the URL doesn't end in a slash and you have APPEND_SLASH set. Django can't redirect to the slash URL while maintaining POST data. Change your form to point to localhost:8000/api/users/refresh-token/ (note the trailing slash), or set APPEND_SLASH=False in your Django settings.
ERROR 2026-05-28 06:51:43,894 log 89752 6136246272 Internal Server Error: /api/users/refresh-token
Traceback (most recent call last):
  File "/Users/grizzly/.pyenv/versions/mt/lib/python3.12/site-packages/django/core/handlers/exception.py", line 55, in inner
    response = get_response(request)
               ^^^^^^^^^^^^^^^^^^^^^
  File "/Users/grizzly/.pyenv/versions/mt/lib/python3.12/site-packages/django/utils/deprecation.py", line 311, in __call__
    response = self.process_response(request, response)
               ^^^^^^^^^^^^^^^^^^^^^^^^^^^^^^^^^^^^^^^^
  File "/Users/grizzly/.pyenv/versions/mt/lib/python3.12/site-packages/django/middleware/common.py", line 109, in process_response
    self.get_full_path_with_slash(request)
  File "/Users/grizzly/.pyenv/versions/mt/lib/python3.12/site-packages/django/middleware/common.py", line 87, in get_full_path_with_slash
    raise RuntimeError(
RuntimeError: You called this URL via POST, but the URL doesn't end in a slash and you have APPEND_SLASH set. Django can't redirect to the slash URL while maintaining POST data. Change your form to point to localhost:8000/api/users/refresh-token/ (note the trailing slash), or set APPEND_SLASH=False in your Django settings.
WARNING 2026-05-28 07:33:02,146 log 89752 6153072640 Unauthorized: /api/transactions/transactions/
WARNING 2026-05-28 07:42:30,286 log 89752 6136246272 Unauthorized: /api/transactions/transactions/
ERROR 2026-05-28 07:42:30,522 log 89752 6153072640 Internal Server Error: /api/users/refresh-token
Traceback (most recent call last):
  File "/Users/grizzly/.pyenv/versions/mt/lib/python3.12/site-packages/django/core/handlers/exception.py", line 55, in inner
    response = get_response(request)
               ^^^^^^^^^^^^^^^^^^^^^
  File "/Users/grizzly/.pyenv/versions/mt/lib/python3.12/site-packages/django/utils/deprecation.py", line 311, in __call__
    response = self.process_response(request, response)
               ^^^^^^^^^^^^^^^^^^^^^^^^^^^^^^^^^^^^^^^^
  File "/Users/grizzly/.pyenv/versions/mt/lib/python3.12/site-packages/django/middleware/common.py", line 109, in process_response
    self.get_full_path_with_slash(request)
  File "/Users/grizzly/.pyenv/versions/mt/lib/python3.12/site-packages/django/middleware/common.py", line 87, in get_full_path_with_slash
    raise RuntimeError(
RuntimeError: You called this URL via POST, but the URL doesn't end in a slash and you have APPEND_SLASH set. Django can't redirect to the slash URL while maintaining POST data. Change your form to point to localhost:8000/api/users/refresh-token/ (note the trailing slash), or set APPEND_SLASH=False in your Django settings.
ERROR 2026-05-28 07:42:30,907 log 89752 6136246272 Internal Server Error: /api/users/refresh-token
Traceback (most recent call last):
  File "/Users/grizzly/.pyenv/versions/mt/lib/python3.12/site-packages/django/core/handlers/exception.py", line 55, in inner
    response = get_response(request)
               ^^^^^^^^^^^^^^^^^^^^^
  File "/Users/grizzly/.pyenv/versions/mt/lib/python3.12/site-packages/django/utils/deprecation.py", line 311, in __call__
    response = self.process_response(request, response)
               ^^^^^^^^^^^^^^^^^^^^^^^^^^^^^^^^^^^^^^^^
  File "/Users/grizzly/.pyenv/versions/mt/lib/python3.12/site-packages/django/middleware/common.py", line 109, in process_response
    self.get_full_path_with_slash(request)
  File "/Users/grizzly/.pyenv/versions/mt/lib/python3.12/site-packages/django/middleware/common.py", line 87, in get_full_path_with_slash
    raise RuntimeError(
RuntimeError: You called this URL via POST, but the URL doesn't end in a slash and you have APPEND_SLASH set. Django can't redirect to the slash URL while maintaining POST data. Change your form to point to localhost:8000/api/users/refresh-token/ (note the trailing slash), or set APPEND_SLASH=False in your Django settings.
WARNING 2026-05-28 07:48:04,679 log 89752 6136246272 Unauthorized: /api/transactions/transactions/
WARNING 2026-05-28 07:48:05,242 log 89752 6136246272 Unauthorized: /api/transactions/transactions/
ERROR 2026-05-28 07:48:05,270 log 89752 6153072640 Internal Server Error: /api/users/refresh-token
Traceback (most recent call last):
  File "/Users/grizzly/.pyenv/versions/mt/lib/python3.12/site-packages/django/core/handlers/exception.py", line 55, in inner
    response = get_response(request)
               ^^^^^^^^^^^^^^^^^^^^^
  File "/Users/grizzly/.pyenv/versions/mt/lib/python3.12/site-packages/django/utils/deprecation.py", line 311, in __call__
    response = self.process_response(request, response)
               ^^^^^^^^^^^^^^^^^^^^^^^^^^^^^^^^^^^^^^^^
  File "/Users/grizzly/.pyenv/versions/mt/lib/python3.12/site-packages/django/middleware/common.py", line 109, in process_response
    self.get_full_path_with_slash(request)
  File "/Users/grizzly/.pyenv/versions/mt/lib/python3.12/site-packages/django/middleware/common.py", line 87, in get_full_path_with_slash
    raise RuntimeError(
RuntimeError: You called this URL via POST, but the URL doesn't end in a slash and you have APPEND_SLASH set. Django can't redirect to the slash URL while maintaining POST data. Change your form to point to localhost:8000/api/users/refresh-token/ (note the trailing slash), or set APPEND_SLASH=False in your Django settings.
ERROR 2026-05-28 08:03:31,427 log 89752 6136246272 Internal Server Error: /api/users/refresh-token
Traceback (most recent call last):
  File "/Users/grizzly/.pyenv/versions/mt/lib/python3.12/site-packages/django/core/handlers/exception.py", line 55, in inner
    response = get_response(request)
               ^^^^^^^^^^^^^^^^^^^^^
  File "/Users/grizzly/.pyenv/versions/mt/lib/python3.12/site-packages/django/utils/deprecation.py", line 311, in __call__
    response = self.process_response(request, response)
               ^^^^^^^^^^^^^^^^^^^^^^^^^^^^^^^^^^^^^^^^
  File "/Users/grizzly/.pyenv/versions/mt/lib/python3.12/site-packages/django/middleware/common.py", line 109, in process_response
    self.get_full_path_with_slash(request)
  File "/Users/grizzly/.pyenv/versions/mt/lib/python3.12/site-packages/django/middleware/common.py", line 87, in get_full_path_with_slash
    raise RuntimeError(
RuntimeError: You called this URL via POST, but the URL doesn't end in a slash and you have APPEND_SLASH set. Django can't redirect to the slash URL while maintaining POST data. Change your form to point to localhost:8000/api/users/refresh-token/ (note the trailing slash), or set APPEND_SLASH=False in your Django settings.
WARNING 2026-05-28 08:18:37,046 log 89752 6136246272 Unauthorized: /api/transactions/transactions/
WARNING 2026-05-28 08:18:37,592 log 89752 6136246272 Unauthorized: /api/transactions/transactions/
ERROR 2026-05-28 08:18:37,622 log 89752 6153072640 Internal Server Error: /api/users/refresh-token
Traceback (most recent call last):
  File "/Users/grizzly/.pyenv/versions/mt/lib/python3.12/site-packages/django/core/handlers/exception.py", line 55, in inner
    response = get_response(request)
               ^^^^^^^^^^^^^^^^^^^^^
  File "/Users/grizzly/.pyenv/versions/mt/lib/python3.12/site-packages/django/utils/deprecation.py", line 311, in __call__
    response = self.process_response(request, response)
               ^^^^^^^^^^^^^^^^^^^^^^^^^^^^^^^^^^^^^^^^
  File "/Users/grizzly/.pyenv/versions/mt/lib/python3.12/site-packages/django/middleware/common.py", line 109, in process_response
    self.get_full_path_with_slash(request)
  File "/Users/grizzly/.pyenv/versions/mt/lib/python3.12/site-packages/django/middleware/common.py", line 87, in get_full_path_with_slash
    raise RuntimeError(
RuntimeError: You called this URL via POST, but the URL doesn't end in a slash and you have APPEND_SLASH set. Django can't redirect to the slash URL while maintaining POST data. Change your form to point to localhost:8000/api/users/refresh-token/ (note the trailing slash), or set APPEND_SLASH=False in your Django settings.
ERROR 2026-05-28 08:18:38,192 log 89752 6136246272 Internal Server Error: /api/users/refresh-token
Traceback (most recent call last):
  File "/Users/grizzly/.pyenv/versions/mt/lib/python3.12/site-packages/django/core/handlers/exception.py", line 55, in inner
    response = get_response(request)
               ^^^^^^^^^^^^^^^^^^^^^
  File "/Users/grizzly/.pyenv/versions/mt/lib/python3.12/site-packages/django/utils/deprecation.py", line 311, in __call__
    response = self.process_response(request, response)
               ^^^^^^^^^^^^^^^^^^^^^^^^^^^^^^^^^^^^^^^^
  File "/Users/grizzly/.pyenv/versions/mt/lib/python3.12/site-packages/django/middleware/common.py", line 109, in process_response
    self.get_full_path_with_slash(request)
  File "/Users/grizzly/.pyenv/versions/mt/lib/python3.12/site-packages/django/middleware/common.py", line 87, in get_full_path_with_slash
    raise RuntimeError(
RuntimeError: You called this URL via POST, but the URL doesn't end in a slash and you have APPEND_SLASH set. Django can't redirect to the slash URL while maintaining POST data. Change your form to point to localhost:8000/api/users/refresh-token/ (note the trailing slash), or set APPEND_SLASH=False in your Django settings.
WARNING 2026-05-28 08:25:53,009 log 89752 6136246272 Unauthorized: /api/transactions/transactions/
WARNING 2026-05-28 08:25:53,581 log 89752 6136246272 Unauthorized: /api/transactions/transactions/
ERROR 2026-05-28 08:25:53,618 log 89752 6153072640 Internal Server Error: /api/users/refresh-token
Traceback (most recent call last):
  File "/Users/grizzly/.pyenv/versions/mt/lib/python3.12/site-packages/django/core/handlers/exception.py", line 55, in inner
    response = get_response(request)
               ^^^^^^^^^^^^^^^^^^^^^
  File "/Users/grizzly/.pyenv/versions/mt/lib/python3.12/site-packages/django/utils/deprecation.py", line 311, in __call__
    response = self.process_response(request, response)
               ^^^^^^^^^^^^^^^^^^^^^^^^^^^^^^^^^^^^^^^^
  File "/Users/grizzly/.pyenv/versions/mt/lib/python3.12/site-packages/django/middleware/common.py", line 109, in process_response
    self.get_full_path_with_slash(request)
  File "/Users/grizzly/.pyenv/versions/mt/lib/python3.12/site-packages/django/middleware/common.py", line 87, in get_full_path_with_slash
    raise RuntimeError(
RuntimeError: You called this URL via POST, but the URL doesn't end in a slash and you have APPEND_SLASH set. Django can't redirect to the slash URL while maintaining POST data. Change your form to point to localhost:8000/api/users/refresh-token/ (note the trailing slash), or set APPEND_SLASH=False in your Django settings.
ERROR 2026-05-28 08:28:14,720 log 89752 6136246272 Internal Server Error: /api/users/refresh-token
Traceback (most recent call last):
  File "/Users/grizzly/.pyenv/versions/mt/lib/python3.12/site-packages/django/core/handlers/exception.py", line 55, in inner
    response = get_response(request)
               ^^^^^^^^^^^^^^^^^^^^^
  File "/Users/grizzly/.pyenv/versions/mt/lib/python3.12/site-packages/django/utils/deprecation.py", line 311, in __call__
    response = self.process_response(request, response)
               ^^^^^^^^^^^^^^^^^^^^^^^^^^^^^^^^^^^^^^^^
  File "/Users/grizzly/.pyenv/versions/mt/lib/python3.12/site-packages/django/middleware/common.py", line 109, in process_response
    self.get_full_path_with_slash(request)
  File "/Users/grizzly/.pyenv/versions/mt/lib/python3.12/site-packages/django/middleware/common.py", line 87, in get_full_path_with_slash
    raise RuntimeError(
RuntimeError: You called this URL via POST, but the URL doesn't end in a slash and you have APPEND_SLASH set. Django can't redirect to the slash URL while maintaining POST data. Change your form to point to localhost:8000/api/users/refresh-token/ (note the trailing slash), or set APPEND_SLASH=False in your Django settings.
WARNING 2026-05-28 08:33:44,532 log 89752 6136246272 Unauthorized: /api/transactions/transactions/
WARNING 2026-05-28 08:33:45,095 log 89752 6136246272 Unauthorized: /api/transactions/transactions/
ERROR 2026-05-28 08:33:45,134 log 89752 6153072640 Internal Server Error: /api/users/refresh-token
Traceback (most recent call last):
  File "/Users/grizzly/.pyenv/versions/mt/lib/python3.12/site-packages/django/core/handlers/exception.py", line 55, in inner
    response = get_response(request)
               ^^^^^^^^^^^^^^^^^^^^^
  File "/Users/grizzly/.pyenv/versions/mt/lib/python3.12/site-packages/django/utils/deprecation.py", line 311, in __call__
    response = self.process_response(request, response)
               ^^^^^^^^^^^^^^^^^^^^^^^^^^^^^^^^^^^^^^^^
  File "/Users/grizzly/.pyenv/versions/mt/lib/python3.12/site-packages/django/middleware/common.py", line 109, in process_response
    self.get_full_path_with_slash(request)
  File "/Users/grizzly/.pyenv/versions/mt/lib/python3.12/site-packages/django/middleware/common.py", line 87, in get_full_path_with_slash
    raise RuntimeError(
RuntimeError: You called this URL via POST, but the URL doesn't end in a slash and you have APPEND_SLASH set. Django can't redirect to the slash URL while maintaining POST data. Change your form to point to localhost:8000/api/users/refresh-token/ (note the trailing slash), or set APPEND_SLASH=False in your Django settings.
ERROR 2026-05-28 08:33:51,051 log 89752 6136246272 Internal Server Error: /api/users/refresh-token
Traceback (most recent call last):
  File "/Users/grizzly/.pyenv/versions/mt/lib/python3.12/site-packages/django/core/handlers/exception.py", line 55, in inner
    response = get_response(request)
               ^^^^^^^^^^^^^^^^^^^^^
  File "/Users/grizzly/.pyenv/versions/mt/lib/python3.12/site-packages/django/utils/deprecation.py", line 311, in __call__
    response = self.process_response(request, response)
               ^^^^^^^^^^^^^^^^^^^^^^^^^^^^^^^^^^^^^^^^
  File "/Users/grizzly/.pyenv/versions/mt/lib/python3.12/site-packages/django/middleware/common.py", line 109, in process_response
    self.get_full_path_with_slash(request)
  File "/Users/grizzly/.pyenv/versions/mt/lib/python3.12/site-packages/django/middleware/common.py", line 87, in get_full_path_with_slash
    raise RuntimeError(
RuntimeError: You called this URL via POST, but the URL doesn't end in a slash and you have APPEND_SLASH set. Django can't redirect to the slash URL while maintaining POST data. Change your form to point to localhost:8000/api/users/refresh-token/ (note the trailing slash), or set APPEND_SLASH=False in your Django settings.
WARNING 2026-05-28 09:05:40,619 log 89752 6136246272 Unauthorized: /api/transactions/transactions/
WARNING 2026-05-28 09:05:41,166 log 89752 6136246272 Unauthorized: /api/transactions/transactions/
ERROR 2026-05-28 09:05:41,202 log 89752 6153072640 Internal Server Error: /api/users/refresh-token
Traceback (most recent call last):
  File "/Users/grizzly/.pyenv/versions/mt/lib/python3.12/site-packages/django/core/handlers/exception.py", line 55, in inner
    response = get_response(request)
               ^^^^^^^^^^^^^^^^^^^^^
  File "/Users/grizzly/.pyenv/versions/mt/lib/python3.12/site-packages/django/utils/deprecation.py", line 311, in __call__
    response = self.process_response(request, response)
               ^^^^^^^^^^^^^^^^^^^^^^^^^^^^^^^^^^^^^^^^
  File "/Users/grizzly/.pyenv/versions/mt/lib/python3.12/site-packages/django/middleware/common.py", line 109, in process_response
    self.get_full_path_with_slash(request)
  File "/Users/grizzly/.pyenv/versions/mt/lib/python3.12/site-packages/django/middleware/common.py", line 87, in get_full_path_with_slash
    raise RuntimeError(
RuntimeError: You called this URL via POST, but the URL doesn't end in a slash and you have APPEND_SLASH set. Django can't redirect to the slash URL while maintaining POST data. Change your form to point to localhost:8000/api/users/refresh-token/ (note the trailing slash), or set APPEND_SLASH=False in your Django settings.
ERROR 2026-05-28 09:19:42,336 log 89752 6136246272 Internal Server Error: /api/users/refresh-token
Traceback (most recent call last):
  File "/Users/grizzly/.pyenv/versions/mt/lib/python3.12/site-packages/django/core/handlers/exception.py", line 55, in inner
    response = get_response(request)
               ^^^^^^^^^^^^^^^^^^^^^
  File "/Users/grizzly/.pyenv/versions/mt/lib/python3.12/site-packages/django/utils/deprecation.py", line 311, in __call__
    response = self.process_response(request, response)
               ^^^^^^^^^^^^^^^^^^^^^^^^^^^^^^^^^^^^^^^^
  File "/Users/grizzly/.pyenv/versions/mt/lib/python3.12/site-packages/django/middleware/common.py", line 109, in process_response
    self.get_full_path_with_slash(request)
  File "/Users/grizzly/.pyenv/versions/mt/lib/python3.12/site-packages/django/middleware/common.py", line 87, in get_full_path_with_slash
    raise RuntimeError(
RuntimeError: You called this URL via POST, but the URL doesn't end in a slash and you have APPEND_SLASH set. Django can't redirect to the slash URL while maintaining POST data. Change your form to point to localhost:8000/api/users/refresh-token/ (note the trailing slash), or set APPEND_SLASH=False in your Django settings.
WARNING 2026-05-28 09:28:16,525 log 89752 6136246272 Unauthorized: /api/transactions/transactions/
WARNING 2026-05-28 09:28:17,083 log 89752 6136246272 Unauthorized: /api/transactions/transactions/
ERROR 2026-05-28 09:28:17,106 log 89752 6153072640 Internal Server Error: /api/users/refresh-token
Traceback (most recent call last):
  File "/Users/grizzly/.pyenv/versions/mt/lib/python3.12/site-packages/django/core/handlers/exception.py", line 55, in inner
    response = get_response(request)
               ^^^^^^^^^^^^^^^^^^^^^
  File "/Users/grizzly/.pyenv/versions/mt/lib/python3.12/site-packages/django/utils/deprecation.py", line 311, in __call__
    response = self.process_response(request, response)
               ^^^^^^^^^^^^^^^^^^^^^^^^^^^^^^^^^^^^^^^^
  File "/Users/grizzly/.pyenv/versions/mt/lib/python3.12/site-packages/django/middleware/common.py", line 109, in process_response
    self.get_full_path_with_slash(request)
  File "/Users/grizzly/.pyenv/versions/mt/lib/python3.12/site-packages/django/middleware/common.py", line 87, in get_full_path_with_slash
    raise RuntimeError(
RuntimeError: You called this URL via POST, but the URL doesn't end in a slash and you have APPEND_SLASH set. Django can't redirect to the slash URL while maintaining POST data. Change your form to point to localhost:8000/api/users/refresh-token/ (note the trailing slash), or set APPEND_SLASH=False in your Django settings.
ERROR 2026-05-28 09:28:17,679 log 89752 6136246272 Internal Server Error: /api/users/refresh-token
Traceback (most recent call last):
  File "/Users/grizzly/.pyenv/versions/mt/lib/python3.12/site-packages/django/core/handlers/exception.py", line 55, in inner
    response = get_response(request)
               ^^^^^^^^^^^^^^^^^^^^^
  File "/Users/grizzly/.pyenv/versions/mt/lib/python3.12/site-packages/django/utils/deprecation.py", line 311, in __call__
    response = self.process_response(request, response)
               ^^^^^^^^^^^^^^^^^^^^^^^^^^^^^^^^^^^^^^^^
  File "/Users/grizzly/.pyenv/versions/mt/lib/python3.12/site-packages/django/middleware/common.py", line 109, in process_response
    self.get_full_path_with_slash(request)
  File "/Users/grizzly/.pyenv/versions/mt/lib/python3.12/site-packages/django/middleware/common.py", line 87, in get_full_path_with_slash
    raise RuntimeError(
RuntimeError: You called this URL via POST, but the URL doesn't end in a slash and you have APPEND_SLASH set. Django can't redirect to the slash URL while maintaining POST data. Change your form to point to localhost:8000/api/users/refresh-token/ (note the trailing slash), or set APPEND_SLASH=False in your Django settings.
WARNING 2026-05-28 09:54:48,115 log 89752 6136246272 Unauthorized: /api/transactions/transactions/
WARNING 2026-05-28 09:54:48,683 log 89752 6153072640 Unauthorized: /api/transactions/transactions/
ERROR 2026-05-28 09:54:48,712 log 89752 6136246272 Internal Server Error: /api/users/refresh-token
Traceback (most recent call last):
  File "/Users/grizzly/.pyenv/versions/mt/lib/python3.12/site-packages/django/core/handlers/exception.py", line 55, in inner
    response = get_response(request)
               ^^^^^^^^^^^^^^^^^^^^^
  File "/Users/grizzly/.pyenv/versions/mt/lib/python3.12/site-packages/django/utils/deprecation.py", line 311, in __call__
    response = self.process_response(request, response)
               ^^^^^^^^^^^^^^^^^^^^^^^^^^^^^^^^^^^^^^^^
  File "/Users/grizzly/.pyenv/versions/mt/lib/python3.12/site-packages/django/middleware/common.py", line 109, in process_response
    self.get_full_path_with_slash(request)
  File "/Users/grizzly/.pyenv/versions/mt/lib/python3.12/site-packages/django/middleware/common.py", line 87, in get_full_path_with_slash
    raise RuntimeError(
RuntimeError: You called this URL via POST, but the URL doesn't end in a slash and you have APPEND_SLASH set. Django can't redirect to the slash URL while maintaining POST data. Change your form to point to localhost:8000/api/users/refresh-token/ (note the trailing slash), or set APPEND_SLASH=False in your Django settings.
ERROR 2026-05-28 10:03:46,076 log 89752 6153072640 Internal Server Error: /api/users/refresh-token
Traceback (most recent call last):
  File "/Users/grizzly/.pyenv/versions/mt/lib/python3.12/site-packages/django/core/handlers/exception.py", line 55, in inner
    response = get_response(request)
               ^^^^^^^^^^^^^^^^^^^^^
  File "/Users/grizzly/.pyenv/versions/mt/lib/python3.12/site-packages/django/utils/deprecation.py", line 311, in __call__
    response = self.process_response(request, response)
               ^^^^^^^^^^^^^^^^^^^^^^^^^^^^^^^^^^^^^^^^
  File "/Users/grizzly/.pyenv/versions/mt/lib/python3.12/site-packages/django/middleware/common.py", line 109, in process_response
    self.get_full_path_with_slash(request)
  File "/Users/grizzly/.pyenv/versions/mt/lib/python3.12/site-packages/django/middleware/common.py", line 87, in get_full_path_with_slash
    raise RuntimeError(
RuntimeError: You called this URL via POST, but the URL doesn't end in a slash and you have APPEND_SLASH set. Django can't redirect to the slash URL while maintaining POST data. Change your form to point to localhost:8000/api/users/refresh-token/ (note the trailing slash), or set APPEND_SLASH=False in your Django settings.
WARNING 2026-05-28 10:05:29,186 log 89752 6136246272 Unauthorized: /api/transactions/transactions/
WARNING 2026-05-28 10:05:29,745 log 89752 6136246272 Unauthorized: /api/transactions/transactions/
ERROR 2026-05-28 10:05:29,782 log 89752 6153072640 Internal Server Error: /api/users/refresh-token
Traceback (most recent call last):
  File "/Users/grizzly/.pyenv/versions/mt/lib/python3.12/site-packages/django/core/handlers/exception.py", line 55, in inner
    response = get_response(request)
               ^^^^^^^^^^^^^^^^^^^^^
  File "/Users/grizzly/.pyenv/versions/mt/lib/python3.12/site-packages/django/utils/deprecation.py", line 311, in __call__
    response = self.process_response(request, response)
               ^^^^^^^^^^^^^^^^^^^^^^^^^^^^^^^^^^^^^^^^
  File "/Users/grizzly/.pyenv/versions/mt/lib/python3.12/site-packages/django/middleware/common.py", line 109, in process_response
    self.get_full_path_with_slash(request)
  File "/Users/grizzly/.pyenv/versions/mt/lib/python3.12/site-packages/django/middleware/common.py", line 87, in get_full_path_with_slash
    raise RuntimeError(
RuntimeError: You called this URL via POST, but the URL doesn't end in a slash and you have APPEND_SLASH set. Django can't redirect to the slash URL while maintaining POST data. Change your form to point to localhost:8000/api/users/refresh-token/ (note the trailing slash), or set APPEND_SLASH=False in your Django settings.
ERROR 2026-05-28 10:06:19,085 log 89752 6136246272 Internal Server Error: /api/users/refresh-token
Traceback (most recent call last):
  File "/Users/grizzly/.pyenv/versions/mt/lib/python3.12/site-packages/django/core/handlers/exception.py", line 55, in inner
    response = get_response(request)
               ^^^^^^^^^^^^^^^^^^^^^
  File "/Users/grizzly/.pyenv/versions/mt/lib/python3.12/site-packages/django/utils/deprecation.py", line 311, in __call__
    response = self.process_response(request, response)
               ^^^^^^^^^^^^^^^^^^^^^^^^^^^^^^^^^^^^^^^^
  File "/Users/grizzly/.pyenv/versions/mt/lib/python3.12/site-packages/django/middleware/common.py", line 109, in process_response
    self.get_full_path_with_slash(request)
  File "/Users/grizzly/.pyenv/versions/mt/lib/python3.12/site-packages/django/middleware/common.py", line 87, in get_full_path_with_slash
    raise RuntimeError(
RuntimeError: You called this URL via POST, but the URL doesn't end in a slash and you have APPEND_SLASH set. Django can't redirect to the slash URL while maintaining POST data. Change your form to point to localhost:8000/api/users/refresh-token/ (note the trailing slash), or set APPEND_SLASH=False in your Django settings.
WARNING 2026-05-28 10:50:04,575 log 89752 6136246272 Unauthorized: /api/transactions/transactions/
WARNING 2026-05-28 10:50:05,138 log 89752 6136246272 Unauthorized: /api/transactions/transactions/
ERROR 2026-05-28 10:50:05,171 log 89752 6153072640 Internal Server Error: /api/users/refresh-token
Traceback (most recent call last):
  File "/Users/grizzly/.pyenv/versions/mt/lib/python3.12/site-packages/django/core/handlers/exception.py", line 55, in inner
    response = get_response(request)
               ^^^^^^^^^^^^^^^^^^^^^
  File "/Users/grizzly/.pyenv/versions/mt/lib/python3.12/site-packages/django/utils/deprecation.py", line 311, in __call__
    response = self.process_response(request, response)
               ^^^^^^^^^^^^^^^^^^^^^^^^^^^^^^^^^^^^^^^^
  File "/Users/grizzly/.pyenv/versions/mt/lib/python3.12/site-packages/django/middleware/common.py", line 109, in process_response
    self.get_full_path_with_slash(request)
  File "/Users/grizzly/.pyenv/versions/mt/lib/python3.12/site-packages/django/middleware/common.py", line 87, in get_full_path_with_slash
    raise RuntimeError(
RuntimeError: You called this URL via POST, but the URL doesn't end in a slash and you have APPEND_SLASH set. Django can't redirect to the slash URL while maintaining POST data. Change your form to point to localhost:8000/api/users/refresh-token/ (note the trailing slash), or set APPEND_SLASH=False in your Django settings.
ERROR 2026-05-28 10:53:48,222 log 89752 6136246272 Internal Server Error: /api/users/refresh-token
Traceback (most recent call last):
  File "/Users/grizzly/.pyenv/versions/mt/lib/python3.12/site-packages/django/core/handlers/exception.py", line 55, in inner
    response = get_response(request)
               ^^^^^^^^^^^^^^^^^^^^^
  File "/Users/grizzly/.pyenv/versions/mt/lib/python3.12/site-packages/django/utils/deprecation.py", line 311, in __call__
    response = self.process_response(request, response)
               ^^^^^^^^^^^^^^^^^^^^^^^^^^^^^^^^^^^^^^^^
  File "/Users/grizzly/.pyenv/versions/mt/lib/python3.12/site-packages/django/middleware/common.py", line 109, in process_response
    self.get_full_path_with_slash(request)
  File "/Users/grizzly/.pyenv/versions/mt/lib/python3.12/site-packages/django/middleware/common.py", line 87, in get_full_path_with_slash
    raise RuntimeError(
RuntimeError: You called this URL via POST, but the URL doesn't end in a slash and you have APPEND_SLASH set. Django can't redirect to the slash URL while maintaining POST data. Change your form to point to localhost:8000/api/users/refresh-token/ (note the trailing slash), or set APPEND_SLASH=False in your Django settings.
WARNING 2026-05-28 11:38:56,861 log 89752 6153072640 Unauthorized: /api/transactions/transactions/
WARNING 2026-05-28 11:38:57,438 log 89752 6136246272 Unauthorized: /api/transactions/transactions/
ERROR 2026-05-28 11:38:57,466 log 89752 6153072640 Internal Server Error: /api/users/refresh-token
Traceback (most recent call last):
  File "/Users/grizzly/.pyenv/versions/mt/lib/python3.12/site-packages/django/core/handlers/exception.py", line 55, in inner
    response = get_response(request)
               ^^^^^^^^^^^^^^^^^^^^^
  File "/Users/grizzly/.pyenv/versions/mt/lib/python3.12/site-packages/django/utils/deprecation.py", line 311, in __call__
    response = self.process_response(request, response)
               ^^^^^^^^^^^^^^^^^^^^^^^^^^^^^^^^^^^^^^^^
  File "/Users/grizzly/.pyenv/versions/mt/lib/python3.12/site-packages/django/middleware/common.py", line 109, in process_response
    self.get_full_path_with_slash(request)
  File "/Users/grizzly/.pyenv/versions/mt/lib/python3.12/site-packages/django/middleware/common.py", line 87, in get_full_path_with_slash
    raise RuntimeError(
RuntimeError: You called this URL via POST, but the URL doesn't end in a slash and you have APPEND_SLASH set. Django can't redirect to the slash URL while maintaining POST data. Change your form to point to localhost:8000/api/users/refresh-token/ (note the trailing slash), or set APPEND_SLASH=False in your Django settings.
ERROR 2026-05-28 11:53:36,452 log 89752 6136246272 Internal Server Error: /api/users/refresh-token
Traceback (most recent call last):
  File "/Users/grizzly/.pyenv/versions/mt/lib/python3.12/site-packages/django/core/handlers/exception.py", line 55, in inner
    response = get_response(request)
               ^^^^^^^^^^^^^^^^^^^^^
  File "/Users/grizzly/.pyenv/versions/mt/lib/python3.12/site-packages/django/utils/deprecation.py", line 311, in __call__
    response = self.process_response(request, response)
               ^^^^^^^^^^^^^^^^^^^^^^^^^^^^^^^^^^^^^^^^
  File "/Users/grizzly/.pyenv/versions/mt/lib/python3.12/site-packages/django/middleware/common.py", line 109, in process_response
    self.get_full_path_with_slash(request)
  File "/Users/grizzly/.pyenv/versions/mt/lib/python3.12/site-packages/django/middleware/common.py", line 87, in get_full_path_with_slash
    raise RuntimeError(
RuntimeError: You called this URL via POST, but the URL doesn't end in a slash and you have APPEND_SLASH set. Django can't redirect to the slash URL while maintaining POST data. Change your form to point to localhost:8000/api/users/refresh-token/ (note the trailing slash), or set APPEND_SLASH=False in your Django settings.
WARNING 2026-05-28 11:59:55,981 log 89752 6136246272 Unauthorized: /api/transactions/transactions/
WARNING 2026-05-28 11:59:56,538 log 89752 6136246272 Unauthorized: /api/transactions/transactions/
ERROR 2026-05-28 11:59:56,563 log 89752 6153072640 Internal Server Error: /api/users/refresh-token
Traceback (most recent call last):
  File "/Users/grizzly/.pyenv/versions/mt/lib/python3.12/site-packages/django/core/handlers/exception.py", line 55, in inner
    response = get_response(request)
               ^^^^^^^^^^^^^^^^^^^^^
  File "/Users/grizzly/.pyenv/versions/mt/lib/python3.12/site-packages/django/utils/deprecation.py", line 311, in __call__
    response = self.process_response(request, response)
               ^^^^^^^^^^^^^^^^^^^^^^^^^^^^^^^^^^^^^^^^
  File "/Users/grizzly/.pyenv/versions/mt/lib/python3.12/site-packages/django/middleware/common.py", line 109, in process_response
    self.get_full_path_with_slash(request)
  File "/Users/grizzly/.pyenv/versions/mt/lib/python3.12/site-packages/django/middleware/common.py", line 87, in get_full_path_with_slash
    raise RuntimeError(
RuntimeError: You called this URL via POST, but the URL doesn't end in a slash and you have APPEND_SLASH set. Django can't redirect to the slash URL while maintaining POST data. Change your form to point to localhost:8000/api/users/refresh-token/ (note the trailing slash), or set APPEND_SLASH=False in your Django settings.
ERROR 2026-05-28 12:15:57,830 log 89752 6136246272 Internal Server Error: /api/users/refresh-token
Traceback (most recent call last):
  File "/Users/grizzly/.pyenv/versions/mt/lib/python3.12/site-packages/django/core/handlers/exception.py", line 55, in inner
    response = get_response(request)
               ^^^^^^^^^^^^^^^^^^^^^
  File "/Users/grizzly/.pyenv/versions/mt/lib/python3.12/site-packages/django/utils/deprecation.py", line 311, in __call__
    response = self.process_response(request, response)
               ^^^^^^^^^^^^^^^^^^^^^^^^^^^^^^^^^^^^^^^^
  File "/Users/grizzly/.pyenv/versions/mt/lib/python3.12/site-packages/django/middleware/common.py", line 109, in process_response
    self.get_full_path_with_slash(request)
  File "/Users/grizzly/.pyenv/versions/mt/lib/python3.12/site-packages/django/middleware/common.py", line 87, in get_full_path_with_slash
    raise RuntimeError(
RuntimeError: You called this URL via POST, but the URL doesn't end in a slash and you have APPEND_SLASH set. Django can't redirect to the slash URL while maintaining POST data. Change your form to point to localhost:8000/api/users/refresh-token/ (note the trailing slash), or set APPEND_SLASH=False in your Django settings.
WARNING 2026-05-28 13:13:28,162 log 89752 6136246272 Unauthorized: /api/transactions/transactions/
WARNING 2026-05-28 13:13:28,718 log 89752 6136246272 Unauthorized: /api/transactions/transactions/
ERROR 2026-05-28 13:13:28,761 log 89752 6153072640 Internal Server Error: /api/users/refresh-token
Traceback (most recent call last):
  File "/Users/grizzly/.pyenv/versions/mt/lib/python3.12/site-packages/django/core/handlers/exception.py", line 55, in inner
    response = get_response(request)
               ^^^^^^^^^^^^^^^^^^^^^
  File "/Users/grizzly/.pyenv/versions/mt/lib/python3.12/site-packages/django/utils/deprecation.py", line 311, in __call__
    response = self.process_response(request, response)
               ^^^^^^^^^^^^^^^^^^^^^^^^^^^^^^^^^^^^^^^^
  File "/Users/grizzly/.pyenv/versions/mt/lib/python3.12/site-packages/django/middleware/common.py", line 109, in process_response
    self.get_full_path_with_slash(request)
  File "/Users/grizzly/.pyenv/versions/mt/lib/python3.12/site-packages/django/middleware/common.py", line 87, in get_full_path_with_slash
    raise RuntimeError(
RuntimeError: You called this URL via POST, but the URL doesn't end in a slash and you have APPEND_SLASH set. Django can't redirect to the slash URL while maintaining POST data. Change your form to point to localhost:8000/api/users/refresh-token/ (note the trailing slash), or set APPEND_SLASH=False in your Django settings.
ERROR 2026-05-28 13:13:29,309 log 89752 6136246272 Internal Server Error: /api/users/refresh-token
Traceback (most recent call last):
  File "/Users/grizzly/.pyenv/versions/mt/lib/python3.12/site-packages/django/core/handlers/exception.py", line 55, in inner
    response = get_response(request)
               ^^^^^^^^^^^^^^^^^^^^^
  File "/Users/grizzly/.pyenv/versions/mt/lib/python3.12/site-packages/django/utils/deprecation.py", line 311, in __call__
    response = self.process_response(request, response)
               ^^^^^^^^^^^^^^^^^^^^^^^^^^^^^^^^^^^^^^^^
  File "/Users/grizzly/.pyenv/versions/mt/lib/python3.12/site-packages/django/middleware/common.py", line 109, in process_response
    self.get_full_path_with_slash(request)
  File "/Users/grizzly/.pyenv/versions/mt/lib/python3.12/site-packages/django/middleware/common.py", line 87, in get_full_path_with_slash
    raise RuntimeError(
RuntimeError: You called this URL via POST, but the URL doesn't end in a slash and you have APPEND_SLASH set. Django can't redirect to the slash URL while maintaining POST data. Change your form to point to localhost:8000/api/users/refresh-token/ (note the trailing slash), or set APPEND_SLASH=False in your Django settings.
WARNING 2026-05-28 13:18:58,692 log 89752 6136246272 Unauthorized: /api/transactions/transactions/
WARNING 2026-05-28 13:19:01,233 log 89752 6136246272 Unauthorized: /api/transactions/transactions/
ERROR 2026-05-28 13:19:01,254 log 89752 6153072640 Internal Server Error: /api/users/refresh-token
Traceback (most recent call last):
  File "/Users/grizzly/.pyenv/versions/mt/lib/python3.12/site-packages/django/core/handlers/exception.py", line 55, in inner
    response = get_response(request)
               ^^^^^^^^^^^^^^^^^^^^^
  File "/Users/grizzly/.pyenv/versions/mt/lib/python3.12/site-packages/django/utils/deprecation.py", line 311, in __call__
    response = self.process_response(request, response)
               ^^^^^^^^^^^^^^^^^^^^^^^^^^^^^^^^^^^^^^^^
  File "/Users/grizzly/.pyenv/versions/mt/lib/python3.12/site-packages/django/middleware/common.py", line 109, in process_response
    self.get_full_path_with_slash(request)
  File "/Users/grizzly/.pyenv/versions/mt/lib/python3.12/site-packages/django/middleware/common.py", line 87, in get_full_path_with_slash
    raise RuntimeError(
RuntimeError: You called this URL via POST, but the URL doesn't end in a slash and you have APPEND_SLASH set. Django can't redirect to the slash URL while maintaining POST data. Change your form to point to localhost:8000/api/users/refresh-token/ (note the trailing slash), or set APPEND_SLASH=False in your Django settings.
ERROR 2026-05-28 13:19:01,850 log 89752 6136246272 Internal Server Error: /api/users/refresh-token
Traceback (most recent call last):
  File "/Users/grizzly/.pyenv/versions/mt/lib/python3.12/site-packages/django/core/handlers/exception.py", line 55, in inner
    response = get_response(request)
               ^^^^^^^^^^^^^^^^^^^^^
  File "/Users/grizzly/.pyenv/versions/mt/lib/python3.12/site-packages/django/utils/deprecation.py", line 311, in __call__
    response = self.process_response(request, response)
               ^^^^^^^^^^^^^^^^^^^^^^^^^^^^^^^^^^^^^^^^
  File "/Users/grizzly/.pyenv/versions/mt/lib/python3.12/site-packages/django/middleware/common.py", line 109, in process_response
    self.get_full_path_with_slash(request)
  File "/Users/grizzly/.pyenv/versions/mt/lib/python3.12/site-packages/django/middleware/common.py", line 87, in get_full_path_with_slash
    raise RuntimeError(
RuntimeError: You called this URL via POST, but the URL doesn't end in a slash and you have APPEND_SLASH set. Django can't redirect to the slash URL while maintaining POST data. Change your form to point to localhost:8000/api/users/refresh-token/ (note the trailing slash), or set APPEND_SLASH=False in your Django settings.
WARNING 2026-05-28 13:22:08,450 log 89752 6136246272 Unauthorized: /api/transactions/transactions/
WARNING 2026-05-28 13:22:09,032 log 89752 6136246272 Unauthorized: /api/transactions/transactions/
ERROR 2026-05-28 13:22:09,054 log 89752 6153072640 Internal Server Error: /api/users/refresh-token
Traceback (most recent call last):
  File "/Users/grizzly/.pyenv/versions/mt/lib/python3.12/site-packages/django/core/handlers/exception.py", line 55, in inner
    response = get_response(request)
               ^^^^^^^^^^^^^^^^^^^^^
  File "/Users/grizzly/.pyenv/versions/mt/lib/python3.12/site-packages/django/utils/deprecation.py", line 311, in __call__
    response = self.process_response(request, response)
               ^^^^^^^^^^^^^^^^^^^^^^^^^^^^^^^^^^^^^^^^
  File "/Users/grizzly/.pyenv/versions/mt/lib/python3.12/site-packages/django/middleware/common.py", line 109, in process_response
    self.get_full_path_with_slash(request)
  File "/Users/grizzly/.pyenv/versions/mt/lib/python3.12/site-packages/django/middleware/common.py", line 87, in get_full_path_with_slash
    raise RuntimeError(
RuntimeError: You called this URL via POST, but the URL doesn't end in a slash and you have APPEND_SLASH set. Django can't redirect to the slash URL while maintaining POST data. Change your form to point to localhost:8000/api/users/refresh-token/ (note the trailing slash), or set APPEND_SLASH=False in your Django settings.
ERROR 2026-05-28 13:22:09,635 log 89752 6136246272 Internal Server Error: /api/users/refresh-token
Traceback (most recent call last):
  File "/Users/grizzly/.pyenv/versions/mt/lib/python3.12/site-packages/django/core/handlers/exception.py", line 55, in inner
    response = get_response(request)
               ^^^^^^^^^^^^^^^^^^^^^
  File "/Users/grizzly/.pyenv/versions/mt/lib/python3.12/site-packages/django/utils/deprecation.py", line 311, in __call__
    response = self.process_response(request, response)
               ^^^^^^^^^^^^^^^^^^^^^^^^^^^^^^^^^^^^^^^^
  File "/Users/grizzly/.pyenv/versions/mt/lib/python3.12/site-packages/django/middleware/common.py", line 109, in process_response
    self.get_full_path_with_slash(request)
  File "/Users/grizzly/.pyenv/versions/mt/lib/python3.12/site-packages/django/middleware/common.py", line 87, in get_full_path_with_slash
    raise RuntimeError(
RuntimeError: You called this URL via POST, but the URL doesn't end in a slash and you have APPEND_SLASH set. Django can't redirect to the slash URL while maintaining POST data. Change your form to point to localhost:8000/api/users/refresh-token/ (note the trailing slash), or set APPEND_SLASH=False in your Django settings.
WARNING 2026-05-28 13:29:41,319 log 89752 6136246272 Unauthorized: /api/transactions/transactions/
WARNING 2026-05-28 13:29:41,884 log 89752 6136246272 Unauthorized: /api/transactions/transactions/
ERROR 2026-05-28 13:29:41,907 log 89752 6153072640 Internal Server Error: /api/users/refresh-token
Traceback (most recent call last):
  File "/Users/grizzly/.pyenv/versions/mt/lib/python3.12/site-packages/django/core/handlers/exception.py", line 55, in inner
    response = get_response(request)
               ^^^^^^^^^^^^^^^^^^^^^
  File "/Users/grizzly/.pyenv/versions/mt/lib/python3.12/site-packages/django/utils/deprecation.py", line 311, in __call__
    response = self.process_response(request, response)
               ^^^^^^^^^^^^^^^^^^^^^^^^^^^^^^^^^^^^^^^^
  File "/Users/grizzly/.pyenv/versions/mt/lib/python3.12/site-packages/django/middleware/common.py", line 109, in process_response
    self.get_full_path_with_slash(request)
  File "/Users/grizzly/.pyenv/versions/mt/lib/python3.12/site-packages/django/middleware/common.py", line 87, in get_full_path_with_slash
    raise RuntimeError(
RuntimeError: You called this URL via POST, but the URL doesn't end in a slash and you have APPEND_SLASH set. Django can't redirect to the slash URL while maintaining POST data. Change your form to point to localhost:8000/api/users/refresh-token/ (note the trailing slash), or set APPEND_SLASH=False in your Django settings.
ERROR 2026-05-28 13:29:42,467 log 89752 6136246272 Internal Server Error: /api/users/refresh-token
Traceback (most recent call last):
  File "/Users/grizzly/.pyenv/versions/mt/lib/python3.12/site-packages/django/core/handlers/exception.py", line 55, in inner
    response = get_response(request)
               ^^^^^^^^^^^^^^^^^^^^^
  File "/Users/grizzly/.pyenv/versions/mt/lib/python3.12/site-packages/django/utils/deprecation.py", line 311, in __call__
    response = self.process_response(request, response)
               ^^^^^^^^^^^^^^^^^^^^^^^^^^^^^^^^^^^^^^^^
  File "/Users/grizzly/.pyenv/versions/mt/lib/python3.12/site-packages/django/middleware/common.py", line 109, in process_response
    self.get_full_path_with_slash(request)
  File "/Users/grizzly/.pyenv/versions/mt/lib/python3.12/site-packages/django/middleware/common.py", line 87, in get_full_path_with_slash
    raise RuntimeError(
RuntimeError: You called this URL via POST, but the URL doesn't end in a slash and you have APPEND_SLASH set. Django can't redirect to the slash URL while maintaining POST data. Change your form to point to localhost:8000/api/users/refresh-token/ (note the trailing slash), or set APPEND_SLASH=False in your Django settings.
WARNING 2026-05-28 15:39:39,572 log 89752 6136246272 Unauthorized: /api/transactions/transactions/
WARNING 2026-05-28 15:39:40,149 log 89752 6153072640 Unauthorized: /api/transactions/transactions/
ERROR 2026-05-28 15:39:40,185 log 89752 6136246272 Internal Server Error: /api/users/refresh-token
Traceback (most recent call last):
  File "/Users/grizzly/.pyenv/versions/mt/lib/python3.12/site-packages/django/core/handlers/exception.py", line 55, in inner
    response = get_response(request)
               ^^^^^^^^^^^^^^^^^^^^^
  File "/Users/grizzly/.pyenv/versions/mt/lib/python3.12/site-packages/django/utils/deprecation.py", line 311, in __call__
    response = self.process_response(request, response)
               ^^^^^^^^^^^^^^^^^^^^^^^^^^^^^^^^^^^^^^^^
  File "/Users/grizzly/.pyenv/versions/mt/lib/python3.12/site-packages/django/middleware/common.py", line 109, in process_response
    self.get_full_path_with_slash(request)
  File "/Users/grizzly/.pyenv/versions/mt/lib/python3.12/site-packages/django/middleware/common.py", line 87, in get_full_path_with_slash
    raise RuntimeError(
RuntimeError: You called this URL via POST, but the URL doesn't end in a slash and you have APPEND_SLASH set. Django can't redirect to the slash URL while maintaining POST data. Change your form to point to localhost:8000/api/users/refresh-token/ (note the trailing slash), or set APPEND_SLASH=False in your Django settings.
ERROR 2026-05-28 15:56:07,630 log 89752 6153072640 Internal Server Error: /api/users/refresh-token
Traceback (most recent call last):
  File "/Users/grizzly/.pyenv/versions/mt/lib/python3.12/site-packages/django/core/handlers/exception.py", line 55, in inner
    response = get_response(request)
               ^^^^^^^^^^^^^^^^^^^^^
  File "/Users/grizzly/.pyenv/versions/mt/lib/python3.12/site-packages/django/utils/deprecation.py", line 311, in __call__
    response = self.process_response(request, response)
               ^^^^^^^^^^^^^^^^^^^^^^^^^^^^^^^^^^^^^^^^
  File "/Users/grizzly/.pyenv/versions/mt/lib/python3.12/site-packages/django/middleware/common.py", line 109, in process_response
    self.get_full_path_with_slash(request)
  File "/Users/grizzly/.pyenv/versions/mt/lib/python3.12/site-packages/django/middleware/common.py", line 87, in get_full_path_with_slash
    raise RuntimeError(
RuntimeError: You called this URL via POST, but the URL doesn't end in a slash and you have APPEND_SLASH set. Django can't redirect to the slash URL while maintaining POST data. Change your form to point to localhost:8000/api/users/refresh-token/ (note the trailing slash), or set APPEND_SLASH=False in your Django settings.
WARNING 2026-05-29 03:36:07,657 log 89752 6136246272 Unauthorized: /api/transactions/transactions/
WARNING 2026-05-29 03:36:08,228 log 89752 6153072640 Unauthorized: /api/transactions/transactions/
ERROR 2026-05-29 03:36:08,267 log 89752 6136246272 Internal Server Error: /api/users/refresh-token
Traceback (most recent call last):
  File "/Users/grizzly/.pyenv/versions/mt/lib/python3.12/site-packages/django/core/handlers/exception.py", line 55, in inner
    response = get_response(request)
               ^^^^^^^^^^^^^^^^^^^^^
  File "/Users/grizzly/.pyenv/versions/mt/lib/python3.12/site-packages/django/utils/deprecation.py", line 311, in __call__
    response = self.process_response(request, response)
               ^^^^^^^^^^^^^^^^^^^^^^^^^^^^^^^^^^^^^^^^
  File "/Users/grizzly/.pyenv/versions/mt/lib/python3.12/site-packages/django/middleware/common.py", line 109, in process_response
    self.get_full_path_with_slash(request)
  File "/Users/grizzly/.pyenv/versions/mt/lib/python3.12/site-packages/django/middleware/common.py", line 87, in get_full_path_with_slash
    raise RuntimeError(
RuntimeError: You called this URL via POST, but the URL doesn't end in a slash and you have APPEND_SLASH set. Django can't redirect to the slash URL while maintaining POST data. Change your form to point to localhost:8000/api/users/refresh-token/ (note the trailing slash), or set APPEND_SLASH=False in your Django settings.
ERROR 2026-05-29 03:36:08,818 log 89752 6153072640 Internal Server Error: /api/users/refresh-token
Traceback (most recent call last):
  File "/Users/grizzly/.pyenv/versions/mt/lib/python3.12/site-packages/django/core/handlers/exception.py", line 55, in inner
    response = get_response(request)
               ^^^^^^^^^^^^^^^^^^^^^
  File "/Users/grizzly/.pyenv/versions/mt/lib/python3.12/site-packages/django/utils/deprecation.py", line 311, in __call__
    response = self.process_response(request, response)
               ^^^^^^^^^^^^^^^^^^^^^^^^^^^^^^^^^^^^^^^^
  File "/Users/grizzly/.pyenv/versions/mt/lib/python3.12/site-packages/django/middleware/common.py", line 109, in process_response
    self.get_full_path_with_slash(request)
  File "/Users/grizzly/.pyenv/versions/mt/lib/python3.12/site-packages/django/middleware/common.py", line 87, in get_full_path_with_slash
    raise RuntimeError(
RuntimeError: You called this URL via POST, but the URL doesn't end in a slash and you have APPEND_SLASH set. Django can't redirect to the slash URL while maintaining POST data. Change your form to point to localhost:8000/api/users/refresh-token/ (note the trailing slash), or set APPEND_SLASH=False in your Django settings.
WARNING 2026-05-29 03:43:36,299 log 89752 6136246272 Unauthorized: /api/transactions/transactions/
WARNING 2026-05-29 03:43:36,874 log 89752 6136246272 Unauthorized: /api/transactions/transactions/
ERROR 2026-05-29 03:43:36,900 log 89752 6153072640 Internal Server Error: /api/users/refresh-token
Traceback (most recent call last):
  File "/Users/grizzly/.pyenv/versions/mt/lib/python3.12/site-packages/django/core/handlers/exception.py", line 55, in inner
    response = get_response(request)
               ^^^^^^^^^^^^^^^^^^^^^
  File "/Users/grizzly/.pyenv/versions/mt/lib/python3.12/site-packages/django/utils/deprecation.py", line 311, in __call__
    response = self.process_response(request, response)
               ^^^^^^^^^^^^^^^^^^^^^^^^^^^^^^^^^^^^^^^^
  File "/Users/grizzly/.pyenv/versions/mt/lib/python3.12/site-packages/django/middleware/common.py", line 109, in process_response
    self.get_full_path_with_slash(request)
  File "/Users/grizzly/.pyenv/versions/mt/lib/python3.12/site-packages/django/middleware/common.py", line 87, in get_full_path_with_slash
    raise RuntimeError(
RuntimeError: You called this URL via POST, but the URL doesn't end in a slash and you have APPEND_SLASH set. Django can't redirect to the slash URL while maintaining POST data. Change your form to point to localhost:8000/api/users/refresh-token/ (note the trailing slash), or set APPEND_SLASH=False in your Django settings.
ERROR 2026-05-29 03:55:59,904 log 89752 6136246272 Internal Server Error: /api/users/refresh-token
Traceback (most recent call last):
  File "/Users/grizzly/.pyenv/versions/mt/lib/python3.12/site-packages/django/core/handlers/exception.py", line 55, in inner
    response = get_response(request)
               ^^^^^^^^^^^^^^^^^^^^^
  File "/Users/grizzly/.pyenv/versions/mt/lib/python3.12/site-packages/django/utils/deprecation.py", line 311, in __call__
    response = self.process_response(request, response)
               ^^^^^^^^^^^^^^^^^^^^^^^^^^^^^^^^^^^^^^^^
  File "/Users/grizzly/.pyenv/versions/mt/lib/python3.12/site-packages/django/middleware/common.py", line 109, in process_response
    self.get_full_path_with_slash(request)
  File "/Users/grizzly/.pyenv/versions/mt/lib/python3.12/site-packages/django/middleware/common.py", line 87, in get_full_path_with_slash
    raise RuntimeError(
RuntimeError: You called this URL via POST, but the URL doesn't end in a slash and you have APPEND_SLASH set. Django can't redirect to the slash URL while maintaining POST data. Change your form to point to localhost:8000/api/users/refresh-token/ (note the trailing slash), or set APPEND_SLASH=False in your Django settings.
WARNING 2026-05-29 03:59:36,725 log 89752 6136246272 Unauthorized: /api/transactions/transactions/
WARNING 2026-05-29 03:59:37,297 log 89752 6136246272 Unauthorized: /api/transactions/transactions/
ERROR 2026-05-29 03:59:37,320 log 89752 6153072640 Internal Server Error: /api/users/refresh-token
Traceback (most recent call last):
  File "/Users/grizzly/.pyenv/versions/mt/lib/python3.12/site-packages/django/core/handlers/exception.py", line 55, in inner
    response = get_response(request)
               ^^^^^^^^^^^^^^^^^^^^^
  File "/Users/grizzly/.pyenv/versions/mt/lib/python3.12/site-packages/django/utils/deprecation.py", line 311, in __call__
    response = self.process_response(request, response)
               ^^^^^^^^^^^^^^^^^^^^^^^^^^^^^^^^^^^^^^^^
  File "/Users/grizzly/.pyenv/versions/mt/lib/python3.12/site-packages/django/middleware/common.py", line 109, in process_response
    self.get_full_path_with_slash(request)
  File "/Users/grizzly/.pyenv/versions/mt/lib/python3.12/site-packages/django/middleware/common.py", line 87, in get_full_path_with_slash
    raise RuntimeError(
RuntimeError: You called this URL via POST, but the URL doesn't end in a slash and you have APPEND_SLASH set. Django can't redirect to the slash URL while maintaining POST data. Change your form to point to localhost:8000/api/users/refresh-token/ (note the trailing slash), or set APPEND_SLASH=False in your Django settings.
ERROR 2026-05-29 03:59:44,953 log 89752 6136246272 Internal Server Error: /api/users/refresh-token
Traceback (most recent call last):
  File "/Users/grizzly/.pyenv/versions/mt/lib/python3.12/site-packages/django/core/handlers/exception.py", line 55, in inner
    response = get_response(request)
               ^^^^^^^^^^^^^^^^^^^^^
  File "/Users/grizzly/.pyenv/versions/mt/lib/python3.12/site-packages/django/utils/deprecation.py", line 311, in __call__
    response = self.process_response(request, response)
               ^^^^^^^^^^^^^^^^^^^^^^^^^^^^^^^^^^^^^^^^
  File "/Users/grizzly/.pyenv/versions/mt/lib/python3.12/site-packages/django/middleware/common.py", line 109, in process_response
    self.get_full_path_with_slash(request)
  File "/Users/grizzly/.pyenv/versions/mt/lib/python3.12/site-packages/django/middleware/common.py", line 87, in get_full_path_with_slash
    raise RuntimeError(
RuntimeError: You called this URL via POST, but the URL doesn't end in a slash and you have APPEND_SLASH set. Django can't redirect to the slash URL while maintaining POST data. Change your form to point to localhost:8000/api/users/refresh-token/ (note the trailing slash), or set APPEND_SLASH=False in your Django settings.
WARNING 2026-05-29 08:13:58,948 log 89752 6136246272 Unauthorized: /api/transactions/transactions/
WARNING 2026-05-29 08:13:59,518 log 89752 6136246272 Unauthorized: /api/transactions/transactions/
ERROR 2026-05-29 08:13:59,542 log 89752 6153072640 Internal Server Error: /api/users/refresh-token
Traceback (most recent call last):
  File "/Users/grizzly/.pyenv/versions/mt/lib/python3.12/site-packages/django/core/handlers/exception.py", line 55, in inner
    response = get_response(request)
               ^^^^^^^^^^^^^^^^^^^^^
  File "/Users/grizzly/.pyenv/versions/mt/lib/python3.12/site-packages/django/utils/deprecation.py", line 311, in __call__
    response = self.process_response(request, response)
               ^^^^^^^^^^^^^^^^^^^^^^^^^^^^^^^^^^^^^^^^
  File "/Users/grizzly/.pyenv/versions/mt/lib/python3.12/site-packages/django/middleware/common.py", line 109, in process_response
    self.get_full_path_with_slash(request)
  File "/Users/grizzly/.pyenv/versions/mt/lib/python3.12/site-packages/django/middleware/common.py", line 87, in get_full_path_with_slash
    raise RuntimeError(
RuntimeError: You called this URL via POST, but the URL doesn't end in a slash and you have APPEND_SLASH set. Django can't redirect to the slash URL while maintaining POST data. Change your form to point to localhost:8000/api/users/refresh-token/ (note the trailing slash), or set APPEND_SLASH=False in your Django settings.
ERROR 2026-05-29 08:31:07,164 log 89752 6136246272 Internal Server Error: /api/users/refresh-token
Traceback (most recent call last):
  File "/Users/grizzly/.pyenv/versions/mt/lib/python3.12/site-packages/django/core/handlers/exception.py", line 55, in inner
    response = get_response(request)
               ^^^^^^^^^^^^^^^^^^^^^
  File "/Users/grizzly/.pyenv/versions/mt/lib/python3.12/site-packages/django/utils/deprecation.py", line 311, in __call__
    response = self.process_response(request, response)
               ^^^^^^^^^^^^^^^^^^^^^^^^^^^^^^^^^^^^^^^^
  File "/Users/grizzly/.pyenv/versions/mt/lib/python3.12/site-packages/django/middleware/common.py", line 109, in process_response
    self.get_full_path_with_slash(request)
  File "/Users/grizzly/.pyenv/versions/mt/lib/python3.12/site-packages/django/middleware/common.py", line 87, in get_full_path_with_slash
    raise RuntimeError(
RuntimeError: You called this URL via POST, but the URL doesn't end in a slash and you have APPEND_SLASH set. Django can't redirect to the slash URL while maintaining POST data. Change your form to point to localhost:8000/api/users/refresh-token/ (note the trailing slash), or set APPEND_SLASH=False in your Django settings.
WARNING 2026-05-29 08:50:31,965 log 89752 6136246272 Unauthorized: /api/transactions/transactions/
WARNING 2026-05-29 08:50:32,509 log 89752 6136246272 Unauthorized: /api/transactions/transactions/
ERROR 2026-05-29 08:50:32,542 log 89752 6153072640 Internal Server Error: /api/users/refresh-token
Traceback (most recent call last):
  File "/Users/grizzly/.pyenv/versions/mt/lib/python3.12/site-packages/django/core/handlers/exception.py", line 55, in inner
    response = get_response(request)
               ^^^^^^^^^^^^^^^^^^^^^
  File "/Users/grizzly/.pyenv/versions/mt/lib/python3.12/site-packages/django/utils/deprecation.py", line 311, in __call__
    response = self.process_response(request, response)
               ^^^^^^^^^^^^^^^^^^^^^^^^^^^^^^^^^^^^^^^^
  File "/Users/grizzly/.pyenv/versions/mt/lib/python3.12/site-packages/django/middleware/common.py", line 109, in process_response
    self.get_full_path_with_slash(request)
  File "/Users/grizzly/.pyenv/versions/mt/lib/python3.12/site-packages/django/middleware/common.py", line 87, in get_full_path_with_slash
    raise RuntimeError(
RuntimeError: You called this URL via POST, but the URL doesn't end in a slash and you have APPEND_SLASH set. Django can't redirect to the slash URL while maintaining POST data. Change your form to point to localhost:8000/api/users/refresh-token/ (note the trailing slash), or set APPEND_SLASH=False in your Django settings.
ERROR 2026-05-29 08:52:02,976 log 89752 6136246272 Internal Server Error: /api/users/refresh-token
Traceback (most recent call last):
  File "/Users/grizzly/.pyenv/versions/mt/lib/python3.12/site-packages/django/core/handlers/exception.py", line 55, in inner
    response = get_response(request)
               ^^^^^^^^^^^^^^^^^^^^^
  File "/Users/grizzly/.pyenv/versions/mt/lib/python3.12/site-packages/django/utils/deprecation.py", line 311, in __call__
    response = self.process_response(request, response)
               ^^^^^^^^^^^^^^^^^^^^^^^^^^^^^^^^^^^^^^^^
  File "/Users/grizzly/.pyenv/versions/mt/lib/python3.12/site-packages/django/middleware/common.py", line 109, in process_response
    self.get_full_path_with_slash(request)
  File "/Users/grizzly/.pyenv/versions/mt/lib/python3.12/site-packages/django/middleware/common.py", line 87, in get_full_path_with_slash
    raise RuntimeError(
RuntimeError: You called this URL via POST, but the URL doesn't end in a slash and you have APPEND_SLASH set. Django can't redirect to the slash URL while maintaining POST data. Change your form to point to localhost:8000/api/users/refresh-token/ (note the trailing slash), or set APPEND_SLASH=False in your Django settings.
WARNING 2026-05-29 15:42:56,542 log 89752 6136246272 Unauthorized: /api/transactions/transactions/
WARNING 2026-05-29 15:42:56,545 log 89752 6136246272 Unauthorized: /api/transactions/transactions/
ERROR 2026-05-29 15:42:56,572 log 89752 6153072640 Internal Server Error: /api/users/refresh-token
Traceback (most recent call last):
  File "/Users/grizzly/.pyenv/versions/mt/lib/python3.12/site-packages/django/core/handlers/exception.py", line 55, in inner
    response = get_response(request)
               ^^^^^^^^^^^^^^^^^^^^^
  File "/Users/grizzly/.pyenv/versions/mt/lib/python3.12/site-packages/django/utils/deprecation.py", line 311, in __call__
    response = self.process_response(request, response)
               ^^^^^^^^^^^^^^^^^^^^^^^^^^^^^^^^^^^^^^^^
  File "/Users/grizzly/.pyenv/versions/mt/lib/python3.12/site-packages/django/middleware/common.py", line 109, in process_response
    self.get_full_path_with_slash(request)
  File "/Users/grizzly/.pyenv/versions/mt/lib/python3.12/site-packages/django/middleware/common.py", line 87, in get_full_path_with_slash
    raise RuntimeError(
RuntimeError: You called this URL via POST, but the URL doesn't end in a slash and you have APPEND_SLASH set. Django can't redirect to the slash URL while maintaining POST data. Change your form to point to localhost:8000/api/users/refresh-token/ (note the trailing slash), or set APPEND_SLASH=False in your Django settings.
ERROR 2026-05-29 15:42:56,579 log 89752 6136246272 Internal Server Error: /api/users/refresh-token
Traceback (most recent call last):
  File "/Users/grizzly/.pyenv/versions/mt/lib/python3.12/site-packages/django/core/handlers/exception.py", line 55, in inner
    response = get_response(request)
               ^^^^^^^^^^^^^^^^^^^^^
  File "/Users/grizzly/.pyenv/versions/mt/lib/python3.12/site-packages/django/utils/deprecation.py", line 311, in __call__
    response = self.process_response(request, response)
               ^^^^^^^^^^^^^^^^^^^^^^^^^^^^^^^^^^^^^^^^
  File "/Users/grizzly/.pyenv/versions/mt/lib/python3.12/site-packages/django/middleware/common.py", line 109, in process_response
    self.get_full_path_with_slash(request)
  File "/Users/grizzly/.pyenv/versions/mt/lib/python3.12/site-packages/django/middleware/common.py", line 87, in get_full_path_with_slash
    raise RuntimeError(
RuntimeError: You called this URL via POST, but the URL doesn't end in a slash and you have APPEND_SLASH set. Django can't redirect to the slash URL while maintaining POST data. Change your form to point to localhost:8000/api/users/refresh-token/ (note the trailing slash), or set APPEND_SLASH=False in your Django settings.
WARNING 2026-05-29 15:43:01,339 log 89752 6153072640 Unauthorized: /api/users/profile/
WARNING 2026-05-29 15:43:01,342 log 89752 6136246272 Unauthorized: /api/users/profile/
ERROR 2026-05-29 15:43:01,380 log 89752 6153072640 Internal Server Error: /api/users/refresh-token
Traceback (most recent call last):
  File "/Users/grizzly/.pyenv/versions/mt/lib/python3.12/site-packages/django/core/handlers/exception.py", line 55, in inner
    response = get_response(request)
               ^^^^^^^^^^^^^^^^^^^^^
  File "/Users/grizzly/.pyenv/versions/mt/lib/python3.12/site-packages/django/utils/deprecation.py", line 311, in __call__
    response = self.process_response(request, response)
               ^^^^^^^^^^^^^^^^^^^^^^^^^^^^^^^^^^^^^^^^
  File "/Users/grizzly/.pyenv/versions/mt/lib/python3.12/site-packages/django/middleware/common.py", line 109, in process_response
    self.get_full_path_with_slash(request)
  File "/Users/grizzly/.pyenv/versions/mt/lib/python3.12/site-packages/django/middleware/common.py", line 87, in get_full_path_with_slash
    raise RuntimeError(
RuntimeError: You called this URL via POST, but the URL doesn't end in a slash and you have APPEND_SLASH set. Django can't redirect to the slash URL while maintaining POST data. Change your form to point to localhost:8000/api/users/refresh-token/ (note the trailing slash), or set APPEND_SLASH=False in your Django settings.
ERROR 2026-05-29 15:43:01,392 log 89752 6136246272 Internal Server Error: /api/users/refresh-token
Traceback (most recent call last):
  File "/Users/grizzly/.pyenv/versions/mt/lib/python3.12/site-packages/django/core/handlers/exception.py", line 55, in inner
    response = get_response(request)
               ^^^^^^^^^^^^^^^^^^^^^
  File "/Users/grizzly/.pyenv/versions/mt/lib/python3.12/site-packages/django/utils/deprecation.py", line 311, in __call__
    response = self.process_response(request, response)
               ^^^^^^^^^^^^^^^^^^^^^^^^^^^^^^^^^^^^^^^^
  File "/Users/grizzly/.pyenv/versions/mt/lib/python3.12/site-packages/django/middleware/common.py", line 109, in process_response
    self.get_full_path_with_slash(request)
  File "/Users/grizzly/.pyenv/versions/mt/lib/python3.12/site-packages/django/middleware/common.py", line 87, in get_full_path_with_slash
    raise RuntimeError(
RuntimeError: You called this URL via POST, but the URL doesn't end in a slash and you have APPEND_SLASH set. Django can't redirect to the slash URL while maintaining POST data. Change your form to point to localhost:8000/api/users/refresh-token/ (note the trailing slash), or set APPEND_SLASH=False in your Django settings.
WARNING 2026-05-31 07:21:16,941 log 89752 6136246272 Unauthorized: /api/categories/category-transactions/
WARNING 2026-05-31 07:21:16,946 log 89752 6153072640 Unauthorized: /api/categories/category-transactions/
ERROR 2026-05-31 07:21:16,993 log 89752 6153072640 Internal Server Error: /api/users/refresh-token
Traceback (most recent call last):
  File "/Users/grizzly/.pyenv/versions/mt/lib/python3.12/site-packages/django/core/handlers/exception.py", line 55, in inner
    response = get_response(request)
               ^^^^^^^^^^^^^^^^^^^^^
  File "/Users/grizzly/.pyenv/versions/mt/lib/python3.12/site-packages/django/utils/deprecation.py", line 311, in __call__
    response = self.process_response(request, response)
               ^^^^^^^^^^^^^^^^^^^^^^^^^^^^^^^^^^^^^^^^
  File "/Users/grizzly/.pyenv/versions/mt/lib/python3.12/site-packages/django/middleware/common.py", line 109, in process_response
    self.get_full_path_with_slash(request)
  File "/Users/grizzly/.pyenv/versions/mt/lib/python3.12/site-packages/django/middleware/common.py", line 87, in get_full_path_with_slash
    raise RuntimeError(
RuntimeError: You called this URL via POST, but the URL doesn't end in a slash and you have APPEND_SLASH set. Django can't redirect to the slash URL while maintaining POST data. Change your form to point to localhost:8000/api/users/refresh-token/ (note the trailing slash), or set APPEND_SLASH=False in your Django settings.
ERROR 2026-05-31 07:21:17,004 log 89752 6136246272 Internal Server Error: /api/users/refresh-token
Traceback (most recent call last):
  File "/Users/grizzly/.pyenv/versions/mt/lib/python3.12/site-packages/django/core/handlers/exception.py", line 55, in inner
    response = get_response(request)
               ^^^^^^^^^^^^^^^^^^^^^
  File "/Users/grizzly/.pyenv/versions/mt/lib/python3.12/site-packages/django/utils/deprecation.py", line 311, in __call__
    response = self.process_response(request, response)
               ^^^^^^^^^^^^^^^^^^^^^^^^^^^^^^^^^^^^^^^^
  File "/Users/grizzly/.pyenv/versions/mt/lib/python3.12/site-packages/django/middleware/common.py", line 109, in process_response
    self.get_full_path_with_slash(request)
  File "/Users/grizzly/.pyenv/versions/mt/lib/python3.12/site-packages/django/middleware/common.py", line 87, in get_full_path_with_slash
    raise RuntimeError(
RuntimeError: You called this URL via POST, but the URL doesn't end in a slash and you have APPEND_SLASH set. Django can't redirect to the slash URL while maintaining POST data. Change your form to point to localhost:8000/api/users/refresh-token/ (note the trailing slash), or set APPEND_SLASH=False in your Django settings.
WARNING 2026-05-31 07:21:17,527 log 89752 6136246272 Unauthorized: /api/transactions/transactions/
WARNING 2026-05-31 07:21:17,531 log 89752 6136246272 Unauthorized: /api/transactions/transactions/
ERROR 2026-05-31 07:21:17,574 log 89752 6153072640 Internal Server Error: /api/users/refresh-token
Traceback (most recent call last):
  File "/Users/grizzly/.pyenv/versions/mt/lib/python3.12/site-packages/django/core/handlers/exception.py", line 55, in inner
    response = get_response(request)
               ^^^^^^^^^^^^^^^^^^^^^
  File "/Users/grizzly/.pyenv/versions/mt/lib/python3.12/site-packages/django/utils/deprecation.py", line 311, in __call__
    response = self.process_response(request, response)
               ^^^^^^^^^^^^^^^^^^^^^^^^^^^^^^^^^^^^^^^^
  File "/Users/grizzly/.pyenv/versions/mt/lib/python3.12/site-packages/django/middleware/common.py", line 109, in process_response
    self.get_full_path_with_slash(request)
  File "/Users/grizzly/.pyenv/versions/mt/lib/python3.12/site-packages/django/middleware/common.py", line 87, in get_full_path_with_slash
    raise RuntimeError(
RuntimeError: You called this URL via POST, but the URL doesn't end in a slash and you have APPEND_SLASH set. Django can't redirect to the slash URL while maintaining POST data. Change your form to point to localhost:8000/api/users/refresh-token/ (note the trailing slash), or set APPEND_SLASH=False in your Django settings.
ERROR 2026-05-31 07:21:17,585 log 89752 6136246272 Internal Server Error: /api/users/refresh-token
Traceback (most recent call last):
  File "/Users/grizzly/.pyenv/versions/mt/lib/python3.12/site-packages/django/core/handlers/exception.py", line 55, in inner
    response = get_response(request)
               ^^^^^^^^^^^^^^^^^^^^^
  File "/Users/grizzly/.pyenv/versions/mt/lib/python3.12/site-packages/django/utils/deprecation.py", line 311, in __call__
    response = self.process_response(request, response)
               ^^^^^^^^^^^^^^^^^^^^^^^^^^^^^^^^^^^^^^^^
  File "/Users/grizzly/.pyenv/versions/mt/lib/python3.12/site-packages/django/middleware/common.py", line 109, in process_response
    self.get_full_path_with_slash(request)
  File "/Users/grizzly/.pyenv/versions/mt/lib/python3.12/site-packages/django/middleware/common.py", line 87, in get_full_path_with_slash
    raise RuntimeError(
RuntimeError: You called this URL via POST, but the URL doesn't end in a slash and you have APPEND_SLASH set. Django can't redirect to the slash URL while maintaining POST data. Change your form to point to localhost:8000/api/users/refresh-token/ (note the trailing slash), or set APPEND_SLASH=False in your Django settings.
WARNING 2026-05-31 07:21:19,245 log 89752 6136246272 Unauthorized: /api/users/profile/
WARNING 2026-05-31 07:21:19,249 log 89752 6136246272 Unauthorized: /api/users/profile/
ERROR 2026-05-31 07:21:19,294 log 89752 6136246272 Internal Server Error: /api/users/refresh-token
Traceback (most recent call last):
  File "/Users/grizzly/.pyenv/versions/mt/lib/python3.12/site-packages/django/core/handlers/exception.py", line 55, in inner
    response = get_response(request)
               ^^^^^^^^^^^^^^^^^^^^^
  File "/Users/grizzly/.pyenv/versions/mt/lib/python3.12/site-packages/django/utils/deprecation.py", line 311, in __call__
    response = self.process_response(request, response)
               ^^^^^^^^^^^^^^^^^^^^^^^^^^^^^^^^^^^^^^^^
  File "/Users/grizzly/.pyenv/versions/mt/lib/python3.12/site-packages/django/middleware/common.py", line 109, in process_response
    self.get_full_path_with_slash(request)
  File "/Users/grizzly/.pyenv/versions/mt/lib/python3.12/site-packages/django/middleware/common.py", line 87, in get_full_path_with_slash
    raise RuntimeError(
RuntimeError: You called this URL via POST, but the URL doesn't end in a slash and you have APPEND_SLASH set. Django can't redirect to the slash URL while maintaining POST data. Change your form to point to localhost:8000/api/users/refresh-token/ (note the trailing slash), or set APPEND_SLASH=False in your Django settings.
ERROR 2026-05-31 07:21:19,299 log 89752 6153072640 Internal Server Error: /api/users/refresh-token
Traceback (most recent call last):
  File "/Users/grizzly/.pyenv/versions/mt/lib/python3.12/site-packages/django/core/handlers/exception.py", line 55, in inner
    response = get_response(request)
               ^^^^^^^^^^^^^^^^^^^^^
  File "/Users/grizzly/.pyenv/versions/mt/lib/python3.12/site-packages/django/utils/deprecation.py", line 311, in __call__
    response = self.process_response(request, response)
               ^^^^^^^^^^^^^^^^^^^^^^^^^^^^^^^^^^^^^^^^
  File "/Users/grizzly/.pyenv/versions/mt/lib/python3.12/site-packages/django/middleware/common.py", line 109, in process_response
    self.get_full_path_with_slash(request)
  File "/Users/grizzly/.pyenv/versions/mt/lib/python3.12/site-packages/django/middleware/common.py", line 87, in get_full_path_with_slash
    raise RuntimeError(
RuntimeError: You called this URL via POST, but the URL doesn't end in a slash and you have APPEND_SLASH set. Django can't redirect to the slash URL while maintaining POST data. Change your form to point to localhost:8000/api/users/refresh-token/ (note the trailing slash), or set APPEND_SLASH=False in your Django settings.
WARNING 2026-05-31 17:15:20,655 log 89752 6153072640 Bad Request: /api/users/update-user/
WARNING 2026-05-31 17:15:30,952 log 89752 6153072640 Bad Request: /api/users/update-user/
WARNING 2026-06-01 07:23:08,929 log 89752 6135672832 Unauthorized: /api/transactions/transactions/
WARNING 2026-06-01 07:23:08,933 log 89752 6152499200 Unauthorized: /api/users/profile/
WARNING 2026-06-01 07:23:08,945 log 89752 6186725376 Unauthorized: /api/transactions/transactions/
WARNING 2026-06-01 07:23:08,946 log 89752 6135672832 Unauthorized: /api/users/profile/
WARNING 2026-06-01 07:23:08,950 log 89752 6203551744 Unauthorized: /api/users/profile/
WARNING 2026-06-01 07:23:08,958 log 89752 6135672832 Unauthorized: /api/transactions/transactions/
WARNING 2026-06-01 07:23:08,974 log 89752 6135672832 Unauthorized: /api/transactions/transactions/
WARNING 2026-06-01 07:23:08,977 log 89752 6203551744 Unauthorized: /api/users/profile/
ERROR 2026-06-01 07:23:09,030 log 89752 6220378112 Internal Server Error: /api/users/refresh-token
Traceback (most recent call last):
  File "/Users/grizzly/.pyenv/versions/mt/lib/python3.12/site-packages/django/core/handlers/exception.py", line 55, in inner
    response = get_response(request)
               ^^^^^^^^^^^^^^^^^^^^^
  File "/Users/grizzly/.pyenv/versions/mt/lib/python3.12/site-packages/django/utils/deprecation.py", line 311, in __call__
    response = self.process_response(request, response)
               ^^^^^^^^^^^^^^^^^^^^^^^^^^^^^^^^^^^^^^^^
  File "/Users/grizzly/.pyenv/versions/mt/lib/python3.12/site-packages/django/middleware/common.py", line 109, in process_response
    self.get_full_path_with_slash(request)
  File "/Users/grizzly/.pyenv/versions/mt/lib/python3.12/site-packages/django/middleware/common.py", line 87, in get_full_path_with_slash
    raise RuntimeError(
RuntimeError: You called this URL via POST, but the URL doesn't end in a slash and you have APPEND_SLASH set. Django can't redirect to the slash URL while maintaining POST data. Change your form to point to localhost:8000/api/users/refresh-token/ (note the trailing slash), or set APPEND_SLASH=False in your Django settings.
ERROR 2026-06-01 07:23:09,032 log 89752 6186725376 Internal Server Error: /api/users/refresh-token
Traceback (most recent call last):
  File "/Users/grizzly/.pyenv/versions/mt/lib/python3.12/site-packages/django/core/handlers/exception.py", line 55, in inner
    response = get_response(request)
               ^^^^^^^^^^^^^^^^^^^^^
  File "/Users/grizzly/.pyenv/versions/mt/lib/python3.12/site-packages/django/utils/deprecation.py", line 311, in __call__
    response = self.process_response(request, response)
               ^^^^^^^^^^^^^^^^^^^^^^^^^^^^^^^^^^^^^^^^
  File "/Users/grizzly/.pyenv/versions/mt/lib/python3.12/site-packages/django/middleware/common.py", line 109, in process_response
    self.get_full_path_with_slash(request)
  File "/Users/grizzly/.pyenv/versions/mt/lib/python3.12/site-packages/django/middleware/common.py", line 87, in get_full_path_with_slash
    raise RuntimeError(
RuntimeError: You called this URL via POST, but the URL doesn't end in a slash and you have APPEND_SLASH set. Django can't redirect to the slash URL while maintaining POST data. Change your form to point to localhost:8000/api/users/refresh-token/ (note the trailing slash), or set APPEND_SLASH=False in your Django settings.
ERROR 2026-06-01 07:23:09,038 log 89752 6169899008 Internal Server Error: /api/users/refresh-token
Traceback (most recent call last):
  File "/Users/grizzly/.pyenv/versions/mt/lib/python3.12/site-packages/django/core/handlers/exception.py", line 55, in inner
    response = get_response(request)
               ^^^^^^^^^^^^^^^^^^^^^
  File "/Users/grizzly/.pyenv/versions/mt/lib/python3.12/site-packages/django/utils/deprecation.py", line 311, in __call__
    response = self.process_response(request, response)
               ^^^^^^^^^^^^^^^^^^^^^^^^^^^^^^^^^^^^^^^^
  File "/Users/grizzly/.pyenv/versions/mt/lib/python3.12/site-packages/django/middleware/common.py", line 109, in process_response
    self.get_full_path_with_slash(request)
  File "/Users/grizzly/.pyenv/versions/mt/lib/python3.12/site-packages/django/middleware/common.py", line 87, in get_full_path_with_slash
    raise RuntimeError(
RuntimeError: You called this URL via POST, but the URL doesn't end in a slash and you have APPEND_SLASH set. Django can't redirect to the slash URL while maintaining POST data. Change your form to point to localhost:8000/api/users/refresh-token/ (note the trailing slash), or set APPEND_SLASH=False in your Django settings.
ERROR 2026-06-01 07:23:09,044 log 89752 6152499200 Internal Server Error: /api/users/refresh-token
Traceback (most recent call last):
  File "/Users/grizzly/.pyenv/versions/mt/lib/python3.12/site-packages/django/core/handlers/exception.py", line 55, in inner
    response = get_response(request)
               ^^^^^^^^^^^^^^^^^^^^^
  File "/Users/grizzly/.pyenv/versions/mt/lib/python3.12/site-packages/django/utils/deprecation.py", line 311, in __call__
    response = self.process_response(request, response)
               ^^^^^^^^^^^^^^^^^^^^^^^^^^^^^^^^^^^^^^^^
  File "/Users/grizzly/.pyenv/versions/mt/lib/python3.12/site-packages/django/middleware/common.py", line 109, in process_response
    self.get_full_path_with_slash(request)
  File "/Users/grizzly/.pyenv/versions/mt/lib/python3.12/site-packages/django/middleware/common.py", line 87, in get_full_path_with_slash
    raise RuntimeError(
RuntimeError: You called this URL via POST, but the URL doesn't end in a slash and you have APPEND_SLASH set. Django can't redirect to the slash URL while maintaining POST data. Change your form to point to localhost:8000/api/users/refresh-token/ (note the trailing slash), or set APPEND_SLASH=False in your Django settings.
ERROR 2026-06-01 07:23:09,050 log 89752 6135672832 Internal Server Error: /api/users/refresh-token
Traceback (most recent call last):
  File "/Users/grizzly/.pyenv/versions/mt/lib/python3.12/site-packages/django/core/handlers/exception.py", line 55, in inner
    response = get_response(request)
               ^^^^^^^^^^^^^^^^^^^^^
  File "/Users/grizzly/.pyenv/versions/mt/lib/python3.12/site-packages/django/utils/deprecation.py", line 311, in __call__
    response = self.process_response(request, response)
               ^^^^^^^^^^^^^^^^^^^^^^^^^^^^^^^^^^^^^^^^
  File "/Users/grizzly/.pyenv/versions/mt/lib/python3.12/site-packages/django/middleware/common.py", line 109, in process_response
    self.get_full_path_with_slash(request)
  File "/Users/grizzly/.pyenv/versions/mt/lib/python3.12/site-packages/django/middleware/common.py", line 87, in get_full_path_with_slash
    raise RuntimeError(
RuntimeError: You called this URL via POST, but the URL doesn't end in a slash and you have APPEND_SLASH set. Django can't redirect to the slash URL while maintaining POST data. Change your form to point to localhost:8000/api/users/refresh-token/ (note the trailing slash), or set APPEND_SLASH=False in your Django settings.
ERROR 2026-06-01 07:23:09,056 log 89752 6203551744 Internal Server Error: /api/users/refresh-token
Traceback (most recent call last):
  File "/Users/grizzly/.pyenv/versions/mt/lib/python3.12/site-packages/django/core/handlers/exception.py", line 55, in inner
    response = get_response(request)
               ^^^^^^^^^^^^^^^^^^^^^
  File "/Users/grizzly/.pyenv/versions/mt/lib/python3.12/site-packages/django/utils/deprecation.py", line 311, in __call__
    response = self.process_response(request, response)
               ^^^^^^^^^^^^^^^^^^^^^^^^^^^^^^^^^^^^^^^^
  File "/Users/grizzly/.pyenv/versions/mt/lib/python3.12/site-packages/django/middleware/common.py", line 109, in process_response
    self.get_full_path_with_slash(request)
  File "/Users/grizzly/.pyenv/versions/mt/lib/python3.12/site-packages/django/middleware/common.py", line 87, in get_full_path_with_slash
    raise RuntimeError(
RuntimeError: You called this URL via POST, but the URL doesn't end in a slash and you have APPEND_SLASH set. Django can't redirect to the slash URL while maintaining POST data. Change your form to point to localhost:8000/api/users/refresh-token/ (note the trailing slash), or set APPEND_SLASH=False in your Django settings.
ERROR 2026-06-01 07:23:09,083 log 89752 6169899008 Internal Server Error: /api/users/refresh-token
Traceback (most recent call last):
  File "/Users/grizzly/.pyenv/versions/mt/lib/python3.12/site-packages/django/core/handlers/exception.py", line 55, in inner
    response = get_response(request)
               ^^^^^^^^^^^^^^^^^^^^^
  File "/Users/grizzly/.pyenv/versions/mt/lib/python3.12/site-packages/django/utils/deprecation.py", line 311, in __call__
    response = self.process_response(request, response)
               ^^^^^^^^^^^^^^^^^^^^^^^^^^^^^^^^^^^^^^^^
  File "/Users/grizzly/.pyenv/versions/mt/lib/python3.12/site-packages/django/middleware/common.py", line 109, in process_response
    self.get_full_path_with_slash(request)
  File "/Users/grizzly/.pyenv/versions/mt/lib/python3.12/site-packages/django/middleware/common.py", line 87, in get_full_path_with_slash
    raise RuntimeError(
RuntimeError: You called this URL via POST, but the URL doesn't end in a slash and you have APPEND_SLASH set. Django can't redirect to the slash URL while maintaining POST data. Change your form to point to localhost:8000/api/users/refresh-token/ (note the trailing slash), or set APPEND_SLASH=False in your Django settings.
ERROR 2026-06-01 07:23:09,090 log 89752 6220378112 Internal Server Error: /api/users/refresh-token
Traceback (most recent call last):
  File "/Users/grizzly/.pyenv/versions/mt/lib/python3.12/site-packages/django/core/handlers/exception.py", line 55, in inner
    response = get_response(request)
               ^^^^^^^^^^^^^^^^^^^^^
  File "/Users/grizzly/.pyenv/versions/mt/lib/python3.12/site-packages/django/utils/deprecation.py", line 311, in __call__
    response = self.process_response(request, response)
               ^^^^^^^^^^^^^^^^^^^^^^^^^^^^^^^^^^^^^^^^
  File "/Users/grizzly/.pyenv/versions/mt/lib/python3.12/site-packages/django/middleware/common.py", line 109, in process_response
    self.get_full_path_with_slash(request)
  File "/Users/grizzly/.pyenv/versions/mt/lib/python3.12/site-packages/django/middleware/common.py", line 87, in get_full_path_with_slash
    raise RuntimeError(
RuntimeError: You called this URL via POST, but the URL doesn't end in a slash and you have APPEND_SLASH set. Django can't redirect to the slash URL while maintaining POST data. Change your form to point to localhost:8000/api/users/refresh-token/ (note the trailing slash), or set APPEND_SLASH=False in your Django settings.
WARNING 2026-06-01 08:54:06,600 log 89752 6152499200 Unauthorized: /api/users/profile/
WARNING 2026-06-01 08:54:06,602 log 89752 6135672832 Unauthorized: /api/transactions/transactions/
WARNING 2026-06-01 08:54:06,611 log 89752 6152499200 Unauthorized: /api/transactions/transactions/
WARNING 2026-06-01 08:54:06,611 log 89752 6186725376 Unauthorized: /api/users/profile/
WARNING 2026-06-01 08:54:06,622 log 89752 6169899008 Unauthorized: /api/transactions/transactions/
WARNING 2026-06-01 08:54:06,625 log 89752 6135672832 Unauthorized: /api/users/profile/
WARNING 2026-06-01 08:54:06,661 log 89752 6169899008 Unauthorized: /api/transactions/transactions/
WARNING 2026-06-01 08:54:06,672 log 89752 6135672832 Unauthorized: /api/users/profile/
ERROR 2026-06-01 08:54:06,691 log 89752 6186725376 Internal Server Error: /api/users/refresh-token
Traceback (most recent call last):
  File "/Users/grizzly/.pyenv/versions/mt/lib/python3.12/site-packages/django/core/handlers/exception.py", line 55, in inner
    response = get_response(request)
               ^^^^^^^^^^^^^^^^^^^^^
  File "/Users/grizzly/.pyenv/versions/mt/lib/python3.12/site-packages/django/utils/deprecation.py", line 311, in __call__
    response = self.process_response(request, response)
               ^^^^^^^^^^^^^^^^^^^^^^^^^^^^^^^^^^^^^^^^
  File "/Users/grizzly/.pyenv/versions/mt/lib/python3.12/site-packages/django/middleware/common.py", line 109, in process_response
    self.get_full_path_with_slash(request)
  File "/Users/grizzly/.pyenv/versions/mt/lib/python3.12/site-packages/django/middleware/common.py", line 87, in get_full_path_with_slash
    raise RuntimeError(
RuntimeError: You called this URL via POST, but the URL doesn't end in a slash and you have APPEND_SLASH set. Django can't redirect to the slash URL while maintaining POST data. Change your form to point to localhost:8000/api/users/refresh-token/ (note the trailing slash), or set APPEND_SLASH=False in your Django settings.
ERROR 2026-06-01 08:54:06,713 log 89752 6203551744 Internal Server Error: /api/users/refresh-token
Traceback (most recent call last):
  File "/Users/grizzly/.pyenv/versions/mt/lib/python3.12/site-packages/django/core/handlers/exception.py", line 55, in inner
    response = get_response(request)
               ^^^^^^^^^^^^^^^^^^^^^
  File "/Users/grizzly/.pyenv/versions/mt/lib/python3.12/site-packages/django/utils/deprecation.py", line 311, in __call__
    response = self.process_response(request, response)
               ^^^^^^^^^^^^^^^^^^^^^^^^^^^^^^^^^^^^^^^^
  File "/Users/grizzly/.pyenv/versions/mt/lib/python3.12/site-packages/django/middleware/common.py", line 109, in process_response
    self.get_full_path_with_slash(request)
  File "/Users/grizzly/.pyenv/versions/mt/lib/python3.12/site-packages/django/middleware/common.py", line 87, in get_full_path_with_slash
    raise RuntimeError(
RuntimeError: You called this URL via POST, but the URL doesn't end in a slash and you have APPEND_SLASH set. Django can't redirect to the slash URL while maintaining POST data. Change your form to point to localhost:8000/api/users/refresh-token/ (note the trailing slash), or set APPEND_SLASH=False in your Django settings.
ERROR 2026-06-01 08:54:06,720 log 89752 6220378112 Internal Server Error: /api/users/refresh-token
Traceback (most recent call last):
  File "/Users/grizzly/.pyenv/versions/mt/lib/python3.12/site-packages/django/core/handlers/exception.py", line 55, in inner
    response = get_response(request)
               ^^^^^^^^^^^^^^^^^^^^^
  File "/Users/grizzly/.pyenv/versions/mt/lib/python3.12/site-packages/django/utils/deprecation.py", line 311, in __call__
    response = self.process_response(request, response)
               ^^^^^^^^^^^^^^^^^^^^^^^^^^^^^^^^^^^^^^^^
  File "/Users/grizzly/.pyenv/versions/mt/lib/python3.12/site-packages/django/middleware/common.py", line 109, in process_response
    self.get_full_path_with_slash(request)
  File "/Users/grizzly/.pyenv/versions/mt/lib/python3.12/site-packages/django/middleware/common.py", line 87, in get_full_path_with_slash
    raise RuntimeError(
RuntimeError: You called this URL via POST, but the URL doesn't end in a slash and you have APPEND_SLASH set. Django can't redirect to the slash URL while maintaining POST data. Change your form to point to localhost:8000/api/users/refresh-token/ (note the trailing slash), or set APPEND_SLASH=False in your Django settings.
ERROR 2026-06-01 08:54:06,728 log 89752 6135672832 Internal Server Error: /api/users/refresh-token
Traceback (most recent call last):
  File "/Users/grizzly/.pyenv/versions/mt/lib/python3.12/site-packages/django/core/handlers/exception.py", line 55, in inner
    response = get_response(request)
               ^^^^^^^^^^^^^^^^^^^^^
  File "/Users/grizzly/.pyenv/versions/mt/lib/python3.12/site-packages/django/utils/deprecation.py", line 311, in __call__
    response = self.process_response(request, response)
               ^^^^^^^^^^^^^^^^^^^^^^^^^^^^^^^^^^^^^^^^
  File "/Users/grizzly/.pyenv/versions/mt/lib/python3.12/site-packages/django/middleware/common.py", line 109, in process_response
    self.get_full_path_with_slash(request)
  File "/Users/grizzly/.pyenv/versions/mt/lib/python3.12/site-packages/django/middleware/common.py", line 87, in get_full_path_with_slash
    raise RuntimeError(
RuntimeError: You called this URL via POST, but the URL doesn't end in a slash and you have APPEND_SLASH set. Django can't redirect to the slash URL while maintaining POST data. Change your form to point to localhost:8000/api/users/refresh-token/ (note the trailing slash), or set APPEND_SLASH=False in your Django settings.
ERROR 2026-06-01 08:54:06,737 log 89752 6152499200 Internal Server Error: /api/users/refresh-token
Traceback (most recent call last):
  File "/Users/grizzly/.pyenv/versions/mt/lib/python3.12/site-packages/django/core/handlers/exception.py", line 55, in inner
    response = get_response(request)
               ^^^^^^^^^^^^^^^^^^^^^
  File "/Users/grizzly/.pyenv/versions/mt/lib/python3.12/site-packages/django/utils/deprecation.py", line 311, in __call__
    response = self.process_response(request, response)
               ^^^^^^^^^^^^^^^^^^^^^^^^^^^^^^^^^^^^^^^^
  File "/Users/grizzly/.pyenv/versions/mt/lib/python3.12/site-packages/django/middleware/common.py", line 109, in process_response
    self.get_full_path_with_slash(request)
  File "/Users/grizzly/.pyenv/versions/mt/lib/python3.12/site-packages/django/middleware/common.py", line 87, in get_full_path_with_slash
    raise RuntimeError(
RuntimeError: You called this URL via POST, but the URL doesn't end in a slash and you have APPEND_SLASH set. Django can't redirect to the slash URL while maintaining POST data. Change your form to point to localhost:8000/api/users/refresh-token/ (note the trailing slash), or set APPEND_SLASH=False in your Django settings.
ERROR 2026-06-01 08:54:06,756 log 89752 6169899008 Internal Server Error: /api/users/refresh-token
Traceback (most recent call last):
  File "/Users/grizzly/.pyenv/versions/mt/lib/python3.12/site-packages/django/core/handlers/exception.py", line 55, in inner
    response = get_response(request)
               ^^^^^^^^^^^^^^^^^^^^^
  File "/Users/grizzly/.pyenv/versions/mt/lib/python3.12/site-packages/django/utils/deprecation.py", line 311, in __call__
    response = self.process_response(request, response)
               ^^^^^^^^^^^^^^^^^^^^^^^^^^^^^^^^^^^^^^^^
  File "/Users/grizzly/.pyenv/versions/mt/lib/python3.12/site-packages/django/middleware/common.py", line 109, in process_response
    self.get_full_path_with_slash(request)
  File "/Users/grizzly/.pyenv/versions/mt/lib/python3.12/site-packages/django/middleware/common.py", line 87, in get_full_path_with_slash
    raise RuntimeError(
RuntimeError: You called this URL via POST, but the URL doesn't end in a slash and you have APPEND_SLASH set. Django can't redirect to the slash URL while maintaining POST data. Change your form to point to localhost:8000/api/users/refresh-token/ (note the trailing slash), or set APPEND_SLASH=False in your Django settings.
ERROR 2026-06-01 08:54:06,762 log 89752 6186725376 Internal Server Error: /api/users/refresh-token
Traceback (most recent call last):
  File "/Users/grizzly/.pyenv/versions/mt/lib/python3.12/site-packages/django/core/handlers/exception.py", line 55, in inner
    response = get_response(request)
               ^^^^^^^^^^^^^^^^^^^^^
  File "/Users/grizzly/.pyenv/versions/mt/lib/python3.12/site-packages/django/utils/deprecation.py", line 311, in __call__
    response = self.process_response(request, response)
               ^^^^^^^^^^^^^^^^^^^^^^^^^^^^^^^^^^^^^^^^
  File "/Users/grizzly/.pyenv/versions/mt/lib/python3.12/site-packages/django/middleware/common.py", line 109, in process_response
    self.get_full_path_with_slash(request)
  File "/Users/grizzly/.pyenv/versions/mt/lib/python3.12/site-packages/django/middleware/common.py", line 87, in get_full_path_with_slash
    raise RuntimeError(
RuntimeError: You called this URL via POST, but the URL doesn't end in a slash and you have APPEND_SLASH set. Django can't redirect to the slash URL while maintaining POST data. Change your form to point to localhost:8000/api/users/refresh-token/ (note the trailing slash), or set APPEND_SLASH=False in your Django settings.
ERROR 2026-06-01 08:54:06,778 log 89752 6237204480 Internal Server Error: /api/users/refresh-token
Traceback (most recent call last):
  File "/Users/grizzly/.pyenv/versions/mt/lib/python3.12/site-packages/django/core/handlers/exception.py", line 55, in inner
    response = get_response(request)
               ^^^^^^^^^^^^^^^^^^^^^
  File "/Users/grizzly/.pyenv/versions/mt/lib/python3.12/site-packages/django/utils/deprecation.py", line 311, in __call__
    response = self.process_response(request, response)
               ^^^^^^^^^^^^^^^^^^^^^^^^^^^^^^^^^^^^^^^^
  File "/Users/grizzly/.pyenv/versions/mt/lib/python3.12/site-packages/django/middleware/common.py", line 109, in process_response
    self.get_full_path_with_slash(request)
  File "/Users/grizzly/.pyenv/versions/mt/lib/python3.12/site-packages/django/middleware/common.py", line 87, in get_full_path_with_slash
    raise RuntimeError(
RuntimeError: You called this URL via POST, but the URL doesn't end in a slash and you have APPEND_SLASH set. Django can't redirect to the slash URL while maintaining POST data. Change your form to point to localhost:8000/api/users/refresh-token/ (note the trailing slash), or set APPEND_SLASH=False in your Django settings.
WARNING 2026-06-01 10:13:43,024 log 89752 6135672832 Unauthorized: /api/transactions/transactions/
WARNING 2026-06-01 10:13:43,026 log 89752 6152499200 Unauthorized: /api/users/profile/
WARNING 2026-06-01 10:13:43,030 log 89752 6135672832 Unauthorized: /api/transactions/transactions/
WARNING 2026-06-01 10:13:43,033 log 89752 6152499200 Unauthorized: /api/users/profile/
WARNING 2026-06-01 10:13:43,038 log 89752 6169899008 Unauthorized: /api/transactions/transactions/
WARNING 2026-06-01 10:13:43,045 log 89752 6135672832 Unauthorized: /api/users/profile/
WARNING 2026-06-01 10:13:43,051 log 89752 6152499200 Unauthorized: /api/transactions/transactions/
WARNING 2026-06-01 10:13:43,054 log 89752 6169899008 Unauthorized: /api/users/profile/
ERROR 2026-06-01 10:13:43,175 log 89752 6169899008 Internal Server Error: /api/users/refresh-token
Traceback (most recent call last):
  File "/Users/grizzly/.pyenv/versions/mt/lib/python3.12/site-packages/django/core/handlers/exception.py", line 55, in inner
    response = get_response(request)
               ^^^^^^^^^^^^^^^^^^^^^
  File "/Users/grizzly/.pyenv/versions/mt/lib/python3.12/site-packages/django/utils/deprecation.py", line 311, in __call__
    response = self.process_response(request, response)
               ^^^^^^^^^^^^^^^^^^^^^^^^^^^^^^^^^^^^^^^^
  File "/Users/grizzly/.pyenv/versions/mt/lib/python3.12/site-packages/django/middleware/common.py", line 109, in process_response
    self.get_full_path_with_slash(request)
  File "/Users/grizzly/.pyenv/versions/mt/lib/python3.12/site-packages/django/middleware/common.py", line 87, in get_full_path_with_slash
    raise RuntimeError(
RuntimeError: You called this URL via POST, but the URL doesn't end in a slash and you have APPEND_SLASH set. Django can't redirect to the slash URL while maintaining POST data. Change your form to point to localhost:8000/api/users/refresh-token/ (note the trailing slash), or set APPEND_SLASH=False in your Django settings.
ERROR 2026-06-01 10:13:43,182 log 89752 6220378112 Internal Server Error: /api/users/refresh-token
Traceback (most recent call last):
  File "/Users/grizzly/.pyenv/versions/mt/lib/python3.12/site-packages/django/core/handlers/exception.py", line 55, in inner
    response = get_response(request)
               ^^^^^^^^^^^^^^^^^^^^^
  File "/Users/grizzly/.pyenv/versions/mt/lib/python3.12/site-packages/django/utils/deprecation.py", line 311, in __call__
    response = self.process_response(request, response)
               ^^^^^^^^^^^^^^^^^^^^^^^^^^^^^^^^^^^^^^^^
  File "/Users/grizzly/.pyenv/versions/mt/lib/python3.12/site-packages/django/middleware/common.py", line 109, in process_response
    self.get_full_path_with_slash(request)
  File "/Users/grizzly/.pyenv/versions/mt/lib/python3.12/site-packages/django/middleware/common.py", line 87, in get_full_path_with_slash
    raise RuntimeError(
RuntimeError: You called this URL via POST, but the URL doesn't end in a slash and you have APPEND_SLASH set. Django can't redirect to the slash URL while maintaining POST data. Change your form to point to localhost:8000/api/users/refresh-token/ (note the trailing slash), or set APPEND_SLASH=False in your Django settings.
ERROR 2026-06-01 10:13:43,188 log 89752 6135672832 Internal Server Error: /api/users/refresh-token
Traceback (most recent call last):
  File "/Users/grizzly/.pyenv/versions/mt/lib/python3.12/site-packages/django/core/handlers/exception.py", line 55, in inner
    response = get_response(request)
               ^^^^^^^^^^^^^^^^^^^^^
  File "/Users/grizzly/.pyenv/versions/mt/lib/python3.12/site-packages/django/utils/deprecation.py", line 311, in __call__
    response = self.process_response(request, response)
               ^^^^^^^^^^^^^^^^^^^^^^^^^^^^^^^^^^^^^^^^
  File "/Users/grizzly/.pyenv/versions/mt/lib/python3.12/site-packages/django/middleware/common.py", line 109, in process_response
    self.get_full_path_with_slash(request)
  File "/Users/grizzly/.pyenv/versions/mt/lib/python3.12/site-packages/django/middleware/common.py", line 87, in get_full_path_with_slash
    raise RuntimeError(
RuntimeError: You called this URL via POST, but the URL doesn't end in a slash and you have APPEND_SLASH set. Django can't redirect to the slash URL while maintaining POST data. Change your form to point to localhost:8000/api/users/refresh-token/ (note the trailing slash), or set APPEND_SLASH=False in your Django settings.
ERROR 2026-06-01 10:13:43,197 log 89752 6203551744 Internal Server Error: /api/users/refresh-token
Traceback (most recent call last):
  File "/Users/grizzly/.pyenv/versions/mt/lib/python3.12/site-packages/django/core/handlers/exception.py", line 55, in inner
    response = get_response(request)
               ^^^^^^^^^^^^^^^^^^^^^
  File "/Users/grizzly/.pyenv/versions/mt/lib/python3.12/site-packages/django/utils/deprecation.py", line 311, in __call__
    response = self.process_response(request, response)
               ^^^^^^^^^^^^^^^^^^^^^^^^^^^^^^^^^^^^^^^^
  File "/Users/grizzly/.pyenv/versions/mt/lib/python3.12/site-packages/django/middleware/common.py", line 109, in process_response
    self.get_full_path_with_slash(request)
  File "/Users/grizzly/.pyenv/versions/mt/lib/python3.12/site-packages/django/middleware/common.py", line 87, in get_full_path_with_slash
    raise RuntimeError(
RuntimeError: You called this URL via POST, but the URL doesn't end in a slash and you have APPEND_SLASH set. Django can't redirect to the slash URL while maintaining POST data. Change your form to point to localhost:8000/api/users/refresh-token/ (note the trailing slash), or set APPEND_SLASH=False in your Django settings.
ERROR 2026-06-01 10:13:43,203 log 89752 6186725376 Internal Server Error: /api/users/refresh-token
Traceback (most recent call last):
  File "/Users/grizzly/.pyenv/versions/mt/lib/python3.12/site-packages/django/core/handlers/exception.py", line 55, in inner
    response = get_response(request)
               ^^^^^^^^^^^^^^^^^^^^^
  File "/Users/grizzly/.pyenv/versions/mt/lib/python3.12/site-packages/django/utils/deprecation.py", line 311, in __call__
    response = self.process_response(request, response)
               ^^^^^^^^^^^^^^^^^^^^^^^^^^^^^^^^^^^^^^^^
  File "/Users/grizzly/.pyenv/versions/mt/lib/python3.12/site-packages/django/middleware/common.py", line 109, in process_response
    self.get_full_path_with_slash(request)
  File "/Users/grizzly/.pyenv/versions/mt/lib/python3.12/site-packages/django/middleware/common.py", line 87, in get_full_path_with_slash
    raise RuntimeError(
RuntimeError: You called this URL via POST, but the URL doesn't end in a slash and you have APPEND_SLASH set. Django can't redirect to the slash URL while maintaining POST data. Change your form to point to localhost:8000/api/users/refresh-token/ (note the trailing slash), or set APPEND_SLASH=False in your Django settings.
ERROR 2026-06-01 10:13:43,209 log 89752 6152499200 Internal Server Error: /api/users/refresh-token
Traceback (most recent call last):
  File "/Users/grizzly/.pyenv/versions/mt/lib/python3.12/site-packages/django/core/handlers/exception.py", line 55, in inner
    response = get_response(request)
               ^^^^^^^^^^^^^^^^^^^^^
  File "/Users/grizzly/.pyenv/versions/mt/lib/python3.12/site-packages/django/utils/deprecation.py", line 311, in __call__
    response = self.process_response(request, response)
               ^^^^^^^^^^^^^^^^^^^^^^^^^^^^^^^^^^^^^^^^
  File "/Users/grizzly/.pyenv/versions/mt/lib/python3.12/site-packages/django/middleware/common.py", line 109, in process_response
    self.get_full_path_with_slash(request)
  File "/Users/grizzly/.pyenv/versions/mt/lib/python3.12/site-packages/django/middleware/common.py", line 87, in get_full_path_with_slash
    raise RuntimeError(
RuntimeError: You called this URL via POST, but the URL doesn't end in a slash and you have APPEND_SLASH set. Django can't redirect to the slash URL while maintaining POST data. Change your form to point to localhost:8000/api/users/refresh-token/ (note the trailing slash), or set APPEND_SLASH=False in your Django settings.
ERROR 2026-06-01 10:13:43,235 log 89752 6169899008 Internal Server Error: /api/users/refresh-token
Traceback (most recent call last):
  File "/Users/grizzly/.pyenv/versions/mt/lib/python3.12/site-packages/django/core/handlers/exception.py", line 55, in inner
    response = get_response(request)
               ^^^^^^^^^^^^^^^^^^^^^
  File "/Users/grizzly/.pyenv/versions/mt/lib/python3.12/site-packages/django/utils/deprecation.py", line 311, in __call__
    response = self.process_response(request, response)
               ^^^^^^^^^^^^^^^^^^^^^^^^^^^^^^^^^^^^^^^^
  File "/Users/grizzly/.pyenv/versions/mt/lib/python3.12/site-packages/django/middleware/common.py", line 109, in process_response
    self.get_full_path_with_slash(request)
  File "/Users/grizzly/.pyenv/versions/mt/lib/python3.12/site-packages/django/middleware/common.py", line 87, in get_full_path_with_slash
    raise RuntimeError(
RuntimeError: You called this URL via POST, but the URL doesn't end in a slash and you have APPEND_SLASH set. Django can't redirect to the slash URL while maintaining POST data. Change your form to point to localhost:8000/api/users/refresh-token/ (note the trailing slash), or set APPEND_SLASH=False in your Django settings.
ERROR 2026-06-01 10:13:43,247 log 89752 6220378112 Internal Server Error: /api/users/refresh-token
Traceback (most recent call last):
  File "/Users/grizzly/.pyenv/versions/mt/lib/python3.12/site-packages/django/core/handlers/exception.py", line 55, in inner
    response = get_response(request)
               ^^^^^^^^^^^^^^^^^^^^^
  File "/Users/grizzly/.pyenv/versions/mt/lib/python3.12/site-packages/django/utils/deprecation.py", line 311, in __call__
    response = self.process_response(request, response)
               ^^^^^^^^^^^^^^^^^^^^^^^^^^^^^^^^^^^^^^^^
  File "/Users/grizzly/.pyenv/versions/mt/lib/python3.12/site-packages/django/middleware/common.py", line 109, in process_response
    self.get_full_path_with_slash(request)
  File "/Users/grizzly/.pyenv/versions/mt/lib/python3.12/site-packages/django/middleware/common.py", line 87, in get_full_path_with_slash
    raise RuntimeError(
RuntimeError: You called this URL via POST, but the URL doesn't end in a slash and you have APPEND_SLASH set. Django can't redirect to the slash URL while maintaining POST data. Change your form to point to localhost:8000/api/users/refresh-token/ (note the trailing slash), or set APPEND_SLASH=False in your Django settings.
WARNING 2026-06-01 10:25:57,553 log 89752 6135672832 Unauthorized: /api/transactions/transactions/
WARNING 2026-06-01 10:25:57,554 log 89752 6152499200 Unauthorized: /api/users/profile/
WARNING 2026-06-01 10:25:57,557 log 89752 6135672832 Unauthorized: /api/transactions/transactions/
WARNING 2026-06-01 10:25:57,559 log 89752 6169899008 Unauthorized: /api/users/profile/
WARNING 2026-06-01 10:25:57,569 log 89752 6169899008 Unauthorized: /api/transactions/transactions/
WARNING 2026-06-01 10:25:57,577 log 89752 6135672832 Unauthorized: /api/users/profile/
WARNING 2026-06-01 10:25:57,580 log 89752 6152499200 Unauthorized: /api/transactions/transactions/
WARNING 2026-06-01 10:25:57,591 log 89752 6135672832 Unauthorized: /api/users/profile/
ERROR 2026-06-01 10:25:57,657 log 89752 6203551744 Internal Server Error: /api/users/refresh-token
Traceback (most recent call last):
  File "/Users/grizzly/.pyenv/versions/mt/lib/python3.12/site-packages/django/core/handlers/exception.py", line 55, in inner
    response = get_response(request)
               ^^^^^^^^^^^^^^^^^^^^^
  File "/Users/grizzly/.pyenv/versions/mt/lib/python3.12/site-packages/django/utils/deprecation.py", line 311, in __call__
    response = self.process_response(request, response)
               ^^^^^^^^^^^^^^^^^^^^^^^^^^^^^^^^^^^^^^^^
  File "/Users/grizzly/.pyenv/versions/mt/lib/python3.12/site-packages/django/middleware/common.py", line 109, in process_response
    self.get_full_path_with_slash(request)
  File "/Users/grizzly/.pyenv/versions/mt/lib/python3.12/site-packages/django/middleware/common.py", line 87, in get_full_path_with_slash
    raise RuntimeError(
RuntimeError: You called this URL via POST, but the URL doesn't end in a slash and you have APPEND_SLASH set. Django can't redirect to the slash URL while maintaining POST data. Change your form to point to localhost:8000/api/users/refresh-token/ (note the trailing slash), or set APPEND_SLASH=False in your Django settings.
ERROR 2026-06-01 10:25:57,668 log 89752 6152499200 Internal Server Error: /api/users/refresh-token
Traceback (most recent call last):
  File "/Users/grizzly/.pyenv/versions/mt/lib/python3.12/site-packages/django/core/handlers/exception.py", line 55, in inner
    response = get_response(request)
               ^^^^^^^^^^^^^^^^^^^^^
  File "/Users/grizzly/.pyenv/versions/mt/lib/python3.12/site-packages/django/utils/deprecation.py", line 311, in __call__
    response = self.process_response(request, response)
               ^^^^^^^^^^^^^^^^^^^^^^^^^^^^^^^^^^^^^^^^
  File "/Users/grizzly/.pyenv/versions/mt/lib/python3.12/site-packages/django/middleware/common.py", line 109, in process_response
    self.get_full_path_with_slash(request)
  File "/Users/grizzly/.pyenv/versions/mt/lib/python3.12/site-packages/django/middleware/common.py", line 87, in get_full_path_with_slash
    raise RuntimeError(
RuntimeError: You called this URL via POST, but the URL doesn't end in a slash and you have APPEND_SLASH set. Django can't redirect to the slash URL while maintaining POST data. Change your form to point to localhost:8000/api/users/refresh-token/ (note the trailing slash), or set APPEND_SLASH=False in your Django settings.
ERROR 2026-06-01 10:25:57,674 log 89752 6135672832 Internal Server Error: /api/users/refresh-token
Traceback (most recent call last):
  File "/Users/grizzly/.pyenv/versions/mt/lib/python3.12/site-packages/django/core/handlers/exception.py", line 55, in inner
    response = get_response(request)
               ^^^^^^^^^^^^^^^^^^^^^
  File "/Users/grizzly/.pyenv/versions/mt/lib/python3.12/site-packages/django/utils/deprecation.py", line 311, in __call__
    response = self.process_response(request, response)
               ^^^^^^^^^^^^^^^^^^^^^^^^^^^^^^^^^^^^^^^^
  File "/Users/grizzly/.pyenv/versions/mt/lib/python3.12/site-packages/django/middleware/common.py", line 109, in process_response
    self.get_full_path_with_slash(request)
  File "/Users/grizzly/.pyenv/versions/mt/lib/python3.12/site-packages/django/middleware/common.py", line 87, in get_full_path_with_slash
    raise RuntimeError(
RuntimeError: You called this URL via POST, but the URL doesn't end in a slash and you have APPEND_SLASH set. Django can't redirect to the slash URL while maintaining POST data. Change your form to point to localhost:8000/api/users/refresh-token/ (note the trailing slash), or set APPEND_SLASH=False in your Django settings.
ERROR 2026-06-01 10:25:57,682 log 89752 6186725376 Internal Server Error: /api/users/refresh-token
Traceback (most recent call last):
  File "/Users/grizzly/.pyenv/versions/mt/lib/python3.12/site-packages/django/core/handlers/exception.py", line 55, in inner
    response = get_response(request)
               ^^^^^^^^^^^^^^^^^^^^^
  File "/Users/grizzly/.pyenv/versions/mt/lib/python3.12/site-packages/django/utils/deprecation.py", line 311, in __call__
    response = self.process_response(request, response)
               ^^^^^^^^^^^^^^^^^^^^^^^^^^^^^^^^^^^^^^^^
  File "/Users/grizzly/.pyenv/versions/mt/lib/python3.12/site-packages/django/middleware/common.py", line 109, in process_response
    self.get_full_path_with_slash(request)
  File "/Users/grizzly/.pyenv/versions/mt/lib/python3.12/site-packages/django/middleware/common.py", line 87, in get_full_path_with_slash
    raise RuntimeError(
RuntimeError: You called this URL via POST, but the URL doesn't end in a slash and you have APPEND_SLASH set. Django can't redirect to the slash URL while maintaining POST data. Change your form to point to localhost:8000/api/users/refresh-token/ (note the trailing slash), or set APPEND_SLASH=False in your Django settings.
ERROR 2026-06-01 10:25:57,691 log 89752 6169899008 Internal Server Error: /api/users/refresh-token
Traceback (most recent call last):
  File "/Users/grizzly/.pyenv/versions/mt/lib/python3.12/site-packages/django/core/handlers/exception.py", line 55, in inner
    response = get_response(request)
               ^^^^^^^^^^^^^^^^^^^^^
  File "/Users/grizzly/.pyenv/versions/mt/lib/python3.12/site-packages/django/utils/deprecation.py", line 311, in __call__
    response = self.process_response(request, response)
               ^^^^^^^^^^^^^^^^^^^^^^^^^^^^^^^^^^^^^^^^
  File "/Users/grizzly/.pyenv/versions/mt/lib/python3.12/site-packages/django/middleware/common.py", line 109, in process_response
    self.get_full_path_with_slash(request)
  File "/Users/grizzly/.pyenv/versions/mt/lib/python3.12/site-packages/django/middleware/common.py", line 87, in get_full_path_with_slash
    raise RuntimeError(
RuntimeError: You called this URL via POST, but the URL doesn't end in a slash and you have APPEND_SLASH set. Django can't redirect to the slash URL while maintaining POST data. Change your form to point to localhost:8000/api/users/refresh-token/ (note the trailing slash), or set APPEND_SLASH=False in your Django settings.
ERROR 2026-06-01 10:25:57,703 log 89752 6220378112 Internal Server Error: /api/users/refresh-token
Traceback (most recent call last):
  File "/Users/grizzly/.pyenv/versions/mt/lib/python3.12/site-packages/django/core/handlers/exception.py", line 55, in inner
    response = get_response(request)
               ^^^^^^^^^^^^^^^^^^^^^
  File "/Users/grizzly/.pyenv/versions/mt/lib/python3.12/site-packages/django/utils/deprecation.py", line 311, in __call__
    response = self.process_response(request, response)
               ^^^^^^^^^^^^^^^^^^^^^^^^^^^^^^^^^^^^^^^^
  File "/Users/grizzly/.pyenv/versions/mt/lib/python3.12/site-packages/django/middleware/common.py", line 109, in process_response
    self.get_full_path_with_slash(request)
  File "/Users/grizzly/.pyenv/versions/mt/lib/python3.12/site-packages/django/middleware/common.py", line 87, in get_full_path_with_slash
    raise RuntimeError(
RuntimeError: You called this URL via POST, but the URL doesn't end in a slash and you have APPEND_SLASH set. Django can't redirect to the slash URL while maintaining POST data. Change your form to point to localhost:8000/api/users/refresh-token/ (note the trailing slash), or set APPEND_SLASH=False in your Django settings.
ERROR 2026-06-01 10:25:57,728 log 89752 6203551744 Internal Server Error: /api/users/refresh-token
Traceback (most recent call last):
  File "/Users/grizzly/.pyenv/versions/mt/lib/python3.12/site-packages/django/core/handlers/exception.py", line 55, in inner
    response = get_response(request)
               ^^^^^^^^^^^^^^^^^^^^^
  File "/Users/grizzly/.pyenv/versions/mt/lib/python3.12/site-packages/django/utils/deprecation.py", line 311, in __call__
    response = self.process_response(request, response)
               ^^^^^^^^^^^^^^^^^^^^^^^^^^^^^^^^^^^^^^^^
  File "/Users/grizzly/.pyenv/versions/mt/lib/python3.12/site-packages/django/middleware/common.py", line 109, in process_response
    self.get_full_path_with_slash(request)
  File "/Users/grizzly/.pyenv/versions/mt/lib/python3.12/site-packages/django/middleware/common.py", line 87, in get_full_path_with_slash
    raise RuntimeError(
RuntimeError: You called this URL via POST, but the URL doesn't end in a slash and you have APPEND_SLASH set. Django can't redirect to the slash URL while maintaining POST data. Change your form to point to localhost:8000/api/users/refresh-token/ (note the trailing slash), or set APPEND_SLASH=False in your Django settings.
ERROR 2026-06-01 10:25:57,734 log 89752 6152499200 Internal Server Error: /api/users/refresh-token
Traceback (most recent call last):
  File "/Users/grizzly/.pyenv/versions/mt/lib/python3.12/site-packages/django/core/handlers/exception.py", line 55, in inner
    response = get_response(request)
               ^^^^^^^^^^^^^^^^^^^^^
  File "/Users/grizzly/.pyenv/versions/mt/lib/python3.12/site-packages/django/utils/deprecation.py", line 311, in __call__
    response = self.process_response(request, response)
               ^^^^^^^^^^^^^^^^^^^^^^^^^^^^^^^^^^^^^^^^
  File "/Users/grizzly/.pyenv/versions/mt/lib/python3.12/site-packages/django/middleware/common.py", line 109, in process_response
    self.get_full_path_with_slash(request)
  File "/Users/grizzly/.pyenv/versions/mt/lib/python3.12/site-packages/django/middleware/common.py", line 87, in get_full_path_with_slash
    raise RuntimeError(
RuntimeError: You called this URL via POST, but the URL doesn't end in a slash and you have APPEND_SLASH set. Django can't redirect to the slash URL while maintaining POST data. Change your form to point to localhost:8000/api/users/refresh-token/ (note the trailing slash), or set APPEND_SLASH=False in your Django settings.
WARNING 2026-06-01 11:22:00,553 log 89752 6152499200 Unauthorized: /api/users/profile/
WARNING 2026-06-01 11:22:00,554 log 89752 6135672832 Unauthorized: /api/transactions/transactions/
WARNING 2026-06-01 11:22:00,557 log 89752 6152499200 Unauthorized: /api/users/profile/
WARNING 2026-06-01 11:22:00,558 log 89752 6169899008 Unauthorized: /api/transactions/transactions/
WARNING 2026-06-01 11:22:00,563 log 89752 6135672832 Unauthorized: /api/users/profile/
WARNING 2026-06-01 11:22:00,564 log 89752 6152499200 Unauthorized: /api/transactions/transactions/
WARNING 2026-06-01 11:22:00,571 log 89752 6169899008 Unauthorized: /api/transactions/transactions/
WARNING 2026-06-01 11:22:00,571 log 89752 6152499200 Unauthorized: /api/users/profile/
ERROR 2026-06-01 11:22:00,627 log 89752 6186725376 Internal Server Error: /api/users/refresh-token
Traceback (most recent call last):
  File "/Users/grizzly/.pyenv/versions/mt/lib/python3.12/site-packages/django/core/handlers/exception.py", line 55, in inner
    response = get_response(request)
               ^^^^^^^^^^^^^^^^^^^^^
  File "/Users/grizzly/.pyenv/versions/mt/lib/python3.12/site-packages/django/utils/deprecation.py", line 311, in __call__
    response = self.process_response(request, response)
               ^^^^^^^^^^^^^^^^^^^^^^^^^^^^^^^^^^^^^^^^
  File "/Users/grizzly/.pyenv/versions/mt/lib/python3.12/site-packages/django/middleware/common.py", line 109, in process_response
    self.get_full_path_with_slash(request)
  File "/Users/grizzly/.pyenv/versions/mt/lib/python3.12/site-packages/django/middleware/common.py", line 87, in get_full_path_with_slash
    raise RuntimeError(
RuntimeError: You called this URL via POST, but the URL doesn't end in a slash and you have APPEND_SLASH set. Django can't redirect to the slash URL while maintaining POST data. Change your form to point to localhost:8000/api/users/refresh-token/ (note the trailing slash), or set APPEND_SLASH=False in your Django settings.
ERROR 2026-06-01 11:22:00,633 log 89752 6152499200 Internal Server Error: /api/users/refresh-token
Traceback (most recent call last):
  File "/Users/grizzly/.pyenv/versions/mt/lib/python3.12/site-packages/django/core/handlers/exception.py", line 55, in inner
    response = get_response(request)
               ^^^^^^^^^^^^^^^^^^^^^
  File "/Users/grizzly/.pyenv/versions/mt/lib/python3.12/site-packages/django/utils/deprecation.py", line 311, in __call__
    response = self.process_response(request, response)
               ^^^^^^^^^^^^^^^^^^^^^^^^^^^^^^^^^^^^^^^^
  File "/Users/grizzly/.pyenv/versions/mt/lib/python3.12/site-packages/django/middleware/common.py", line 109, in process_response
    self.get_full_path_with_slash(request)
  File "/Users/grizzly/.pyenv/versions/mt/lib/python3.12/site-packages/django/middleware/common.py", line 87, in get_full_path_with_slash
    raise RuntimeError(
RuntimeError: You called this URL via POST, but the URL doesn't end in a slash and you have APPEND_SLASH set. Django can't redirect to the slash URL while maintaining POST data. Change your form to point to localhost:8000/api/users/refresh-token/ (note the trailing slash), or set APPEND_SLASH=False in your Django settings.
ERROR 2026-06-01 11:22:00,642 log 89752 6169899008 Internal Server Error: /api/users/refresh-token
Traceback (most recent call last):
  File "/Users/grizzly/.pyenv/versions/mt/lib/python3.12/site-packages/django/core/handlers/exception.py", line 55, in inner
    response = get_response(request)
               ^^^^^^^^^^^^^^^^^^^^^
  File "/Users/grizzly/.pyenv/versions/mt/lib/python3.12/site-packages/django/utils/deprecation.py", line 311, in __call__
    response = self.process_response(request, response)
               ^^^^^^^^^^^^^^^^^^^^^^^^^^^^^^^^^^^^^^^^
  File "/Users/grizzly/.pyenv/versions/mt/lib/python3.12/site-packages/django/middleware/common.py", line 109, in process_response
    self.get_full_path_with_slash(request)
  File "/Users/grizzly/.pyenv/versions/mt/lib/python3.12/site-packages/django/middleware/common.py", line 87, in get_full_path_with_slash
    raise RuntimeError(
RuntimeError: You called this URL via POST, but the URL doesn't end in a slash and you have APPEND_SLASH set. Django can't redirect to the slash URL while maintaining POST data. Change your form to point to localhost:8000/api/users/refresh-token/ (note the trailing slash), or set APPEND_SLASH=False in your Django settings.
ERROR 2026-06-01 11:22:00,648 log 89752 6203551744 Internal Server Error: /api/users/refresh-token
Traceback (most recent call last):
  File "/Users/grizzly/.pyenv/versions/mt/lib/python3.12/site-packages/django/core/handlers/exception.py", line 55, in inner
    response = get_response(request)
               ^^^^^^^^^^^^^^^^^^^^^
  File "/Users/grizzly/.pyenv/versions/mt/lib/python3.12/site-packages/django/utils/deprecation.py", line 311, in __call__
    response = self.process_response(request, response)
               ^^^^^^^^^^^^^^^^^^^^^^^^^^^^^^^^^^^^^^^^
  File "/Users/grizzly/.pyenv/versions/mt/lib/python3.12/site-packages/django/middleware/common.py", line 109, in process_response
    self.get_full_path_with_slash(request)
  File "/Users/grizzly/.pyenv/versions/mt/lib/python3.12/site-packages/django/middleware/common.py", line 87, in get_full_path_with_slash
    raise RuntimeError(
RuntimeError: You called this URL via POST, but the URL doesn't end in a slash and you have APPEND_SLASH set. Django can't redirect to the slash URL while maintaining POST data. Change your form to point to localhost:8000/api/users/refresh-token/ (note the trailing slash), or set APPEND_SLASH=False in your Django settings.
ERROR 2026-06-01 11:22:00,655 log 89752 6135672832 Internal Server Error: /api/users/refresh-token
Traceback (most recent call last):
  File "/Users/grizzly/.pyenv/versions/mt/lib/python3.12/site-packages/django/core/handlers/exception.py", line 55, in inner
    response = get_response(request)
               ^^^^^^^^^^^^^^^^^^^^^
  File "/Users/grizzly/.pyenv/versions/mt/lib/python3.12/site-packages/django/utils/deprecation.py", line 311, in __call__
    response = self.process_response(request, response)
               ^^^^^^^^^^^^^^^^^^^^^^^^^^^^^^^^^^^^^^^^
  File "/Users/grizzly/.pyenv/versions/mt/lib/python3.12/site-packages/django/middleware/common.py", line 109, in process_response
    self.get_full_path_with_slash(request)
  File "/Users/grizzly/.pyenv/versions/mt/lib/python3.12/site-packages/django/middleware/common.py", line 87, in get_full_path_with_slash
    raise RuntimeError(
RuntimeError: You called this URL via POST, but the URL doesn't end in a slash and you have APPEND_SLASH set. Django can't redirect to the slash URL while maintaining POST data. Change your form to point to localhost:8000/api/users/refresh-token/ (note the trailing slash), or set APPEND_SLASH=False in your Django settings.
ERROR 2026-06-01 11:22:00,662 log 89752 6220378112 Internal Server Error: /api/users/refresh-token
Traceback (most recent call last):
  File "/Users/grizzly/.pyenv/versions/mt/lib/python3.12/site-packages/django/core/handlers/exception.py", line 55, in inner
    response = get_response(request)
               ^^^^^^^^^^^^^^^^^^^^^
  File "/Users/grizzly/.pyenv/versions/mt/lib/python3.12/site-packages/django/utils/deprecation.py", line 311, in __call__
    response = self.process_response(request, response)
               ^^^^^^^^^^^^^^^^^^^^^^^^^^^^^^^^^^^^^^^^
  File "/Users/grizzly/.pyenv/versions/mt/lib/python3.12/site-packages/django/middleware/common.py", line 109, in process_response
    self.get_full_path_with_slash(request)
  File "/Users/grizzly/.pyenv/versions/mt/lib/python3.12/site-packages/django/middleware/common.py", line 87, in get_full_path_with_slash
    raise RuntimeError(
RuntimeError: You called this URL via POST, but the URL doesn't end in a slash and you have APPEND_SLASH set. Django can't redirect to the slash URL while maintaining POST data. Change your form to point to localhost:8000/api/users/refresh-token/ (note the trailing slash), or set APPEND_SLASH=False in your Django settings.
ERROR 2026-06-01 11:22:00,685 log 89752 6152499200 Internal Server Error: /api/users/refresh-token
Traceback (most recent call last):
  File "/Users/grizzly/.pyenv/versions/mt/lib/python3.12/site-packages/django/core/handlers/exception.py", line 55, in inner
    response = get_response(request)
               ^^^^^^^^^^^^^^^^^^^^^
  File "/Users/grizzly/.pyenv/versions/mt/lib/python3.12/site-packages/django/utils/deprecation.py", line 311, in __call__
    response = self.process_response(request, response)
               ^^^^^^^^^^^^^^^^^^^^^^^^^^^^^^^^^^^^^^^^
  File "/Users/grizzly/.pyenv/versions/mt/lib/python3.12/site-packages/django/middleware/common.py", line 109, in process_response
    self.get_full_path_with_slash(request)
  File "/Users/grizzly/.pyenv/versions/mt/lib/python3.12/site-packages/django/middleware/common.py", line 87, in get_full_path_with_slash
    raise RuntimeError(
RuntimeError: You called this URL via POST, but the URL doesn't end in a slash and you have APPEND_SLASH set. Django can't redirect to the slash URL while maintaining POST data. Change your form to point to localhost:8000/api/users/refresh-token/ (note the trailing slash), or set APPEND_SLASH=False in your Django settings.
ERROR 2026-06-01 11:22:00,691 log 89752 6186725376 Internal Server Error: /api/users/refresh-token
Traceback (most recent call last):
  File "/Users/grizzly/.pyenv/versions/mt/lib/python3.12/site-packages/django/core/handlers/exception.py", line 55, in inner
    response = get_response(request)
               ^^^^^^^^^^^^^^^^^^^^^
  File "/Users/grizzly/.pyenv/versions/mt/lib/python3.12/site-packages/django/utils/deprecation.py", line 311, in __call__
    response = self.process_response(request, response)
               ^^^^^^^^^^^^^^^^^^^^^^^^^^^^^^^^^^^^^^^^
  File "/Users/grizzly/.pyenv/versions/mt/lib/python3.12/site-packages/django/middleware/common.py", line 109, in process_response
    self.get_full_path_with_slash(request)
  File "/Users/grizzly/.pyenv/versions/mt/lib/python3.12/site-packages/django/middleware/common.py", line 87, in get_full_path_with_slash
    raise RuntimeError(
RuntimeError: You called this URL via POST, but the URL doesn't end in a slash and you have APPEND_SLASH set. Django can't redirect to the slash URL while maintaining POST data. Change your form to point to localhost:8000/api/users/refresh-token/ (note the trailing slash), or set APPEND_SLASH=False in your Django settings.
WARNING 2026-06-01 11:26:59,559 log 89752 6152499200 Unauthorized: /api/users/profile/
WARNING 2026-06-01 11:26:59,560 log 89752 6135672832 Unauthorized: /api/transactions/transactions/
WARNING 2026-06-01 11:26:59,574 log 89752 6152499200 Unauthorized: /api/users/profile/
WARNING 2026-06-01 11:26:59,574 log 89752 6169899008 Unauthorized: /api/transactions/transactions/
WARNING 2026-06-01 11:26:59,583 log 89752 6135672832 Unauthorized: /api/users/profile/
WARNING 2026-06-01 11:26:59,594 log 89752 6152499200 Unauthorized: /api/transactions/transactions/
WARNING 2026-06-01 11:26:59,606 log 89752 6169899008 Unauthorized: /api/users/profile/
WARNING 2026-06-01 11:26:59,613 log 89752 6203551744 Unauthorized: /api/transactions/transactions/
ERROR 2026-06-01 11:26:59,662 log 89752 6135672832 Internal Server Error: /api/users/refresh-token
Traceback (most recent call last):
  File "/Users/grizzly/.pyenv/versions/mt/lib/python3.12/site-packages/django/core/handlers/exception.py", line 55, in inner
    response = get_response(request)
               ^^^^^^^^^^^^^^^^^^^^^
  File "/Users/grizzly/.pyenv/versions/mt/lib/python3.12/site-packages/django/utils/deprecation.py", line 311, in __call__
    response = self.process_response(request, response)
               ^^^^^^^^^^^^^^^^^^^^^^^^^^^^^^^^^^^^^^^^
  File "/Users/grizzly/.pyenv/versions/mt/lib/python3.12/site-packages/django/middleware/common.py", line 109, in process_response
    self.get_full_path_with_slash(request)
  File "/Users/grizzly/.pyenv/versions/mt/lib/python3.12/site-packages/django/middleware/common.py", line 87, in get_full_path_with_slash
    raise RuntimeError(
RuntimeError: You called this URL via POST, but the URL doesn't end in a slash and you have APPEND_SLASH set. Django can't redirect to the slash URL while maintaining POST data. Change your form to point to localhost:8000/api/users/refresh-token/ (note the trailing slash), or set APPEND_SLASH=False in your Django settings.
ERROR 2026-06-01 11:26:59,675 log 89752 6152499200 Internal Server Error: /api/users/refresh-token
Traceback (most recent call last):
  File "/Users/grizzly/.pyenv/versions/mt/lib/python3.12/site-packages/django/core/handlers/exception.py", line 55, in inner
    response = get_response(request)
               ^^^^^^^^^^^^^^^^^^^^^
  File "/Users/grizzly/.pyenv/versions/mt/lib/python3.12/site-packages/django/utils/deprecation.py", line 311, in __call__
    response = self.process_response(request, response)
               ^^^^^^^^^^^^^^^^^^^^^^^^^^^^^^^^^^^^^^^^
  File "/Users/grizzly/.pyenv/versions/mt/lib/python3.12/site-packages/django/middleware/common.py", line 109, in process_response
    self.get_full_path_with_slash(request)
  File "/Users/grizzly/.pyenv/versions/mt/lib/python3.12/site-packages/django/middleware/common.py", line 87, in get_full_path_with_slash
    raise RuntimeError(
RuntimeError: You called this URL via POST, but the URL doesn't end in a slash and you have APPEND_SLASH set. Django can't redirect to the slash URL while maintaining POST data. Change your form to point to localhost:8000/api/users/refresh-token/ (note the trailing slash), or set APPEND_SLASH=False in your Django settings.
ERROR 2026-06-01 11:26:59,692 log 89752 6220378112 Internal Server Error: /api/users/refresh-token
Traceback (most recent call last):
  File "/Users/grizzly/.pyenv/versions/mt/lib/python3.12/site-packages/django/core/handlers/exception.py", line 55, in inner
    response = get_response(request)
               ^^^^^^^^^^^^^^^^^^^^^
  File "/Users/grizzly/.pyenv/versions/mt/lib/python3.12/site-packages/django/utils/deprecation.py", line 311, in __call__
    response = self.process_response(request, response)
               ^^^^^^^^^^^^^^^^^^^^^^^^^^^^^^^^^^^^^^^^
  File "/Users/grizzly/.pyenv/versions/mt/lib/python3.12/site-packages/django/middleware/common.py", line 109, in process_response
    self.get_full_path_with_slash(request)
  File "/Users/grizzly/.pyenv/versions/mt/lib/python3.12/site-packages/django/middleware/common.py", line 87, in get_full_path_with_slash
    raise RuntimeError(
RuntimeError: You called this URL via POST, but the URL doesn't end in a slash and you have APPEND_SLASH set. Django can't redirect to the slash URL while maintaining POST data. Change your form to point to localhost:8000/api/users/refresh-token/ (note the trailing slash), or set APPEND_SLASH=False in your Django settings.
ERROR 2026-06-01 11:26:59,695 log 89752 6186725376 Internal Server Error: /api/users/refresh-token
Traceback (most recent call last):
  File "/Users/grizzly/.pyenv/versions/mt/lib/python3.12/site-packages/django/core/handlers/exception.py", line 55, in inner
    response = get_response(request)
               ^^^^^^^^^^^^^^^^^^^^^
  File "/Users/grizzly/.pyenv/versions/mt/lib/python3.12/site-packages/django/utils/deprecation.py", line 311, in __call__
    response = self.process_response(request, response)
               ^^^^^^^^^^^^^^^^^^^^^^^^^^^^^^^^^^^^^^^^
  File "/Users/grizzly/.pyenv/versions/mt/lib/python3.12/site-packages/django/middleware/common.py", line 109, in process_response
    self.get_full_path_with_slash(request)
  File "/Users/grizzly/.pyenv/versions/mt/lib/python3.12/site-packages/django/middleware/common.py", line 87, in get_full_path_with_slash
    raise RuntimeError(
RuntimeError: You called this URL via POST, but the URL doesn't end in a slash and you have APPEND_SLASH set. Django can't redirect to the slash URL while maintaining POST data. Change your form to point to localhost:8000/api/users/refresh-token/ (note the trailing slash), or set APPEND_SLASH=False in your Django settings.
ERROR 2026-06-01 11:26:59,706 log 89752 6169899008 Internal Server Error: /api/users/refresh-token
Traceback (most recent call last):
  File "/Users/grizzly/.pyenv/versions/mt/lib/python3.12/site-packages/django/core/handlers/exception.py", line 55, in inner
    response = get_response(request)
               ^^^^^^^^^^^^^^^^^^^^^
  File "/Users/grizzly/.pyenv/versions/mt/lib/python3.12/site-packages/django/utils/deprecation.py", line 311, in __call__
    response = self.process_response(request, response)
               ^^^^^^^^^^^^^^^^^^^^^^^^^^^^^^^^^^^^^^^^
  File "/Users/grizzly/.pyenv/versions/mt/lib/python3.12/site-packages/django/middleware/common.py", line 109, in process_response
    self.get_full_path_with_slash(request)
  File "/Users/grizzly/.pyenv/versions/mt/lib/python3.12/site-packages/django/middleware/common.py", line 87, in get_full_path_with_slash
    raise RuntimeError(
RuntimeError: You called this URL via POST, but the URL doesn't end in a slash and you have APPEND_SLASH set. Django can't redirect to the slash URL while maintaining POST data. Change your form to point to localhost:8000/api/users/refresh-token/ (note the trailing slash), or set APPEND_SLASH=False in your Django settings.
ERROR 2026-06-01 11:26:59,712 log 89752 6203551744 Internal Server Error: /api/users/refresh-token
Traceback (most recent call last):
  File "/Users/grizzly/.pyenv/versions/mt/lib/python3.12/site-packages/django/core/handlers/exception.py", line 55, in inner
    response = get_response(request)
               ^^^^^^^^^^^^^^^^^^^^^
  File "/Users/grizzly/.pyenv/versions/mt/lib/python3.12/site-packages/django/utils/deprecation.py", line 311, in __call__
    response = self.process_response(request, response)
               ^^^^^^^^^^^^^^^^^^^^^^^^^^^^^^^^^^^^^^^^
  File "/Users/grizzly/.pyenv/versions/mt/lib/python3.12/site-packages/django/middleware/common.py", line 109, in process_response
    self.get_full_path_with_slash(request)
  File "/Users/grizzly/.pyenv/versions/mt/lib/python3.12/site-packages/django/middleware/common.py", line 87, in get_full_path_with_slash
    raise RuntimeError(
RuntimeError: You called this URL via POST, but the URL doesn't end in a slash and you have APPEND_SLASH set. Django can't redirect to the slash URL while maintaining POST data. Change your form to point to localhost:8000/api/users/refresh-token/ (note the trailing slash), or set APPEND_SLASH=False in your Django settings.
ERROR 2026-06-01 11:26:59,735 log 89752 6135672832 Internal Server Error: /api/users/refresh-token
Traceback (most recent call last):
  File "/Users/grizzly/.pyenv/versions/mt/lib/python3.12/site-packages/django/core/handlers/exception.py", line 55, in inner
    response = get_response(request)
               ^^^^^^^^^^^^^^^^^^^^^
  File "/Users/grizzly/.pyenv/versions/mt/lib/python3.12/site-packages/django/utils/deprecation.py", line 311, in __call__
    response = self.process_response(request, response)
               ^^^^^^^^^^^^^^^^^^^^^^^^^^^^^^^^^^^^^^^^
  File "/Users/grizzly/.pyenv/versions/mt/lib/python3.12/site-packages/django/middleware/common.py", line 109, in process_response
    self.get_full_path_with_slash(request)
  File "/Users/grizzly/.pyenv/versions/mt/lib/python3.12/site-packages/django/middleware/common.py", line 87, in get_full_path_with_slash
    raise RuntimeError(
RuntimeError: You called this URL via POST, but the URL doesn't end in a slash and you have APPEND_SLASH set. Django can't redirect to the slash URL while maintaining POST data. Change your form to point to localhost:8000/api/users/refresh-token/ (note the trailing slash), or set APPEND_SLASH=False in your Django settings.
ERROR 2026-06-01 11:26:59,742 log 89752 6220378112 Internal Server Error: /api/users/refresh-token
Traceback (most recent call last):
  File "/Users/grizzly/.pyenv/versions/mt/lib/python3.12/site-packages/django/core/handlers/exception.py", line 55, in inner
    response = get_response(request)
               ^^^^^^^^^^^^^^^^^^^^^
  File "/Users/grizzly/.pyenv/versions/mt/lib/python3.12/site-packages/django/utils/deprecation.py", line 311, in __call__
    response = self.process_response(request, response)
               ^^^^^^^^^^^^^^^^^^^^^^^^^^^^^^^^^^^^^^^^
  File "/Users/grizzly/.pyenv/versions/mt/lib/python3.12/site-packages/django/middleware/common.py", line 109, in process_response
    self.get_full_path_with_slash(request)
  File "/Users/grizzly/.pyenv/versions/mt/lib/python3.12/site-packages/django/middleware/common.py", line 87, in get_full_path_with_slash
    raise RuntimeError(
RuntimeError: You called this URL via POST, but the URL doesn't end in a slash and you have APPEND_SLASH set. Django can't redirect to the slash URL while maintaining POST data. Change your form to point to localhost:8000/api/users/refresh-token/ (note the trailing slash), or set APPEND_SLASH=False in your Django settings.
WARNING 2026-06-01 12:33:40,638 log 89752 6135672832 Unauthorized: /api/transactions/transactions/
WARNING 2026-06-01 12:33:40,645 log 89752 6152499200 Unauthorized: /api/transactions/transactions/
WARNING 2026-06-01 12:33:40,647 log 89752 6169899008 Unauthorized: /api/users/profile/
WARNING 2026-06-01 12:33:40,651 log 89752 6152499200 Unauthorized: /api/users/profile/
WARNING 2026-06-01 12:33:40,652 log 89752 6169899008 Unauthorized: /api/transactions/transactions/
WARNING 2026-06-01 12:33:40,665 log 89752 6135672832 Unauthorized: /api/users/profile/
WARNING 2026-06-01 12:33:40,667 log 89752 6186725376 Unauthorized: /api/transactions/transactions/
WARNING 2026-06-01 12:33:40,685 log 89752 6169899008 Unauthorized: /api/users/profile/
ERROR 2026-06-01 12:33:40,736 log 89752 6203551744 Internal Server Error: /api/users/refresh-token
Traceback (most recent call last):
  File "/Users/grizzly/.pyenv/versions/mt/lib/python3.12/site-packages/django/core/handlers/exception.py", line 55, in inner
    response = get_response(request)
               ^^^^^^^^^^^^^^^^^^^^^
  File "/Users/grizzly/.pyenv/versions/mt/lib/python3.12/site-packages/django/utils/deprecation.py", line 311, in __call__
    response = self.process_response(request, response)
               ^^^^^^^^^^^^^^^^^^^^^^^^^^^^^^^^^^^^^^^^
  File "/Users/grizzly/.pyenv/versions/mt/lib/python3.12/site-packages/django/middleware/common.py", line 109, in process_response
    self.get_full_path_with_slash(request)
  File "/Users/grizzly/.pyenv/versions/mt/lib/python3.12/site-packages/django/middleware/common.py", line 87, in get_full_path_with_slash
    raise RuntimeError(
RuntimeError: You called this URL via POST, but the URL doesn't end in a slash and you have APPEND_SLASH set. Django can't redirect to the slash URL while maintaining POST data. Change your form to point to localhost:8000/api/users/refresh-token/ (note the trailing slash), or set APPEND_SLASH=False in your Django settings.
ERROR 2026-06-01 12:33:40,746 log 89752 6169899008 Internal Server Error: /api/users/refresh-token
Traceback (most recent call last):
  File "/Users/grizzly/.pyenv/versions/mt/lib/python3.12/site-packages/django/core/handlers/exception.py", line 55, in inner
    response = get_response(request)
               ^^^^^^^^^^^^^^^^^^^^^
  File "/Users/grizzly/.pyenv/versions/mt/lib/python3.12/site-packages/django/utils/deprecation.py", line 311, in __call__
    response = self.process_response(request, response)
               ^^^^^^^^^^^^^^^^^^^^^^^^^^^^^^^^^^^^^^^^
  File "/Users/grizzly/.pyenv/versions/mt/lib/python3.12/site-packages/django/middleware/common.py", line 109, in process_response
    self.get_full_path_with_slash(request)
  File "/Users/grizzly/.pyenv/versions/mt/lib/python3.12/site-packages/django/middleware/common.py", line 87, in get_full_path_with_slash
    raise RuntimeError(
RuntimeError: You called this URL via POST, but the URL doesn't end in a slash and you have APPEND_SLASH set. Django can't redirect to the slash URL while maintaining POST data. Change your form to point to localhost:8000/api/users/refresh-token/ (note the trailing slash), or set APPEND_SLASH=False in your Django settings.
ERROR 2026-06-01 12:33:40,752 log 89752 6152499200 Internal Server Error: /api/users/refresh-token
Traceback (most recent call last):
  File "/Users/grizzly/.pyenv/versions/mt/lib/python3.12/site-packages/django/core/handlers/exception.py", line 55, in inner
    response = get_response(request)
               ^^^^^^^^^^^^^^^^^^^^^
  File "/Users/grizzly/.pyenv/versions/mt/lib/python3.12/site-packages/django/utils/deprecation.py", line 311, in __call__
    response = self.process_response(request, response)
               ^^^^^^^^^^^^^^^^^^^^^^^^^^^^^^^^^^^^^^^^
  File "/Users/grizzly/.pyenv/versions/mt/lib/python3.12/site-packages/django/middleware/common.py", line 109, in process_response
    self.get_full_path_with_slash(request)
  File "/Users/grizzly/.pyenv/versions/mt/lib/python3.12/site-packages/django/middleware/common.py", line 87, in get_full_path_with_slash
    raise RuntimeError(
RuntimeError: You called this URL via POST, but the URL doesn't end in a slash and you have APPEND_SLASH set. Django can't redirect to the slash URL while maintaining POST data. Change your form to point to localhost:8000/api/users/refresh-token/ (note the trailing slash), or set APPEND_SLASH=False in your Django settings.
ERROR 2026-06-01 12:33:40,759 log 89752 6220378112 Internal Server Error: /api/users/refresh-token
Traceback (most recent call last):
  File "/Users/grizzly/.pyenv/versions/mt/lib/python3.12/site-packages/django/core/handlers/exception.py", line 55, in inner
    response = get_response(request)
               ^^^^^^^^^^^^^^^^^^^^^
  File "/Users/grizzly/.pyenv/versions/mt/lib/python3.12/site-packages/django/utils/deprecation.py", line 311, in __call__
    response = self.process_response(request, response)
               ^^^^^^^^^^^^^^^^^^^^^^^^^^^^^^^^^^^^^^^^
  File "/Users/grizzly/.pyenv/versions/mt/lib/python3.12/site-packages/django/middleware/common.py", line 109, in process_response
    self.get_full_path_with_slash(request)
  File "/Users/grizzly/.pyenv/versions/mt/lib/python3.12/site-packages/django/middleware/common.py", line 87, in get_full_path_with_slash
    raise RuntimeError(
RuntimeError: You called this URL via POST, but the URL doesn't end in a slash and you have APPEND_SLASH set. Django can't redirect to the slash URL while maintaining POST data. Change your form to point to localhost:8000/api/users/refresh-token/ (note the trailing slash), or set APPEND_SLASH=False in your Django settings.
ERROR 2026-06-01 12:33:40,766 log 89752 6135672832 Internal Server Error: /api/users/refresh-token
Traceback (most recent call last):
  File "/Users/grizzly/.pyenv/versions/mt/lib/python3.12/site-packages/django/core/handlers/exception.py", line 55, in inner
    response = get_response(request)
               ^^^^^^^^^^^^^^^^^^^^^
  File "/Users/grizzly/.pyenv/versions/mt/lib/python3.12/site-packages/django/utils/deprecation.py", line 311, in __call__
    response = self.process_response(request, response)
               ^^^^^^^^^^^^^^^^^^^^^^^^^^^^^^^^^^^^^^^^
  File "/Users/grizzly/.pyenv/versions/mt/lib/python3.12/site-packages/django/middleware/common.py", line 109, in process_response
    self.get_full_path_with_slash(request)
  File "/Users/grizzly/.pyenv/versions/mt/lib/python3.12/site-packages/django/middleware/common.py", line 87, in get_full_path_with_slash
    raise RuntimeError(
RuntimeError: You called this URL via POST, but the URL doesn't end in a slash and you have APPEND_SLASH set. Django can't redirect to the slash URL while maintaining POST data. Change your form to point to localhost:8000/api/users/refresh-token/ (note the trailing slash), or set APPEND_SLASH=False in your Django settings.
ERROR 2026-06-01 12:33:40,773 log 89752 6186725376 Internal Server Error: /api/users/refresh-token
Traceback (most recent call last):
  File "/Users/grizzly/.pyenv/versions/mt/lib/python3.12/site-packages/django/core/handlers/exception.py", line 55, in inner
    response = get_response(request)
               ^^^^^^^^^^^^^^^^^^^^^
  File "/Users/grizzly/.pyenv/versions/mt/lib/python3.12/site-packages/django/utils/deprecation.py", line 311, in __call__
    response = self.process_response(request, response)
               ^^^^^^^^^^^^^^^^^^^^^^^^^^^^^^^^^^^^^^^^
  File "/Users/grizzly/.pyenv/versions/mt/lib/python3.12/site-packages/django/middleware/common.py", line 109, in process_response
    self.get_full_path_with_slash(request)
  File "/Users/grizzly/.pyenv/versions/mt/lib/python3.12/site-packages/django/middleware/common.py", line 87, in get_full_path_with_slash
    raise RuntimeError(
RuntimeError: You called this URL via POST, but the URL doesn't end in a slash and you have APPEND_SLASH set. Django can't redirect to the slash URL while maintaining POST data. Change your form to point to localhost:8000/api/users/refresh-token/ (note the trailing slash), or set APPEND_SLASH=False in your Django settings.
ERROR 2026-06-01 12:33:40,800 log 89752 6203551744 Internal Server Error: /api/users/refresh-token
Traceback (most recent call last):
  File "/Users/grizzly/.pyenv/versions/mt/lib/python3.12/site-packages/django/core/handlers/exception.py", line 55, in inner
    response = get_response(request)
               ^^^^^^^^^^^^^^^^^^^^^
  File "/Users/grizzly/.pyenv/versions/mt/lib/python3.12/site-packages/django/utils/deprecation.py", line 311, in __call__
    response = self.process_response(request, response)
               ^^^^^^^^^^^^^^^^^^^^^^^^^^^^^^^^^^^^^^^^
  File "/Users/grizzly/.pyenv/versions/mt/lib/python3.12/site-packages/django/middleware/common.py", line 109, in process_response
    self.get_full_path_with_slash(request)
  File "/Users/grizzly/.pyenv/versions/mt/lib/python3.12/site-packages/django/middleware/common.py", line 87, in get_full_path_with_slash
    raise RuntimeError(
RuntimeError: You called this URL via POST, but the URL doesn't end in a slash and you have APPEND_SLASH set. Django can't redirect to the slash URL while maintaining POST data. Change your form to point to localhost:8000/api/users/refresh-token/ (note the trailing slash), or set APPEND_SLASH=False in your Django settings.
ERROR 2026-06-01 12:33:40,807 log 89752 6169899008 Internal Server Error: /api/users/refresh-token
Traceback (most recent call last):
  File "/Users/grizzly/.pyenv/versions/mt/lib/python3.12/site-packages/django/core/handlers/exception.py", line 55, in inner
    response = get_response(request)
               ^^^^^^^^^^^^^^^^^^^^^
  File "/Users/grizzly/.pyenv/versions/mt/lib/python3.12/site-packages/django/utils/deprecation.py", line 311, in __call__
    response = self.process_response(request, response)
               ^^^^^^^^^^^^^^^^^^^^^^^^^^^^^^^^^^^^^^^^
  File "/Users/grizzly/.pyenv/versions/mt/lib/python3.12/site-packages/django/middleware/common.py", line 109, in process_response
    self.get_full_path_with_slash(request)
  File "/Users/grizzly/.pyenv/versions/mt/lib/python3.12/site-packages/django/middleware/common.py", line 87, in get_full_path_with_slash
    raise RuntimeError(
RuntimeError: You called this URL via POST, but the URL doesn't end in a slash and you have APPEND_SLASH set. Django can't redirect to the slash URL while maintaining POST data. Change your form to point to localhost:8000/api/users/refresh-token/ (note the trailing slash), or set APPEND_SLASH=False in your Django settings.
WARNING 2026-06-01 12:40:03,875 log 89752 6135672832 Unauthorized: /api/transactions/transactions/
WARNING 2026-06-01 12:40:03,876 log 89752 6152499200 Unauthorized: /api/users/profile/
WARNING 2026-06-01 12:40:03,885 log 89752 6135672832 Unauthorized: /api/transactions/transactions/
WARNING 2026-06-01 12:40:03,887 log 89752 6152499200 Unauthorized: /api/users/profile/
WARNING 2026-06-01 12:40:03,893 log 89752 6135672832 Unauthorized: /api/transactions/transactions/
WARNING 2026-06-01 12:40:03,894 log 89752 6152499200 Unauthorized: /api/users/profile/
WARNING 2026-06-01 12:40:03,904 log 89752 6203551744 Unauthorized: /api/transactions/transactions/
WARNING 2026-06-01 12:40:03,907 log 89752 6135672832 Unauthorized: /api/users/profile/
ERROR 2026-06-01 12:40:03,996 log 89752 6186725376 Internal Server Error: /api/users/refresh-token
Traceback (most recent call last):
  File "/Users/grizzly/.pyenv/versions/mt/lib/python3.12/site-packages/django/core/handlers/exception.py", line 55, in inner
    response = get_response(request)
               ^^^^^^^^^^^^^^^^^^^^^
  File "/Users/grizzly/.pyenv/versions/mt/lib/python3.12/site-packages/django/utils/deprecation.py", line 311, in __call__
    response = self.process_response(request, response)
               ^^^^^^^^^^^^^^^^^^^^^^^^^^^^^^^^^^^^^^^^
  File "/Users/grizzly/.pyenv/versions/mt/lib/python3.12/site-packages/django/middleware/common.py", line 109, in process_response
    self.get_full_path_with_slash(request)
  File "/Users/grizzly/.pyenv/versions/mt/lib/python3.12/site-packages/django/middleware/common.py", line 87, in get_full_path_with_slash
    raise RuntimeError(
RuntimeError: You called this URL via POST, but the URL doesn't end in a slash and you have APPEND_SLASH set. Django can't redirect to the slash URL while maintaining POST data. Change your form to point to localhost:8000/api/users/refresh-token/ (note the trailing slash), or set APPEND_SLASH=False in your Django settings.
ERROR 2026-06-01 12:40:04,003 log 89752 6220378112 Internal Server Error: /api/users/refresh-token
Traceback (most recent call last):
  File "/Users/grizzly/.pyenv/versions/mt/lib/python3.12/site-packages/django/core/handlers/exception.py", line 55, in inner
    response = get_response(request)
               ^^^^^^^^^^^^^^^^^^^^^
  File "/Users/grizzly/.pyenv/versions/mt/lib/python3.12/site-packages/django/utils/deprecation.py", line 311, in __call__
    response = self.process_response(request, response)
               ^^^^^^^^^^^^^^^^^^^^^^^^^^^^^^^^^^^^^^^^
  File "/Users/grizzly/.pyenv/versions/mt/lib/python3.12/site-packages/django/middleware/common.py", line 109, in process_response
    self.get_full_path_with_slash(request)
  File "/Users/grizzly/.pyenv/versions/mt/lib/python3.12/site-packages/django/middleware/common.py", line 87, in get_full_path_with_slash
    raise RuntimeError(
RuntimeError: You called this URL via POST, but the URL doesn't end in a slash and you have APPEND_SLASH set. Django can't redirect to the slash URL while maintaining POST data. Change your form to point to localhost:8000/api/users/refresh-token/ (note the trailing slash), or set APPEND_SLASH=False in your Django settings.
ERROR 2026-06-01 12:40:04,008 log 89752 6169899008 Internal Server Error: /api/users/refresh-token
Traceback (most recent call last):
  File "/Users/grizzly/.pyenv/versions/mt/lib/python3.12/site-packages/django/core/handlers/exception.py", line 55, in inner
    response = get_response(request)
               ^^^^^^^^^^^^^^^^^^^^^
  File "/Users/grizzly/.pyenv/versions/mt/lib/python3.12/site-packages/django/utils/deprecation.py", line 311, in __call__
    response = self.process_response(request, response)
               ^^^^^^^^^^^^^^^^^^^^^^^^^^^^^^^^^^^^^^^^
  File "/Users/grizzly/.pyenv/versions/mt/lib/python3.12/site-packages/django/middleware/common.py", line 109, in process_response
    self.get_full_path_with_slash(request)
  File "/Users/grizzly/.pyenv/versions/mt/lib/python3.12/site-packages/django/middleware/common.py", line 87, in get_full_path_with_slash
    raise RuntimeError(
RuntimeError: You called this URL via POST, but the URL doesn't end in a slash and you have APPEND_SLASH set. Django can't redirect to the slash URL while maintaining POST data. Change your form to point to localhost:8000/api/users/refresh-token/ (note the trailing slash), or set APPEND_SLASH=False in your Django settings.
ERROR 2026-06-01 12:40:04,014 log 89752 6135672832 Internal Server Error: /api/users/refresh-token
Traceback (most recent call last):
  File "/Users/grizzly/.pyenv/versions/mt/lib/python3.12/site-packages/django/core/handlers/exception.py", line 55, in inner
    response = get_response(request)
               ^^^^^^^^^^^^^^^^^^^^^
  File "/Users/grizzly/.pyenv/versions/mt/lib/python3.12/site-packages/django/utils/deprecation.py", line 311, in __call__
    response = self.process_response(request, response)
               ^^^^^^^^^^^^^^^^^^^^^^^^^^^^^^^^^^^^^^^^
  File "/Users/grizzly/.pyenv/versions/mt/lib/python3.12/site-packages/django/middleware/common.py", line 109, in process_response
    self.get_full_path_with_slash(request)
  File "/Users/grizzly/.pyenv/versions/mt/lib/python3.12/site-packages/django/middleware/common.py", line 87, in get_full_path_with_slash
    raise RuntimeError(
RuntimeError: You called this URL via POST, but the URL doesn't end in a slash and you have APPEND_SLASH set. Django can't redirect to the slash URL while maintaining POST data. Change your form to point to localhost:8000/api/users/refresh-token/ (note the trailing slash), or set APPEND_SLASH=False in your Django settings.
ERROR 2026-06-01 12:40:04,021 log 89752 6152499200 Internal Server Error: /api/users/refresh-token
Traceback (most recent call last):
  File "/Users/grizzly/.pyenv/versions/mt/lib/python3.12/site-packages/django/core/handlers/exception.py", line 55, in inner
    response = get_response(request)
               ^^^^^^^^^^^^^^^^^^^^^
  File "/Users/grizzly/.pyenv/versions/mt/lib/python3.12/site-packages/django/utils/deprecation.py", line 311, in __call__
    response = self.process_response(request, response)
               ^^^^^^^^^^^^^^^^^^^^^^^^^^^^^^^^^^^^^^^^
  File "/Users/grizzly/.pyenv/versions/mt/lib/python3.12/site-packages/django/middleware/common.py", line 109, in process_response
    self.get_full_path_with_slash(request)
  File "/Users/grizzly/.pyenv/versions/mt/lib/python3.12/site-packages/django/middleware/common.py", line 87, in get_full_path_with_slash
    raise RuntimeError(
RuntimeError: You called this URL via POST, but the URL doesn't end in a slash and you have APPEND_SLASH set. Django can't redirect to the slash URL while maintaining POST data. Change your form to point to localhost:8000/api/users/refresh-token/ (note the trailing slash), or set APPEND_SLASH=False in your Django settings.
ERROR 2026-06-01 12:40:04,026 log 89752 6203551744 Internal Server Error: /api/users/refresh-token
Traceback (most recent call last):
  File "/Users/grizzly/.pyenv/versions/mt/lib/python3.12/site-packages/django/core/handlers/exception.py", line 55, in inner
    response = get_response(request)
               ^^^^^^^^^^^^^^^^^^^^^
  File "/Users/grizzly/.pyenv/versions/mt/lib/python3.12/site-packages/django/utils/deprecation.py", line 311, in __call__
    response = self.process_response(request, response)
               ^^^^^^^^^^^^^^^^^^^^^^^^^^^^^^^^^^^^^^^^
  File "/Users/grizzly/.pyenv/versions/mt/lib/python3.12/site-packages/django/middleware/common.py", line 109, in process_response
    self.get_full_path_with_slash(request)
  File "/Users/grizzly/.pyenv/versions/mt/lib/python3.12/site-packages/django/middleware/common.py", line 87, in get_full_path_with_slash
    raise RuntimeError(
RuntimeError: You called this URL via POST, but the URL doesn't end in a slash and you have APPEND_SLASH set. Django can't redirect to the slash URL while maintaining POST data. Change your form to point to localhost:8000/api/users/refresh-token/ (note the trailing slash), or set APPEND_SLASH=False in your Django settings.
ERROR 2026-06-01 12:40:04,053 log 89752 6186725376 Internal Server Error: /api/users/refresh-token
Traceback (most recent call last):
  File "/Users/grizzly/.pyenv/versions/mt/lib/python3.12/site-packages/django/core/handlers/exception.py", line 55, in inner
    response = get_response(request)
               ^^^^^^^^^^^^^^^^^^^^^
  File "/Users/grizzly/.pyenv/versions/mt/lib/python3.12/site-packages/django/utils/deprecation.py", line 311, in __call__
    response = self.process_response(request, response)
               ^^^^^^^^^^^^^^^^^^^^^^^^^^^^^^^^^^^^^^^^
  File "/Users/grizzly/.pyenv/versions/mt/lib/python3.12/site-packages/django/middleware/common.py", line 109, in process_response
    self.get_full_path_with_slash(request)
  File "/Users/grizzly/.pyenv/versions/mt/lib/python3.12/site-packages/django/middleware/common.py", line 87, in get_full_path_with_slash
    raise RuntimeError(
RuntimeError: You called this URL via POST, but the URL doesn't end in a slash and you have APPEND_SLASH set. Django can't redirect to the slash URL while maintaining POST data. Change your form to point to localhost:8000/api/users/refresh-token/ (note the trailing slash), or set APPEND_SLASH=False in your Django settings.
ERROR 2026-06-01 12:40:04,061 log 89752 6169899008 Internal Server Error: /api/users/refresh-token
Traceback (most recent call last):
  File "/Users/grizzly/.pyenv/versions/mt/lib/python3.12/site-packages/django/core/handlers/exception.py", line 55, in inner
    response = get_response(request)
               ^^^^^^^^^^^^^^^^^^^^^
  File "/Users/grizzly/.pyenv/versions/mt/lib/python3.12/site-packages/django/utils/deprecation.py", line 311, in __call__
    response = self.process_response(request, response)
               ^^^^^^^^^^^^^^^^^^^^^^^^^^^^^^^^^^^^^^^^
  File "/Users/grizzly/.pyenv/versions/mt/lib/python3.12/site-packages/django/middleware/common.py", line 109, in process_response
    self.get_full_path_with_slash(request)
  File "/Users/grizzly/.pyenv/versions/mt/lib/python3.12/site-packages/django/middleware/common.py", line 87, in get_full_path_with_slash
    raise RuntimeError(
RuntimeError: You called this URL via POST, but the URL doesn't end in a slash and you have APPEND_SLASH set. Django can't redirect to the slash URL while maintaining POST data. Change your form to point to localhost:8000/api/users/refresh-token/ (note the trailing slash), or set APPEND_SLASH=False in your Django settings.
WARNING 2026-06-01 12:58:35,100 log 89752 6135672832 Unauthorized: /api/transactions/transactions/
WARNING 2026-06-01 12:58:35,105 log 89752 6152499200 Unauthorized: /api/users/profile/
WARNING 2026-06-01 12:58:35,113 log 89752 6135672832 Unauthorized: /api/transactions/transactions/
WARNING 2026-06-01 12:58:35,114 log 89752 6152499200 Unauthorized: /api/users/profile/
WARNING 2026-06-01 12:58:35,123 log 89752 6169899008 Unauthorized: /api/transactions/transactions/
WARNING 2026-06-01 12:58:35,124 log 89752 6186725376 Unauthorized: /api/users/profile/
WARNING 2026-06-01 12:58:35,128 log 89752 6152499200 Unauthorized: /api/transactions/transactions/
WARNING 2026-06-01 12:58:35,131 log 89752 6169899008 Unauthorized: /api/users/profile/
ERROR 2026-06-01 12:58:35,191 log 89752 6152499200 Internal Server Error: /api/users/refresh-token
Traceback (most recent call last):
  File "/Users/grizzly/.pyenv/versions/mt/lib/python3.12/site-packages/django/core/handlers/exception.py", line 55, in inner
    response = get_response(request)
               ^^^^^^^^^^^^^^^^^^^^^
  File "/Users/grizzly/.pyenv/versions/mt/lib/python3.12/site-packages/django/utils/deprecation.py", line 311, in __call__
    response = self.process_response(request, response)
               ^^^^^^^^^^^^^^^^^^^^^^^^^^^^^^^^^^^^^^^^
  File "/Users/grizzly/.pyenv/versions/mt/lib/python3.12/site-packages/django/middleware/common.py", line 109, in process_response
    self.get_full_path_with_slash(request)
  File "/Users/grizzly/.pyenv/versions/mt/lib/python3.12/site-packages/django/middleware/common.py", line 87, in get_full_path_with_slash
    raise RuntimeError(
RuntimeError: You called this URL via POST, but the URL doesn't end in a slash and you have APPEND_SLASH set. Django can't redirect to the slash URL while maintaining POST data. Change your form to point to localhost:8000/api/users/refresh-token/ (note the trailing slash), or set APPEND_SLASH=False in your Django settings.
ERROR 2026-06-01 12:58:35,198 log 89752 6135672832 Internal Server Error: /api/users/refresh-token
Traceback (most recent call last):
  File "/Users/grizzly/.pyenv/versions/mt/lib/python3.12/site-packages/django/core/handlers/exception.py", line 55, in inner
    response = get_response(request)
               ^^^^^^^^^^^^^^^^^^^^^
  File "/Users/grizzly/.pyenv/versions/mt/lib/python3.12/site-packages/django/utils/deprecation.py", line 311, in __call__
    response = self.process_response(request, response)
               ^^^^^^^^^^^^^^^^^^^^^^^^^^^^^^^^^^^^^^^^
  File "/Users/grizzly/.pyenv/versions/mt/lib/python3.12/site-packages/django/middleware/common.py", line 109, in process_response
    self.get_full_path_with_slash(request)
  File "/Users/grizzly/.pyenv/versions/mt/lib/python3.12/site-packages/django/middleware/common.py", line 87, in get_full_path_with_slash
    raise RuntimeError(
RuntimeError: You called this URL via POST, but the URL doesn't end in a slash and you have APPEND_SLASH set. Django can't redirect to the slash URL while maintaining POST data. Change your form to point to localhost:8000/api/users/refresh-token/ (note the trailing slash), or set APPEND_SLASH=False in your Django settings.
ERROR 2026-06-01 12:58:35,209 log 89752 6186725376 Internal Server Error: /api/users/refresh-token
Traceback (most recent call last):
  File "/Users/grizzly/.pyenv/versions/mt/lib/python3.12/site-packages/django/core/handlers/exception.py", line 55, in inner
    response = get_response(request)
               ^^^^^^^^^^^^^^^^^^^^^
  File "/Users/grizzly/.pyenv/versions/mt/lib/python3.12/site-packages/django/utils/deprecation.py", line 311, in __call__
    response = self.process_response(request, response)
               ^^^^^^^^^^^^^^^^^^^^^^^^^^^^^^^^^^^^^^^^
  File "/Users/grizzly/.pyenv/versions/mt/lib/python3.12/site-packages/django/middleware/common.py", line 109, in process_response
    self.get_full_path_with_slash(request)
  File "/Users/grizzly/.pyenv/versions/mt/lib/python3.12/site-packages/django/middleware/common.py", line 87, in get_full_path_with_slash
    raise RuntimeError(
RuntimeError: You called this URL via POST, but the URL doesn't end in a slash and you have APPEND_SLASH set. Django can't redirect to the slash URL while maintaining POST data. Change your form to point to localhost:8000/api/users/refresh-token/ (note the trailing slash), or set APPEND_SLASH=False in your Django settings.
ERROR 2026-06-01 12:58:35,215 log 89752 6220378112 Internal Server Error: /api/users/refresh-token
Traceback (most recent call last):
  File "/Users/grizzly/.pyenv/versions/mt/lib/python3.12/site-packages/django/core/handlers/exception.py", line 55, in inner
    response = get_response(request)
               ^^^^^^^^^^^^^^^^^^^^^
  File "/Users/grizzly/.pyenv/versions/mt/lib/python3.12/site-packages/django/utils/deprecation.py", line 311, in __call__
    response = self.process_response(request, response)
               ^^^^^^^^^^^^^^^^^^^^^^^^^^^^^^^^^^^^^^^^
  File "/Users/grizzly/.pyenv/versions/mt/lib/python3.12/site-packages/django/middleware/common.py", line 109, in process_response
    self.get_full_path_with_slash(request)
  File "/Users/grizzly/.pyenv/versions/mt/lib/python3.12/site-packages/django/middleware/common.py", line 87, in get_full_path_with_slash
    raise RuntimeError(
RuntimeError: You called this URL via POST, but the URL doesn't end in a slash and you have APPEND_SLASH set. Django can't redirect to the slash URL while maintaining POST data. Change your form to point to localhost:8000/api/users/refresh-token/ (note the trailing slash), or set APPEND_SLASH=False in your Django settings.
ERROR 2026-06-01 12:58:35,223 log 89752 6169899008 Internal Server Error: /api/users/refresh-token
Traceback (most recent call last):
  File "/Users/grizzly/.pyenv/versions/mt/lib/python3.12/site-packages/django/core/handlers/exception.py", line 55, in inner
    response = get_response(request)
               ^^^^^^^^^^^^^^^^^^^^^
  File "/Users/grizzly/.pyenv/versions/mt/lib/python3.12/site-packages/django/utils/deprecation.py", line 311, in __call__
    response = self.process_response(request, response)
               ^^^^^^^^^^^^^^^^^^^^^^^^^^^^^^^^^^^^^^^^
  File "/Users/grizzly/.pyenv/versions/mt/lib/python3.12/site-packages/django/middleware/common.py", line 109, in process_response
    self.get_full_path_with_slash(request)
  File "/Users/grizzly/.pyenv/versions/mt/lib/python3.12/site-packages/django/middleware/common.py", line 87, in get_full_path_with_slash
    raise RuntimeError(
RuntimeError: You called this URL via POST, but the URL doesn't end in a slash and you have APPEND_SLASH set. Django can't redirect to the slash URL while maintaining POST data. Change your form to point to localhost:8000/api/users/refresh-token/ (note the trailing slash), or set APPEND_SLASH=False in your Django settings.
ERROR 2026-06-01 12:58:35,231 log 89752 6203551744 Internal Server Error: /api/users/refresh-token
Traceback (most recent call last):
  File "/Users/grizzly/.pyenv/versions/mt/lib/python3.12/site-packages/django/core/handlers/exception.py", line 55, in inner
    response = get_response(request)
               ^^^^^^^^^^^^^^^^^^^^^
  File "/Users/grizzly/.pyenv/versions/mt/lib/python3.12/site-packages/django/utils/deprecation.py", line 311, in __call__
    response = self.process_response(request, response)
               ^^^^^^^^^^^^^^^^^^^^^^^^^^^^^^^^^^^^^^^^
  File "/Users/grizzly/.pyenv/versions/mt/lib/python3.12/site-packages/django/middleware/common.py", line 109, in process_response
    self.get_full_path_with_slash(request)
  File "/Users/grizzly/.pyenv/versions/mt/lib/python3.12/site-packages/django/middleware/common.py", line 87, in get_full_path_with_slash
    raise RuntimeError(
RuntimeError: You called this URL via POST, but the URL doesn't end in a slash and you have APPEND_SLASH set. Django can't redirect to the slash URL while maintaining POST data. Change your form to point to localhost:8000/api/users/refresh-token/ (note the trailing slash), or set APPEND_SLASH=False in your Django settings.
ERROR 2026-06-01 12:58:35,254 log 89752 6135672832 Internal Server Error: /api/users/refresh-token
Traceback (most recent call last):
  File "/Users/grizzly/.pyenv/versions/mt/lib/python3.12/site-packages/django/core/handlers/exception.py", line 55, in inner
    response = get_response(request)
               ^^^^^^^^^^^^^^^^^^^^^
  File "/Users/grizzly/.pyenv/versions/mt/lib/python3.12/site-packages/django/utils/deprecation.py", line 311, in __call__
    response = self.process_response(request, response)
               ^^^^^^^^^^^^^^^^^^^^^^^^^^^^^^^^^^^^^^^^
  File "/Users/grizzly/.pyenv/versions/mt/lib/python3.12/site-packages/django/middleware/common.py", line 109, in process_response
    self.get_full_path_with_slash(request)
  File "/Users/grizzly/.pyenv/versions/mt/lib/python3.12/site-packages/django/middleware/common.py", line 87, in get_full_path_with_slash
    raise RuntimeError(
RuntimeError: You called this URL via POST, but the URL doesn't end in a slash and you have APPEND_SLASH set. Django can't redirect to the slash URL while maintaining POST data. Change your form to point to localhost:8000/api/users/refresh-token/ (note the trailing slash), or set APPEND_SLASH=False in your Django settings.
ERROR 2026-06-01 12:58:35,261 log 89752 6152499200 Internal Server Error: /api/users/refresh-token
Traceback (most recent call last):
  File "/Users/grizzly/.pyenv/versions/mt/lib/python3.12/site-packages/django/core/handlers/exception.py", line 55, in inner
    response = get_response(request)
               ^^^^^^^^^^^^^^^^^^^^^
  File "/Users/grizzly/.pyenv/versions/mt/lib/python3.12/site-packages/django/utils/deprecation.py", line 311, in __call__
    response = self.process_response(request, response)
               ^^^^^^^^^^^^^^^^^^^^^^^^^^^^^^^^^^^^^^^^
  File "/Users/grizzly/.pyenv/versions/mt/lib/python3.12/site-packages/django/middleware/common.py", line 109, in process_response
    self.get_full_path_with_slash(request)
  File "/Users/grizzly/.pyenv/versions/mt/lib/python3.12/site-packages/django/middleware/common.py", line 87, in get_full_path_with_slash
    raise RuntimeError(
RuntimeError: You called this URL via POST, but the URL doesn't end in a slash and you have APPEND_SLASH set. Django can't redirect to the slash URL while maintaining POST data. Change your form to point to localhost:8000/api/users/refresh-token/ (note the trailing slash), or set APPEND_SLASH=False in your Django settings.
WARNING 2026-06-01 13:00:10,084 log 89752 6152499200 Unauthorized: /api/users/profile/
WARNING 2026-06-01 13:00:10,084 log 89752 6135672832 Unauthorized: /api/transactions/transactions/
WARNING 2026-06-01 13:00:10,218 log 89752 6169899008 Unauthorized: /api/users/profile/
WARNING 2026-06-01 13:00:10,245 log 89752 6135672832 Unauthorized: /api/users/profile/
WARNING 2026-06-01 13:00:10,247 log 89752 6186725376 Unauthorized: /api/transactions/transactions/
WARNING 2026-06-01 13:00:10,274 log 89752 6203551744 Unauthorized: /api/users/profile/
WARNING 2026-06-01 13:00:10,280 log 89752 6186725376 Unauthorized: /api/transactions/transactions/
WARNING 2026-06-01 13:00:10,297 log 89752 6220378112 Unauthorized: /api/transactions/transactions/
ERROR 2026-06-01 13:00:10,309 log 89752 6152499200 Internal Server Error: /api/users/refresh-token
Traceback (most recent call last):
  File "/Users/grizzly/.pyenv/versions/mt/lib/python3.12/site-packages/django/core/handlers/exception.py", line 55, in inner
    response = get_response(request)
               ^^^^^^^^^^^^^^^^^^^^^
  File "/Users/grizzly/.pyenv/versions/mt/lib/python3.12/site-packages/django/utils/deprecation.py", line 311, in __call__
    response = self.process_response(request, response)
               ^^^^^^^^^^^^^^^^^^^^^^^^^^^^^^^^^^^^^^^^
  File "/Users/grizzly/.pyenv/versions/mt/lib/python3.12/site-packages/django/middleware/common.py", line 109, in process_response
    self.get_full_path_with_slash(request)
  File "/Users/grizzly/.pyenv/versions/mt/lib/python3.12/site-packages/django/middleware/common.py", line 87, in get_full_path_with_slash
    raise RuntimeError(
RuntimeError: You called this URL via POST, but the URL doesn't end in a slash and you have APPEND_SLASH set. Django can't redirect to the slash URL while maintaining POST data. Change your form to point to localhost:8000/api/users/refresh-token/ (note the trailing slash), or set APPEND_SLASH=False in your Django settings.
ERROR 2026-06-01 13:00:10,319 log 89752 6169899008 Internal Server Error: /api/users/refresh-token
Traceback (most recent call last):
  File "/Users/grizzly/.pyenv/versions/mt/lib/python3.12/site-packages/django/core/handlers/exception.py", line 55, in inner
    response = get_response(request)
               ^^^^^^^^^^^^^^^^^^^^^
  File "/Users/grizzly/.pyenv/versions/mt/lib/python3.12/site-packages/django/utils/deprecation.py", line 311, in __call__
    response = self.process_response(request, response)
               ^^^^^^^^^^^^^^^^^^^^^^^^^^^^^^^^^^^^^^^^
  File "/Users/grizzly/.pyenv/versions/mt/lib/python3.12/site-packages/django/middleware/common.py", line 109, in process_response
    self.get_full_path_with_slash(request)
  File "/Users/grizzly/.pyenv/versions/mt/lib/python3.12/site-packages/django/middleware/common.py", line 87, in get_full_path_with_slash
    raise RuntimeError(
RuntimeError: You called this URL via POST, but the URL doesn't end in a slash and you have APPEND_SLASH set. Django can't redirect to the slash URL while maintaining POST data. Change your form to point to localhost:8000/api/users/refresh-token/ (note the trailing slash), or set APPEND_SLASH=False in your Django settings.
ERROR 2026-06-01 13:00:10,344 log 89752 6135672832 Internal Server Error: /api/users/refresh-token
Traceback (most recent call last):
  File "/Users/grizzly/.pyenv/versions/mt/lib/python3.12/site-packages/django/core/handlers/exception.py", line 55, in inner
    response = get_response(request)
               ^^^^^^^^^^^^^^^^^^^^^
  File "/Users/grizzly/.pyenv/versions/mt/lib/python3.12/site-packages/django/utils/deprecation.py", line 311, in __call__
    response = self.process_response(request, response)
               ^^^^^^^^^^^^^^^^^^^^^^^^^^^^^^^^^^^^^^^^
  File "/Users/grizzly/.pyenv/versions/mt/lib/python3.12/site-packages/django/middleware/common.py", line 109, in process_response
    self.get_full_path_with_slash(request)
  File "/Users/grizzly/.pyenv/versions/mt/lib/python3.12/site-packages/django/middleware/common.py", line 87, in get_full_path_with_slash
    raise RuntimeError(
RuntimeError: You called this URL via POST, but the URL doesn't end in a slash and you have APPEND_SLASH set. Django can't redirect to the slash URL while maintaining POST data. Change your form to point to localhost:8000/api/users/refresh-token/ (note the trailing slash), or set APPEND_SLASH=False in your Django settings.
ERROR 2026-06-01 13:00:10,352 log 89752 6203551744 Internal Server Error: /api/users/refresh-token
Traceback (most recent call last):
  File "/Users/grizzly/.pyenv/versions/mt/lib/python3.12/site-packages/django/core/handlers/exception.py", line 55, in inner
    response = get_response(request)
               ^^^^^^^^^^^^^^^^^^^^^
  File "/Users/grizzly/.pyenv/versions/mt/lib/python3.12/site-packages/django/utils/deprecation.py", line 311, in __call__
    response = self.process_response(request, response)
               ^^^^^^^^^^^^^^^^^^^^^^^^^^^^^^^^^^^^^^^^
  File "/Users/grizzly/.pyenv/versions/mt/lib/python3.12/site-packages/django/middleware/common.py", line 109, in process_response
    self.get_full_path_with_slash(request)
  File "/Users/grizzly/.pyenv/versions/mt/lib/python3.12/site-packages/django/middleware/common.py", line 87, in get_full_path_with_slash
    raise RuntimeError(
RuntimeError: You called this URL via POST, but the URL doesn't end in a slash and you have APPEND_SLASH set. Django can't redirect to the slash URL while maintaining POST data. Change your form to point to localhost:8000/api/users/refresh-token/ (note the trailing slash), or set APPEND_SLASH=False in your Django settings.
ERROR 2026-06-01 13:00:10,364 log 89752 6186725376 Internal Server Error: /api/users/refresh-token
Traceback (most recent call last):
  File "/Users/grizzly/.pyenv/versions/mt/lib/python3.12/site-packages/django/core/handlers/exception.py", line 55, in inner
    response = get_response(request)
               ^^^^^^^^^^^^^^^^^^^^^
  File "/Users/grizzly/.pyenv/versions/mt/lib/python3.12/site-packages/django/utils/deprecation.py", line 311, in __call__
    response = self.process_response(request, response)
               ^^^^^^^^^^^^^^^^^^^^^^^^^^^^^^^^^^^^^^^^
  File "/Users/grizzly/.pyenv/versions/mt/lib/python3.12/site-packages/django/middleware/common.py", line 109, in process_response
    self.get_full_path_with_slash(request)
  File "/Users/grizzly/.pyenv/versions/mt/lib/python3.12/site-packages/django/middleware/common.py", line 87, in get_full_path_with_slash
    raise RuntimeError(
RuntimeError: You called this URL via POST, but the URL doesn't end in a slash and you have APPEND_SLASH set. Django can't redirect to the slash URL while maintaining POST data. Change your form to point to localhost:8000/api/users/refresh-token/ (note the trailing slash), or set APPEND_SLASH=False in your Django settings.
ERROR 2026-06-01 13:00:10,378 log 89752 6220378112 Internal Server Error: /api/users/refresh-token
Traceback (most recent call last):
  File "/Users/grizzly/.pyenv/versions/mt/lib/python3.12/site-packages/django/core/handlers/exception.py", line 55, in inner
    response = get_response(request)
               ^^^^^^^^^^^^^^^^^^^^^
  File "/Users/grizzly/.pyenv/versions/mt/lib/python3.12/site-packages/django/utils/deprecation.py", line 311, in __call__
    response = self.process_response(request, response)
               ^^^^^^^^^^^^^^^^^^^^^^^^^^^^^^^^^^^^^^^^
  File "/Users/grizzly/.pyenv/versions/mt/lib/python3.12/site-packages/django/middleware/common.py", line 109, in process_response
    self.get_full_path_with_slash(request)
  File "/Users/grizzly/.pyenv/versions/mt/lib/python3.12/site-packages/django/middleware/common.py", line 87, in get_full_path_with_slash
    raise RuntimeError(
RuntimeError: You called this URL via POST, but the URL doesn't end in a slash and you have APPEND_SLASH set. Django can't redirect to the slash URL while maintaining POST data. Change your form to point to localhost:8000/api/users/refresh-token/ (note the trailing slash), or set APPEND_SLASH=False in your Django settings.
ERROR 2026-06-01 13:00:10,389 log 89752 6152499200 Internal Server Error: /api/users/refresh-token
Traceback (most recent call last):
  File "/Users/grizzly/.pyenv/versions/mt/lib/python3.12/site-packages/django/core/handlers/exception.py", line 55, in inner
    response = get_response(request)
               ^^^^^^^^^^^^^^^^^^^^^
  File "/Users/grizzly/.pyenv/versions/mt/lib/python3.12/site-packages/django/utils/deprecation.py", line 311, in __call__
    response = self.process_response(request, response)
               ^^^^^^^^^^^^^^^^^^^^^^^^^^^^^^^^^^^^^^^^
  File "/Users/grizzly/.pyenv/versions/mt/lib/python3.12/site-packages/django/middleware/common.py", line 109, in process_response
    self.get_full_path_with_slash(request)
  File "/Users/grizzly/.pyenv/versions/mt/lib/python3.12/site-packages/django/middleware/common.py", line 87, in get_full_path_with_slash
    raise RuntimeError(
RuntimeError: You called this URL via POST, but the URL doesn't end in a slash and you have APPEND_SLASH set. Django can't redirect to the slash URL while maintaining POST data. Change your form to point to localhost:8000/api/users/refresh-token/ (note the trailing slash), or set APPEND_SLASH=False in your Django settings.
ERROR 2026-06-01 13:00:10,406 log 89752 6169899008 Internal Server Error: /api/users/refresh-token
Traceback (most recent call last):
  File "/Users/grizzly/.pyenv/versions/mt/lib/python3.12/site-packages/django/core/handlers/exception.py", line 55, in inner
    response = get_response(request)
               ^^^^^^^^^^^^^^^^^^^^^
  File "/Users/grizzly/.pyenv/versions/mt/lib/python3.12/site-packages/django/utils/deprecation.py", line 311, in __call__
    response = self.process_response(request, response)
               ^^^^^^^^^^^^^^^^^^^^^^^^^^^^^^^^^^^^^^^^
  File "/Users/grizzly/.pyenv/versions/mt/lib/python3.12/site-packages/django/middleware/common.py", line 109, in process_response
    self.get_full_path_with_slash(request)
  File "/Users/grizzly/.pyenv/versions/mt/lib/python3.12/site-packages/django/middleware/common.py", line 87, in get_full_path_with_slash
    raise RuntimeError(
RuntimeError: You called this URL via POST, but the URL doesn't end in a slash and you have APPEND_SLASH set. Django can't redirect to the slash URL while maintaining POST data. Change your form to point to localhost:8000/api/users/refresh-token/ (note the trailing slash), or set APPEND_SLASH=False in your Django settings.
WARNING 2026-06-01 14:59:57,582 log 89752 6152499200 Unauthorized: /api/users/profile/
WARNING 2026-06-01 14:59:57,583 log 89752 6135672832 Unauthorized: /api/transactions/transactions/
WARNING 2026-06-01 14:59:57,594 log 89752 6152499200 Unauthorized: /api/users/profile/
WARNING 2026-06-01 14:59:57,597 log 89752 6169899008 Unauthorized: /api/transactions/transactions/
WARNING 2026-06-01 14:59:57,600 log 89752 6135672832 Unauthorized: /api/users/profile/
WARNING 2026-06-01 14:59:57,604 log 89752 6152499200 Unauthorized: /api/transactions/transactions/
WARNING 2026-06-01 14:59:57,612 log 89752 6135672832 Unauthorized: /api/users/profile/
WARNING 2026-06-01 14:59:57,615 log 89752 6152499200 Unauthorized: /api/transactions/transactions/
ERROR 2026-06-01 14:59:57,659 log 89752 6203551744 Internal Server Error: /api/users/refresh-token
Traceback (most recent call last):
  File "/Users/grizzly/.pyenv/versions/mt/lib/python3.12/site-packages/django/core/handlers/exception.py", line 55, in inner
    response = get_response(request)
               ^^^^^^^^^^^^^^^^^^^^^
  File "/Users/grizzly/.pyenv/versions/mt/lib/python3.12/site-packages/django/utils/deprecation.py", line 311, in __call__
    response = self.process_response(request, response)
               ^^^^^^^^^^^^^^^^^^^^^^^^^^^^^^^^^^^^^^^^
  File "/Users/grizzly/.pyenv/versions/mt/lib/python3.12/site-packages/django/middleware/common.py", line 109, in process_response
    self.get_full_path_with_slash(request)
  File "/Users/grizzly/.pyenv/versions/mt/lib/python3.12/site-packages/django/middleware/common.py", line 87, in get_full_path_with_slash
    raise RuntimeError(
RuntimeError: You called this URL via POST, but the URL doesn't end in a slash and you have APPEND_SLASH set. Django can't redirect to the slash URL while maintaining POST data. Change your form to point to localhost:8000/api/users/refresh-token/ (note the trailing slash), or set APPEND_SLASH=False in your Django settings.
ERROR 2026-06-01 14:59:57,669 log 89752 6186725376 Internal Server Error: /api/users/refresh-token
Traceback (most recent call last):
  File "/Users/grizzly/.pyenv/versions/mt/lib/python3.12/site-packages/django/core/handlers/exception.py", line 55, in inner
    response = get_response(request)
               ^^^^^^^^^^^^^^^^^^^^^
  File "/Users/grizzly/.pyenv/versions/mt/lib/python3.12/site-packages/django/utils/deprecation.py", line 311, in __call__
    response = self.process_response(request, response)
               ^^^^^^^^^^^^^^^^^^^^^^^^^^^^^^^^^^^^^^^^
  File "/Users/grizzly/.pyenv/versions/mt/lib/python3.12/site-packages/django/middleware/common.py", line 109, in process_response
    self.get_full_path_with_slash(request)
  File "/Users/grizzly/.pyenv/versions/mt/lib/python3.12/site-packages/django/middleware/common.py", line 87, in get_full_path_with_slash
    raise RuntimeError(
RuntimeError: You called this URL via POST, but the URL doesn't end in a slash and you have APPEND_SLASH set. Django can't redirect to the slash URL while maintaining POST data. Change your form to point to localhost:8000/api/users/refresh-token/ (note the trailing slash), or set APPEND_SLASH=False in your Django settings.
ERROR 2026-06-01 14:59:57,675 log 89752 6169899008 Internal Server Error: /api/users/refresh-token
Traceback (most recent call last):
  File "/Users/grizzly/.pyenv/versions/mt/lib/python3.12/site-packages/django/core/handlers/exception.py", line 55, in inner
    response = get_response(request)
               ^^^^^^^^^^^^^^^^^^^^^
  File "/Users/grizzly/.pyenv/versions/mt/lib/python3.12/site-packages/django/utils/deprecation.py", line 311, in __call__
    response = self.process_response(request, response)
               ^^^^^^^^^^^^^^^^^^^^^^^^^^^^^^^^^^^^^^^^
  File "/Users/grizzly/.pyenv/versions/mt/lib/python3.12/site-packages/django/middleware/common.py", line 109, in process_response
    self.get_full_path_with_slash(request)
  File "/Users/grizzly/.pyenv/versions/mt/lib/python3.12/site-packages/django/middleware/common.py", line 87, in get_full_path_with_slash
    raise RuntimeError(
RuntimeError: You called this URL via POST, but the URL doesn't end in a slash and you have APPEND_SLASH set. Django can't redirect to the slash URL while maintaining POST data. Change your form to point to localhost:8000/api/users/refresh-token/ (note the trailing slash), or set APPEND_SLASH=False in your Django settings.
ERROR 2026-06-01 14:59:57,682 log 89752 6220378112 Internal Server Error: /api/users/refresh-token
Traceback (most recent call last):
  File "/Users/grizzly/.pyenv/versions/mt/lib/python3.12/site-packages/django/core/handlers/exception.py", line 55, in inner
    response = get_response(request)
               ^^^^^^^^^^^^^^^^^^^^^
  File "/Users/grizzly/.pyenv/versions/mt/lib/python3.12/site-packages/django/utils/deprecation.py", line 311, in __call__
    response = self.process_response(request, response)
               ^^^^^^^^^^^^^^^^^^^^^^^^^^^^^^^^^^^^^^^^
  File "/Users/grizzly/.pyenv/versions/mt/lib/python3.12/site-packages/django/middleware/common.py", line 109, in process_response
    self.get_full_path_with_slash(request)
  File "/Users/grizzly/.pyenv/versions/mt/lib/python3.12/site-packages/django/middleware/common.py", line 87, in get_full_path_with_slash
    raise RuntimeError(
RuntimeError: You called this URL via POST, but the URL doesn't end in a slash and you have APPEND_SLASH set. Django can't redirect to the slash URL while maintaining POST data. Change your form to point to localhost:8000/api/users/refresh-token/ (note the trailing slash), or set APPEND_SLASH=False in your Django settings.
ERROR 2026-06-01 14:59:57,691 log 89752 6135672832 Internal Server Error: /api/users/refresh-token
Traceback (most recent call last):
  File "/Users/grizzly/.pyenv/versions/mt/lib/python3.12/site-packages/django/core/handlers/exception.py", line 55, in inner
    response = get_response(request)
               ^^^^^^^^^^^^^^^^^^^^^
  File "/Users/grizzly/.pyenv/versions/mt/lib/python3.12/site-packages/django/utils/deprecation.py", line 311, in __call__
    response = self.process_response(request, response)
               ^^^^^^^^^^^^^^^^^^^^^^^^^^^^^^^^^^^^^^^^
  File "/Users/grizzly/.pyenv/versions/mt/lib/python3.12/site-packages/django/middleware/common.py", line 109, in process_response
    self.get_full_path_with_slash(request)
  File "/Users/grizzly/.pyenv/versions/mt/lib/python3.12/site-packages/django/middleware/common.py", line 87, in get_full_path_with_slash
    raise RuntimeError(
RuntimeError: You called this URL via POST, but the URL doesn't end in a slash and you have APPEND_SLASH set. Django can't redirect to the slash URL while maintaining POST data. Change your form to point to localhost:8000/api/users/refresh-token/ (note the trailing slash), or set APPEND_SLASH=False in your Django settings.
ERROR 2026-06-01 14:59:57,698 log 89752 6152499200 Internal Server Error: /api/users/refresh-token
Traceback (most recent call last):
  File "/Users/grizzly/.pyenv/versions/mt/lib/python3.12/site-packages/django/core/handlers/exception.py", line 55, in inner
    response = get_response(request)
               ^^^^^^^^^^^^^^^^^^^^^
  File "/Users/grizzly/.pyenv/versions/mt/lib/python3.12/site-packages/django/utils/deprecation.py", line 311, in __call__
    response = self.process_response(request, response)
               ^^^^^^^^^^^^^^^^^^^^^^^^^^^^^^^^^^^^^^^^
  File "/Users/grizzly/.pyenv/versions/mt/lib/python3.12/site-packages/django/middleware/common.py", line 109, in process_response
    self.get_full_path_with_slash(request)
  File "/Users/grizzly/.pyenv/versions/mt/lib/python3.12/site-packages/django/middleware/common.py", line 87, in get_full_path_with_slash
    raise RuntimeError(
RuntimeError: You called this URL via POST, but the URL doesn't end in a slash and you have APPEND_SLASH set. Django can't redirect to the slash URL while maintaining POST data. Change your form to point to localhost:8000/api/users/refresh-token/ (note the trailing slash), or set APPEND_SLASH=False in your Django settings.
ERROR 2026-06-01 14:59:57,721 log 89752 6186725376 Internal Server Error: /api/users/refresh-token
Traceback (most recent call last):
  File "/Users/grizzly/.pyenv/versions/mt/lib/python3.12/site-packages/django/core/handlers/exception.py", line 55, in inner
    response = get_response(request)
               ^^^^^^^^^^^^^^^^^^^^^
  File "/Users/grizzly/.pyenv/versions/mt/lib/python3.12/site-packages/django/utils/deprecation.py", line 311, in __call__
    response = self.process_response(request, response)
               ^^^^^^^^^^^^^^^^^^^^^^^^^^^^^^^^^^^^^^^^
  File "/Users/grizzly/.pyenv/versions/mt/lib/python3.12/site-packages/django/middleware/common.py", line 109, in process_response
    self.get_full_path_with_slash(request)
  File "/Users/grizzly/.pyenv/versions/mt/lib/python3.12/site-packages/django/middleware/common.py", line 87, in get_full_path_with_slash
    raise RuntimeError(
RuntimeError: You called this URL via POST, but the URL doesn't end in a slash and you have APPEND_SLASH set. Django can't redirect to the slash URL while maintaining POST data. Change your form to point to localhost:8000/api/users/refresh-token/ (note the trailing slash), or set APPEND_SLASH=False in your Django settings.
ERROR 2026-06-01 14:59:57,727 log 89752 6203551744 Internal Server Error: /api/users/refresh-token
Traceback (most recent call last):
  File "/Users/grizzly/.pyenv/versions/mt/lib/python3.12/site-packages/django/core/handlers/exception.py", line 55, in inner
    response = get_response(request)
               ^^^^^^^^^^^^^^^^^^^^^
  File "/Users/grizzly/.pyenv/versions/mt/lib/python3.12/site-packages/django/utils/deprecation.py", line 311, in __call__
    response = self.process_response(request, response)
               ^^^^^^^^^^^^^^^^^^^^^^^^^^^^^^^^^^^^^^^^
  File "/Users/grizzly/.pyenv/versions/mt/lib/python3.12/site-packages/django/middleware/common.py", line 109, in process_response
    self.get_full_path_with_slash(request)
  File "/Users/grizzly/.pyenv/versions/mt/lib/python3.12/site-packages/django/middleware/common.py", line 87, in get_full_path_with_slash
    raise RuntimeError(
RuntimeError: You called this URL via POST, but the URL doesn't end in a slash and you have APPEND_SLASH set. Django can't redirect to the slash URL while maintaining POST data. Change your form to point to localhost:8000/api/users/refresh-token/ (note the trailing slash), or set APPEND_SLASH=False in your Django settings.
WARNING 2026-06-01 15:19:23,474 log 89752 6152499200 Unauthorized: /api/users/profile/
WARNING 2026-06-01 15:19:23,484 log 89752 6135672832 Unauthorized: /api/transactions/transactions/
WARNING 2026-06-01 15:19:23,492 log 89752 6169899008 Unauthorized: /api/transactions/transactions/
WARNING 2026-06-01 15:19:23,493 log 89752 6135672832 Unauthorized: /api/users/profile/
WARNING 2026-06-01 15:19:23,497 log 89752 6186725376 Unauthorized: /api/transactions/transactions/
WARNING 2026-06-01 15:19:23,499 log 89752 6152499200 Unauthorized: /api/users/profile/
WARNING 2026-06-01 15:19:23,523 log 89752 6186725376 Unauthorized: /api/transactions/transactions/
WARNING 2026-06-01 15:19:23,524 log 89752 6152499200 Unauthorized: /api/users/profile/
ERROR 2026-06-01 15:19:23,542 log 89752 6220378112 Internal Server Error: /api/users/refresh-token
Traceback (most recent call last):
  File "/Users/grizzly/.pyenv/versions/mt/lib/python3.12/site-packages/django/core/handlers/exception.py", line 55, in inner
    response = get_response(request)
               ^^^^^^^^^^^^^^^^^^^^^
  File "/Users/grizzly/.pyenv/versions/mt/lib/python3.12/site-packages/django/utils/deprecation.py", line 311, in __call__
    response = self.process_response(request, response)
               ^^^^^^^^^^^^^^^^^^^^^^^^^^^^^^^^^^^^^^^^
  File "/Users/grizzly/.pyenv/versions/mt/lib/python3.12/site-packages/django/middleware/common.py", line 109, in process_response
    self.get_full_path_with_slash(request)
  File "/Users/grizzly/.pyenv/versions/mt/lib/python3.12/site-packages/django/middleware/common.py", line 87, in get_full_path_with_slash
    raise RuntimeError(
RuntimeError: You called this URL via POST, but the URL doesn't end in a slash and you have APPEND_SLASH set. Django can't redirect to the slash URL while maintaining POST data. Change your form to point to localhost:8000/api/users/refresh-token/ (note the trailing slash), or set APPEND_SLASH=False in your Django settings.
ERROR 2026-06-01 15:19:23,554 log 89752 6169899008 Internal Server Error: /api/users/refresh-token
Traceback (most recent call last):
  File "/Users/grizzly/.pyenv/versions/mt/lib/python3.12/site-packages/django/core/handlers/exception.py", line 55, in inner
    response = get_response(request)
               ^^^^^^^^^^^^^^^^^^^^^
  File "/Users/grizzly/.pyenv/versions/mt/lib/python3.12/site-packages/django/utils/deprecation.py", line 311, in __call__
    response = self.process_response(request, response)
               ^^^^^^^^^^^^^^^^^^^^^^^^^^^^^^^^^^^^^^^^
  File "/Users/grizzly/.pyenv/versions/mt/lib/python3.12/site-packages/django/middleware/common.py", line 109, in process_response
    self.get_full_path_with_slash(request)
  File "/Users/grizzly/.pyenv/versions/mt/lib/python3.12/site-packages/django/middleware/common.py", line 87, in get_full_path_with_slash
    raise RuntimeError(
RuntimeError: You called this URL via POST, but the URL doesn't end in a slash and you have APPEND_SLASH set. Django can't redirect to the slash URL while maintaining POST data. Change your form to point to localhost:8000/api/users/refresh-token/ (note the trailing slash), or set APPEND_SLASH=False in your Django settings.
ERROR 2026-06-01 15:19:23,565 log 89752 6135672832 Internal Server Error: /api/users/refresh-token
Traceback (most recent call last):
  File "/Users/grizzly/.pyenv/versions/mt/lib/python3.12/site-packages/django/core/handlers/exception.py", line 55, in inner
    response = get_response(request)
               ^^^^^^^^^^^^^^^^^^^^^
  File "/Users/grizzly/.pyenv/versions/mt/lib/python3.12/site-packages/django/utils/deprecation.py", line 311, in __call__
    response = self.process_response(request, response)
               ^^^^^^^^^^^^^^^^^^^^^^^^^^^^^^^^^^^^^^^^
  File "/Users/grizzly/.pyenv/versions/mt/lib/python3.12/site-packages/django/middleware/common.py", line 109, in process_response
    self.get_full_path_with_slash(request)
  File "/Users/grizzly/.pyenv/versions/mt/lib/python3.12/site-packages/django/middleware/common.py", line 87, in get_full_path_with_slash
    raise RuntimeError(
RuntimeError: You called this URL via POST, but the URL doesn't end in a slash and you have APPEND_SLASH set. Django can't redirect to the slash URL while maintaining POST data. Change your form to point to localhost:8000/api/users/refresh-token/ (note the trailing slash), or set APPEND_SLASH=False in your Django settings.
ERROR 2026-06-01 15:19:23,571 log 89752 6203551744 Internal Server Error: /api/users/refresh-token
Traceback (most recent call last):
  File "/Users/grizzly/.pyenv/versions/mt/lib/python3.12/site-packages/django/core/handlers/exception.py", line 55, in inner
    response = get_response(request)
               ^^^^^^^^^^^^^^^^^^^^^
  File "/Users/grizzly/.pyenv/versions/mt/lib/python3.12/site-packages/django/utils/deprecation.py", line 311, in __call__
    response = self.process_response(request, response)
               ^^^^^^^^^^^^^^^^^^^^^^^^^^^^^^^^^^^^^^^^
  File "/Users/grizzly/.pyenv/versions/mt/lib/python3.12/site-packages/django/middleware/common.py", line 109, in process_response
    self.get_full_path_with_slash(request)
  File "/Users/grizzly/.pyenv/versions/mt/lib/python3.12/site-packages/django/middleware/common.py", line 87, in get_full_path_with_slash
    raise RuntimeError(
RuntimeError: You called this URL via POST, but the URL doesn't end in a slash and you have APPEND_SLASH set. Django can't redirect to the slash URL while maintaining POST data. Change your form to point to localhost:8000/api/users/refresh-token/ (note the trailing slash), or set APPEND_SLASH=False in your Django settings.
ERROR 2026-06-01 15:19:23,584 log 89752 6152499200 Internal Server Error: /api/users/refresh-token
Traceback (most recent call last):
  File "/Users/grizzly/.pyenv/versions/mt/lib/python3.12/site-packages/django/core/handlers/exception.py", line 55, in inner
    response = get_response(request)
               ^^^^^^^^^^^^^^^^^^^^^
  File "/Users/grizzly/.pyenv/versions/mt/lib/python3.12/site-packages/django/utils/deprecation.py", line 311, in __call__
    response = self.process_response(request, response)
               ^^^^^^^^^^^^^^^^^^^^^^^^^^^^^^^^^^^^^^^^
  File "/Users/grizzly/.pyenv/versions/mt/lib/python3.12/site-packages/django/middleware/common.py", line 109, in process_response
    self.get_full_path_with_slash(request)
  File "/Users/grizzly/.pyenv/versions/mt/lib/python3.12/site-packages/django/middleware/common.py", line 87, in get_full_path_with_slash
    raise RuntimeError(
RuntimeError: You called this URL via POST, but the URL doesn't end in a slash and you have APPEND_SLASH set. Django can't redirect to the slash URL while maintaining POST data. Change your form to point to localhost:8000/api/users/refresh-token/ (note the trailing slash), or set APPEND_SLASH=False in your Django settings.
ERROR 2026-06-01 15:19:23,584 log 89752 6186725376 Internal Server Error: /api/users/refresh-token
Traceback (most recent call last):
  File "/Users/grizzly/.pyenv/versions/mt/lib/python3.12/site-packages/django/core/handlers/exception.py", line 55, in inner
    response = get_response(request)
               ^^^^^^^^^^^^^^^^^^^^^
  File "/Users/grizzly/.pyenv/versions/mt/lib/python3.12/site-packages/django/utils/deprecation.py", line 311, in __call__
    response = self.process_response(request, response)
               ^^^^^^^^^^^^^^^^^^^^^^^^^^^^^^^^^^^^^^^^
  File "/Users/grizzly/.pyenv/versions/mt/lib/python3.12/site-packages/django/middleware/common.py", line 109, in process_response
    self.get_full_path_with_slash(request)
  File "/Users/grizzly/.pyenv/versions/mt/lib/python3.12/site-packages/django/middleware/common.py", line 87, in get_full_path_with_slash
    raise RuntimeError(
RuntimeError: You called this URL via POST, but the URL doesn't end in a slash and you have APPEND_SLASH set. Django can't redirect to the slash URL while maintaining POST data. Change your form to point to localhost:8000/api/users/refresh-token/ (note the trailing slash), or set APPEND_SLASH=False in your Django settings.
ERROR 2026-06-01 15:19:23,604 log 89752 6220378112 Internal Server Error: /api/users/refresh-token
Traceback (most recent call last):
  File "/Users/grizzly/.pyenv/versions/mt/lib/python3.12/site-packages/django/core/handlers/exception.py", line 55, in inner
    response = get_response(request)
               ^^^^^^^^^^^^^^^^^^^^^
  File "/Users/grizzly/.pyenv/versions/mt/lib/python3.12/site-packages/django/utils/deprecation.py", line 311, in __call__
    response = self.process_response(request, response)
               ^^^^^^^^^^^^^^^^^^^^^^^^^^^^^^^^^^^^^^^^
  File "/Users/grizzly/.pyenv/versions/mt/lib/python3.12/site-packages/django/middleware/common.py", line 109, in process_response
    self.get_full_path_with_slash(request)
  File "/Users/grizzly/.pyenv/versions/mt/lib/python3.12/site-packages/django/middleware/common.py", line 87, in get_full_path_with_slash
    raise RuntimeError(
RuntimeError: You called this URL via POST, but the URL doesn't end in a slash and you have APPEND_SLASH set. Django can't redirect to the slash URL while maintaining POST data. Change your form to point to localhost:8000/api/users/refresh-token/ (note the trailing slash), or set APPEND_SLASH=False in your Django settings.
ERROR 2026-06-01 15:19:23,615 log 89752 6169899008 Internal Server Error: /api/users/refresh-token
Traceback (most recent call last):
  File "/Users/grizzly/.pyenv/versions/mt/lib/python3.12/site-packages/django/core/handlers/exception.py", line 55, in inner
    response = get_response(request)
               ^^^^^^^^^^^^^^^^^^^^^
  File "/Users/grizzly/.pyenv/versions/mt/lib/python3.12/site-packages/django/utils/deprecation.py", line 311, in __call__
    response = self.process_response(request, response)
               ^^^^^^^^^^^^^^^^^^^^^^^^^^^^^^^^^^^^^^^^
  File "/Users/grizzly/.pyenv/versions/mt/lib/python3.12/site-packages/django/middleware/common.py", line 109, in process_response
    self.get_full_path_with_slash(request)
  File "/Users/grizzly/.pyenv/versions/mt/lib/python3.12/site-packages/django/middleware/common.py", line 87, in get_full_path_with_slash
    raise RuntimeError(
RuntimeError: You called this URL via POST, but the URL doesn't end in a slash and you have APPEND_SLASH set. Django can't redirect to the slash URL while maintaining POST data. Change your form to point to localhost:8000/api/users/refresh-token/ (note the trailing slash), or set APPEND_SLASH=False in your Django settings.
WARNING 2026-06-01 16:00:09,444 log 89752 6135672832 Unauthorized: /api/transactions/transactions/
WARNING 2026-06-01 16:00:09,445 log 89752 6152499200 Unauthorized: /api/users/profile/
WARNING 2026-06-01 16:00:09,450 log 89752 6135672832 Unauthorized: /api/transactions/transactions/
WARNING 2026-06-01 16:00:09,455 log 89752 6169899008 Unauthorized: /api/users/profile/
WARNING 2026-06-01 16:00:09,480 log 89752 6135672832 Unauthorized: /api/transactions/transactions/
WARNING 2026-06-01 16:00:09,503 log 89752 6135672832 Unauthorized: /api/transactions/transactions/
WARNING 2026-06-01 16:00:09,505 log 89752 6220378112 Unauthorized: /api/users/profile/
WARNING 2026-06-01 16:00:09,517 log 89752 6220378112 Unauthorized: /api/users/profile/
ERROR 2026-06-01 16:00:09,541 log 89752 6152499200 Internal Server Error: /api/users/refresh-token
Traceback (most recent call last):
  File "/Users/grizzly/.pyenv/versions/mt/lib/python3.12/site-packages/django/core/handlers/exception.py", line 55, in inner
    response = get_response(request)
               ^^^^^^^^^^^^^^^^^^^^^
  File "/Users/grizzly/.pyenv/versions/mt/lib/python3.12/site-packages/django/utils/deprecation.py", line 311, in __call__
    response = self.process_response(request, response)
               ^^^^^^^^^^^^^^^^^^^^^^^^^^^^^^^^^^^^^^^^
  File "/Users/grizzly/.pyenv/versions/mt/lib/python3.12/site-packages/django/middleware/common.py", line 109, in process_response
    self.get_full_path_with_slash(request)
  File "/Users/grizzly/.pyenv/versions/mt/lib/python3.12/site-packages/django/middleware/common.py", line 87, in get_full_path_with_slash
    raise RuntimeError(
RuntimeError: You called this URL via POST, but the URL doesn't end in a slash and you have APPEND_SLASH set. Django can't redirect to the slash URL while maintaining POST data. Change your form to point to localhost:8000/api/users/refresh-token/ (note the trailing slash), or set APPEND_SLASH=False in your Django settings.
ERROR 2026-06-01 16:00:09,548 log 89752 6186725376 Internal Server Error: /api/users/refresh-token
Traceback (most recent call last):
  File "/Users/grizzly/.pyenv/versions/mt/lib/python3.12/site-packages/django/core/handlers/exception.py", line 55, in inner
    response = get_response(request)
               ^^^^^^^^^^^^^^^^^^^^^
  File "/Users/grizzly/.pyenv/versions/mt/lib/python3.12/site-packages/django/utils/deprecation.py", line 311, in __call__
    response = self.process_response(request, response)
               ^^^^^^^^^^^^^^^^^^^^^^^^^^^^^^^^^^^^^^^^
  File "/Users/grizzly/.pyenv/versions/mt/lib/python3.12/site-packages/django/middleware/common.py", line 109, in process_response
    self.get_full_path_with_slash(request)
  File "/Users/grizzly/.pyenv/versions/mt/lib/python3.12/site-packages/django/middleware/common.py", line 87, in get_full_path_with_slash
    raise RuntimeError(
RuntimeError: You called this URL via POST, but the URL doesn't end in a slash and you have APPEND_SLASH set. Django can't redirect to the slash URL while maintaining POST data. Change your form to point to localhost:8000/api/users/refresh-token/ (note the trailing slash), or set APPEND_SLASH=False in your Django settings.
ERROR 2026-06-01 16:00:09,560 log 89752 6203551744 Internal Server Error: /api/users/refresh-token
Traceback (most recent call last):
  File "/Users/grizzly/.pyenv/versions/mt/lib/python3.12/site-packages/django/core/handlers/exception.py", line 55, in inner
    response = get_response(request)
               ^^^^^^^^^^^^^^^^^^^^^
  File "/Users/grizzly/.pyenv/versions/mt/lib/python3.12/site-packages/django/utils/deprecation.py", line 311, in __call__
    response = self.process_response(request, response)
               ^^^^^^^^^^^^^^^^^^^^^^^^^^^^^^^^^^^^^^^^
  File "/Users/grizzly/.pyenv/versions/mt/lib/python3.12/site-packages/django/middleware/common.py", line 109, in process_response
    self.get_full_path_with_slash(request)
  File "/Users/grizzly/.pyenv/versions/mt/lib/python3.12/site-packages/django/middleware/common.py", line 87, in get_full_path_with_slash
    raise RuntimeError(
RuntimeError: You called this URL via POST, but the URL doesn't end in a slash and you have APPEND_SLASH set. Django can't redirect to the slash URL while maintaining POST data. Change your form to point to localhost:8000/api/users/refresh-token/ (note the trailing slash), or set APPEND_SLASH=False in your Django settings.
ERROR 2026-06-01 16:00:09,571 log 89752 6169899008 Internal Server Error: /api/users/refresh-token
Traceback (most recent call last):
  File "/Users/grizzly/.pyenv/versions/mt/lib/python3.12/site-packages/django/core/handlers/exception.py", line 55, in inner
    response = get_response(request)
               ^^^^^^^^^^^^^^^^^^^^^
  File "/Users/grizzly/.pyenv/versions/mt/lib/python3.12/site-packages/django/utils/deprecation.py", line 311, in __call__
    response = self.process_response(request, response)
               ^^^^^^^^^^^^^^^^^^^^^^^^^^^^^^^^^^^^^^^^
  File "/Users/grizzly/.pyenv/versions/mt/lib/python3.12/site-packages/django/middleware/common.py", line 109, in process_response
    self.get_full_path_with_slash(request)
  File "/Users/grizzly/.pyenv/versions/mt/lib/python3.12/site-packages/django/middleware/common.py", line 87, in get_full_path_with_slash
    raise RuntimeError(
RuntimeError: You called this URL via POST, but the URL doesn't end in a slash and you have APPEND_SLASH set. Django can't redirect to the slash URL while maintaining POST data. Change your form to point to localhost:8000/api/users/refresh-token/ (note the trailing slash), or set APPEND_SLASH=False in your Django settings.
ERROR 2026-06-01 16:00:09,592 log 89752 6135672832 Internal Server Error: /api/users/refresh-token
Traceback (most recent call last):
  File "/Users/grizzly/.pyenv/versions/mt/lib/python3.12/site-packages/django/core/handlers/exception.py", line 55, in inner
    response = get_response(request)
               ^^^^^^^^^^^^^^^^^^^^^
  File "/Users/grizzly/.pyenv/versions/mt/lib/python3.12/site-packages/django/utils/deprecation.py", line 311, in __call__
    response = self.process_response(request, response)
               ^^^^^^^^^^^^^^^^^^^^^^^^^^^^^^^^^^^^^^^^
  File "/Users/grizzly/.pyenv/versions/mt/lib/python3.12/site-packages/django/middleware/common.py", line 109, in process_response
    self.get_full_path_with_slash(request)
  File "/Users/grizzly/.pyenv/versions/mt/lib/python3.12/site-packages/django/middleware/common.py", line 87, in get_full_path_with_slash
    raise RuntimeError(
RuntimeError: You called this URL via POST, but the URL doesn't end in a slash and you have APPEND_SLASH set. Django can't redirect to the slash URL while maintaining POST data. Change your form to point to localhost:8000/api/users/refresh-token/ (note the trailing slash), or set APPEND_SLASH=False in your Django settings.
ERROR 2026-06-01 16:00:09,639 log 89752 6220378112 Internal Server Error: /api/users/refresh-token
Traceback (most recent call last):
  File "/Users/grizzly/.pyenv/versions/mt/lib/python3.12/site-packages/django/core/handlers/exception.py", line 55, in inner
    response = get_response(request)
               ^^^^^^^^^^^^^^^^^^^^^
  File "/Users/grizzly/.pyenv/versions/mt/lib/python3.12/site-packages/django/utils/deprecation.py", line 311, in __call__
    response = self.process_response(request, response)
               ^^^^^^^^^^^^^^^^^^^^^^^^^^^^^^^^^^^^^^^^
  File "/Users/grizzly/.pyenv/versions/mt/lib/python3.12/site-packages/django/middleware/common.py", line 109, in process_response
    self.get_full_path_with_slash(request)
  File "/Users/grizzly/.pyenv/versions/mt/lib/python3.12/site-packages/django/middleware/common.py", line 87, in get_full_path_with_slash
    raise RuntimeError(
RuntimeError: You called this URL via POST, but the URL doesn't end in a slash and you have APPEND_SLASH set. Django can't redirect to the slash URL while maintaining POST data. Change your form to point to localhost:8000/api/users/refresh-token/ (note the trailing slash), or set APPEND_SLASH=False in your Django settings.
ERROR 2026-06-01 16:00:09,646 log 89752 6152499200 Internal Server Error: /api/users/refresh-token
Traceback (most recent call last):
  File "/Users/grizzly/.pyenv/versions/mt/lib/python3.12/site-packages/django/core/handlers/exception.py", line 55, in inner
    response = get_response(request)
               ^^^^^^^^^^^^^^^^^^^^^
  File "/Users/grizzly/.pyenv/versions/mt/lib/python3.12/site-packages/django/utils/deprecation.py", line 311, in __call__
    response = self.process_response(request, response)
               ^^^^^^^^^^^^^^^^^^^^^^^^^^^^^^^^^^^^^^^^
  File "/Users/grizzly/.pyenv/versions/mt/lib/python3.12/site-packages/django/middleware/common.py", line 109, in process_response
    self.get_full_path_with_slash(request)
  File "/Users/grizzly/.pyenv/versions/mt/lib/python3.12/site-packages/django/middleware/common.py", line 87, in get_full_path_with_slash
    raise RuntimeError(
RuntimeError: You called this URL via POST, but the URL doesn't end in a slash and you have APPEND_SLASH set. Django can't redirect to the slash URL while maintaining POST data. Change your form to point to localhost:8000/api/users/refresh-token/ (note the trailing slash), or set APPEND_SLASH=False in your Django settings.
ERROR 2026-06-01 16:00:09,652 log 89752 6186725376 Internal Server Error: /api/users/refresh-token
Traceback (most recent call last):
  File "/Users/grizzly/.pyenv/versions/mt/lib/python3.12/site-packages/django/core/handlers/exception.py", line 55, in inner
    response = get_response(request)
               ^^^^^^^^^^^^^^^^^^^^^
  File "/Users/grizzly/.pyenv/versions/mt/lib/python3.12/site-packages/django/utils/deprecation.py", line 311, in __call__
    response = self.process_response(request, response)
               ^^^^^^^^^^^^^^^^^^^^^^^^^^^^^^^^^^^^^^^^
  File "/Users/grizzly/.pyenv/versions/mt/lib/python3.12/site-packages/django/middleware/common.py", line 109, in process_response
    self.get_full_path_with_slash(request)
  File "/Users/grizzly/.pyenv/versions/mt/lib/python3.12/site-packages/django/middleware/common.py", line 87, in get_full_path_with_slash
    raise RuntimeError(
RuntimeError: You called this URL via POST, but the URL doesn't end in a slash and you have APPEND_SLASH set. Django can't redirect to the slash URL while maintaining POST data. Change your form to point to localhost:8000/api/users/refresh-token/ (note the trailing slash), or set APPEND_SLASH=False in your Django settings.
WARNING 2026-06-01 16:24:12,809 log 89752 6135672832 Unauthorized: /api/transactions/transactions/
WARNING 2026-06-01 16:24:12,809 log 89752 6152499200 Unauthorized: /api/users/profile/
WARNING 2026-06-01 16:24:12,830 log 89752 6169899008 Unauthorized: /api/transactions/transactions/
WARNING 2026-06-01 16:24:12,837 log 89752 6135672832 Unauthorized: /api/users/profile/
WARNING 2026-06-01 16:24:12,839 log 89752 6152499200 Unauthorized: /api/transactions/transactions/
WARNING 2026-06-01 16:24:12,842 log 89752 6169899008 Unauthorized: /api/transactions/transactions/
WARNING 2026-06-01 16:24:12,844 log 89752 6152499200 Unauthorized: /api/users/profile/
WARNING 2026-06-01 16:24:12,849 log 89752 6152499200 Unauthorized: /api/users/profile/
ERROR 2026-06-01 16:24:12,896 log 89752 6220378112 Internal Server Error: /api/users/refresh-token
Traceback (most recent call last):
  File "/Users/grizzly/.pyenv/versions/mt/lib/python3.12/site-packages/django/core/handlers/exception.py", line 55, in inner
    response = get_response(request)
               ^^^^^^^^^^^^^^^^^^^^^
  File "/Users/grizzly/.pyenv/versions/mt/lib/python3.12/site-packages/django/utils/deprecation.py", line 311, in __call__
    response = self.process_response(request, response)
               ^^^^^^^^^^^^^^^^^^^^^^^^^^^^^^^^^^^^^^^^
  File "/Users/grizzly/.pyenv/versions/mt/lib/python3.12/site-packages/django/middleware/common.py", line 109, in process_response
    self.get_full_path_with_slash(request)
  File "/Users/grizzly/.pyenv/versions/mt/lib/python3.12/site-packages/django/middleware/common.py", line 87, in get_full_path_with_slash
    raise RuntimeError(
RuntimeError: You called this URL via POST, but the URL doesn't end in a slash and you have APPEND_SLASH set. Django can't redirect to the slash URL while maintaining POST data. Change your form to point to localhost:8000/api/users/refresh-token/ (note the trailing slash), or set APPEND_SLASH=False in your Django settings.
ERROR 2026-06-01 16:24:12,904 log 89752 6169899008 Internal Server Error: /api/users/refresh-token
Traceback (most recent call last):
  File "/Users/grizzly/.pyenv/versions/mt/lib/python3.12/site-packages/django/core/handlers/exception.py", line 55, in inner
    response = get_response(request)
               ^^^^^^^^^^^^^^^^^^^^^
  File "/Users/grizzly/.pyenv/versions/mt/lib/python3.12/site-packages/django/utils/deprecation.py", line 311, in __call__
    response = self.process_response(request, response)
               ^^^^^^^^^^^^^^^^^^^^^^^^^^^^^^^^^^^^^^^^
  File "/Users/grizzly/.pyenv/versions/mt/lib/python3.12/site-packages/django/middleware/common.py", line 109, in process_response
    self.get_full_path_with_slash(request)
  File "/Users/grizzly/.pyenv/versions/mt/lib/python3.12/site-packages/django/middleware/common.py", line 87, in get_full_path_with_slash
    raise RuntimeError(
RuntimeError: You called this URL via POST, but the URL doesn't end in a slash and you have APPEND_SLASH set. Django can't redirect to the slash URL while maintaining POST data. Change your form to point to localhost:8000/api/users/refresh-token/ (note the trailing slash), or set APPEND_SLASH=False in your Django settings.
ERROR 2026-06-01 16:24:12,911 log 89752 6135672832 Internal Server Error: /api/users/refresh-token
Traceback (most recent call last):
  File "/Users/grizzly/.pyenv/versions/mt/lib/python3.12/site-packages/django/core/handlers/exception.py", line 55, in inner
    response = get_response(request)
               ^^^^^^^^^^^^^^^^^^^^^
  File "/Users/grizzly/.pyenv/versions/mt/lib/python3.12/site-packages/django/utils/deprecation.py", line 311, in __call__
    response = self.process_response(request, response)
               ^^^^^^^^^^^^^^^^^^^^^^^^^^^^^^^^^^^^^^^^
  File "/Users/grizzly/.pyenv/versions/mt/lib/python3.12/site-packages/django/middleware/common.py", line 109, in process_response
    self.get_full_path_with_slash(request)
  File "/Users/grizzly/.pyenv/versions/mt/lib/python3.12/site-packages/django/middleware/common.py", line 87, in get_full_path_with_slash
    raise RuntimeError(
RuntimeError: You called this URL via POST, but the URL doesn't end in a slash and you have APPEND_SLASH set. Django can't redirect to the slash URL while maintaining POST data. Change your form to point to localhost:8000/api/users/refresh-token/ (note the trailing slash), or set APPEND_SLASH=False in your Django settings.
ERROR 2026-06-01 16:24:12,918 log 89752 6186725376 Internal Server Error: /api/users/refresh-token
Traceback (most recent call last):
  File "/Users/grizzly/.pyenv/versions/mt/lib/python3.12/site-packages/django/core/handlers/exception.py", line 55, in inner
    response = get_response(request)
               ^^^^^^^^^^^^^^^^^^^^^
  File "/Users/grizzly/.pyenv/versions/mt/lib/python3.12/site-packages/django/utils/deprecation.py", line 311, in __call__
    response = self.process_response(request, response)
               ^^^^^^^^^^^^^^^^^^^^^^^^^^^^^^^^^^^^^^^^
  File "/Users/grizzly/.pyenv/versions/mt/lib/python3.12/site-packages/django/middleware/common.py", line 109, in process_response
    self.get_full_path_with_slash(request)
  File "/Users/grizzly/.pyenv/versions/mt/lib/python3.12/site-packages/django/middleware/common.py", line 87, in get_full_path_with_slash
    raise RuntimeError(
RuntimeError: You called this URL via POST, but the URL doesn't end in a slash and you have APPEND_SLASH set. Django can't redirect to the slash URL while maintaining POST data. Change your form to point to localhost:8000/api/users/refresh-token/ (note the trailing slash), or set APPEND_SLASH=False in your Django settings.
ERROR 2026-06-01 16:24:12,924 log 89752 6152499200 Internal Server Error: /api/users/refresh-token
Traceback (most recent call last):
  File "/Users/grizzly/.pyenv/versions/mt/lib/python3.12/site-packages/django/core/handlers/exception.py", line 55, in inner
    response = get_response(request)
               ^^^^^^^^^^^^^^^^^^^^^
  File "/Users/grizzly/.pyenv/versions/mt/lib/python3.12/site-packages/django/utils/deprecation.py", line 311, in __call__
    response = self.process_response(request, response)
               ^^^^^^^^^^^^^^^^^^^^^^^^^^^^^^^^^^^^^^^^
  File "/Users/grizzly/.pyenv/versions/mt/lib/python3.12/site-packages/django/middleware/common.py", line 109, in process_response
    self.get_full_path_with_slash(request)
  File "/Users/grizzly/.pyenv/versions/mt/lib/python3.12/site-packages/django/middleware/common.py", line 87, in get_full_path_with_slash
    raise RuntimeError(
RuntimeError: You called this URL via POST, but the URL doesn't end in a slash and you have APPEND_SLASH set. Django can't redirect to the slash URL while maintaining POST data. Change your form to point to localhost:8000/api/users/refresh-token/ (note the trailing slash), or set APPEND_SLASH=False in your Django settings.
ERROR 2026-06-01 16:24:12,931 log 89752 6203551744 Internal Server Error: /api/users/refresh-token
Traceback (most recent call last):
  File "/Users/grizzly/.pyenv/versions/mt/lib/python3.12/site-packages/django/core/handlers/exception.py", line 55, in inner
    response = get_response(request)
               ^^^^^^^^^^^^^^^^^^^^^
  File "/Users/grizzly/.pyenv/versions/mt/lib/python3.12/site-packages/django/utils/deprecation.py", line 311, in __call__
    response = self.process_response(request, response)
               ^^^^^^^^^^^^^^^^^^^^^^^^^^^^^^^^^^^^^^^^
  File "/Users/grizzly/.pyenv/versions/mt/lib/python3.12/site-packages/django/middleware/common.py", line 109, in process_response
    self.get_full_path_with_slash(request)
  File "/Users/grizzly/.pyenv/versions/mt/lib/python3.12/site-packages/django/middleware/common.py", line 87, in get_full_path_with_slash
    raise RuntimeError(
RuntimeError: You called this URL via POST, but the URL doesn't end in a slash and you have APPEND_SLASH set. Django can't redirect to the slash URL while maintaining POST data. Change your form to point to localhost:8000/api/users/refresh-token/ (note the trailing slash), or set APPEND_SLASH=False in your Django settings.
ERROR 2026-06-01 16:24:12,959 log 89752 6186725376 Internal Server Error: /api/users/refresh-token
Traceback (most recent call last):
  File "/Users/grizzly/.pyenv/versions/mt/lib/python3.12/site-packages/django/core/handlers/exception.py", line 55, in inner
    response = get_response(request)
               ^^^^^^^^^^^^^^^^^^^^^
  File "/Users/grizzly/.pyenv/versions/mt/lib/python3.12/site-packages/django/utils/deprecation.py", line 311, in __call__
    response = self.process_response(request, response)
               ^^^^^^^^^^^^^^^^^^^^^^^^^^^^^^^^^^^^^^^^
  File "/Users/grizzly/.pyenv/versions/mt/lib/python3.12/site-packages/django/middleware/common.py", line 109, in process_response
    self.get_full_path_with_slash(request)
  File "/Users/grizzly/.pyenv/versions/mt/lib/python3.12/site-packages/django/middleware/common.py", line 87, in get_full_path_with_slash
    raise RuntimeError(
RuntimeError: You called this URL via POST, but the URL doesn't end in a slash and you have APPEND_SLASH set. Django can't redirect to the slash URL while maintaining POST data. Change your form to point to localhost:8000/api/users/refresh-token/ (note the trailing slash), or set APPEND_SLASH=False in your Django settings.
ERROR 2026-06-01 16:24:12,966 log 89752 6169899008 Internal Server Error: /api/users/refresh-token
Traceback (most recent call last):
  File "/Users/grizzly/.pyenv/versions/mt/lib/python3.12/site-packages/django/core/handlers/exception.py", line 55, in inner
    response = get_response(request)
               ^^^^^^^^^^^^^^^^^^^^^
  File "/Users/grizzly/.pyenv/versions/mt/lib/python3.12/site-packages/django/utils/deprecation.py", line 311, in __call__
    response = self.process_response(request, response)
               ^^^^^^^^^^^^^^^^^^^^^^^^^^^^^^^^^^^^^^^^
  File "/Users/grizzly/.pyenv/versions/mt/lib/python3.12/site-packages/django/middleware/common.py", line 109, in process_response
    self.get_full_path_with_slash(request)
  File "/Users/grizzly/.pyenv/versions/mt/lib/python3.12/site-packages/django/middleware/common.py", line 87, in get_full_path_with_slash
    raise RuntimeError(
RuntimeError: You called this URL via POST, but the URL doesn't end in a slash and you have APPEND_SLASH set. Django can't redirect to the slash URL while maintaining POST data. Change your form to point to localhost:8000/api/users/refresh-token/ (note the trailing slash), or set APPEND_SLASH=False in your Django settings.
WARNING 2026-06-01 16:50:10,964 log 89752 6152499200 Unauthorized: /api/users/profile/
WARNING 2026-06-01 16:50:10,964 log 89752 6135672832 Unauthorized: /api/transactions/transactions/
WARNING 2026-06-01 16:50:10,973 log 89752 6169899008 Unauthorized: /api/users/profile/
WARNING 2026-06-01 16:50:10,981 log 89752 6152499200 Unauthorized: /api/transactions/transactions/
WARNING 2026-06-01 16:50:10,986 log 89752 6152499200 Unauthorized: /api/transactions/transactions/
WARNING 2026-06-01 16:50:10,989 log 89752 6203551744 Unauthorized: /api/users/profile/
WARNING 2026-06-01 16:50:11,008 log 89752 6152499200 Unauthorized: /api/transactions/transactions/
WARNING 2026-06-01 16:50:11,022 log 89752 6152499200 Unauthorized: /api/users/profile/
ERROR 2026-06-01 16:50:11,034 log 89752 6186725376 Internal Server Error: /api/users/refresh-token
Traceback (most recent call last):
  File "/Users/grizzly/.pyenv/versions/mt/lib/python3.12/site-packages/django/core/handlers/exception.py", line 55, in inner
    response = get_response(request)
               ^^^^^^^^^^^^^^^^^^^^^
  File "/Users/grizzly/.pyenv/versions/mt/lib/python3.12/site-packages/django/utils/deprecation.py", line 311, in __call__
    response = self.process_response(request, response)
               ^^^^^^^^^^^^^^^^^^^^^^^^^^^^^^^^^^^^^^^^
  File "/Users/grizzly/.pyenv/versions/mt/lib/python3.12/site-packages/django/middleware/common.py", line 109, in process_response
    self.get_full_path_with_slash(request)
  File "/Users/grizzly/.pyenv/versions/mt/lib/python3.12/site-packages/django/middleware/common.py", line 87, in get_full_path_with_slash
    raise RuntimeError(
RuntimeError: You called this URL via POST, but the URL doesn't end in a slash and you have APPEND_SLASH set. Django can't redirect to the slash URL while maintaining POST data. Change your form to point to localhost:8000/api/users/refresh-token/ (note the trailing slash), or set APPEND_SLASH=False in your Django settings.
ERROR 2026-06-01 16:50:11,049 log 89752 6135672832 Internal Server Error: /api/users/refresh-token
Traceback (most recent call last):
  File "/Users/grizzly/.pyenv/versions/mt/lib/python3.12/site-packages/django/core/handlers/exception.py", line 55, in inner
    response = get_response(request)
               ^^^^^^^^^^^^^^^^^^^^^
  File "/Users/grizzly/.pyenv/versions/mt/lib/python3.12/site-packages/django/utils/deprecation.py", line 311, in __call__
    response = self.process_response(request, response)
               ^^^^^^^^^^^^^^^^^^^^^^^^^^^^^^^^^^^^^^^^
  File "/Users/grizzly/.pyenv/versions/mt/lib/python3.12/site-packages/django/middleware/common.py", line 109, in process_response
    self.get_full_path_with_slash(request)
  File "/Users/grizzly/.pyenv/versions/mt/lib/python3.12/site-packages/django/middleware/common.py", line 87, in get_full_path_with_slash
    raise RuntimeError(
RuntimeError: You called this URL via POST, but the URL doesn't end in a slash and you have APPEND_SLASH set. Django can't redirect to the slash URL while maintaining POST data. Change your form to point to localhost:8000/api/users/refresh-token/ (note the trailing slash), or set APPEND_SLASH=False in your Django settings.
ERROR 2026-06-01 16:50:11,055 log 89752 6220378112 Internal Server Error: /api/users/refresh-token
Traceback (most recent call last):
  File "/Users/grizzly/.pyenv/versions/mt/lib/python3.12/site-packages/django/core/handlers/exception.py", line 55, in inner
    response = get_response(request)
               ^^^^^^^^^^^^^^^^^^^^^
  File "/Users/grizzly/.pyenv/versions/mt/lib/python3.12/site-packages/django/utils/deprecation.py", line 311, in __call__
    response = self.process_response(request, response)
               ^^^^^^^^^^^^^^^^^^^^^^^^^^^^^^^^^^^^^^^^
  File "/Users/grizzly/.pyenv/versions/mt/lib/python3.12/site-packages/django/middleware/common.py", line 109, in process_response
    self.get_full_path_with_slash(request)
  File "/Users/grizzly/.pyenv/versions/mt/lib/python3.12/site-packages/django/middleware/common.py", line 87, in get_full_path_with_slash
    raise RuntimeError(
RuntimeError: You called this URL via POST, but the URL doesn't end in a slash and you have APPEND_SLASH set. Django can't redirect to the slash URL while maintaining POST data. Change your form to point to localhost:8000/api/users/refresh-token/ (note the trailing slash), or set APPEND_SLASH=False in your Django settings.
ERROR 2026-06-01 16:50:11,065 log 89752 6169899008 Internal Server Error: /api/users/refresh-token
Traceback (most recent call last):
  File "/Users/grizzly/.pyenv/versions/mt/lib/python3.12/site-packages/django/core/handlers/exception.py", line 55, in inner
    response = get_response(request)
               ^^^^^^^^^^^^^^^^^^^^^
  File "/Users/grizzly/.pyenv/versions/mt/lib/python3.12/site-packages/django/utils/deprecation.py", line 311, in __call__
    response = self.process_response(request, response)
               ^^^^^^^^^^^^^^^^^^^^^^^^^^^^^^^^^^^^^^^^
  File "/Users/grizzly/.pyenv/versions/mt/lib/python3.12/site-packages/django/middleware/common.py", line 109, in process_response
    self.get_full_path_with_slash(request)
  File "/Users/grizzly/.pyenv/versions/mt/lib/python3.12/site-packages/django/middleware/common.py", line 87, in get_full_path_with_slash
    raise RuntimeError(
RuntimeError: You called this URL via POST, but the URL doesn't end in a slash and you have APPEND_SLASH set. Django can't redirect to the slash URL while maintaining POST data. Change your form to point to localhost:8000/api/users/refresh-token/ (note the trailing slash), or set APPEND_SLASH=False in your Django settings.
ERROR 2026-06-01 16:50:11,074 log 89752 6203551744 Internal Server Error: /api/users/refresh-token
Traceback (most recent call last):
  File "/Users/grizzly/.pyenv/versions/mt/lib/python3.12/site-packages/django/core/handlers/exception.py", line 55, in inner
    response = get_response(request)
               ^^^^^^^^^^^^^^^^^^^^^
  File "/Users/grizzly/.pyenv/versions/mt/lib/python3.12/site-packages/django/utils/deprecation.py", line 311, in __call__
    response = self.process_response(request, response)
               ^^^^^^^^^^^^^^^^^^^^^^^^^^^^^^^^^^^^^^^^
  File "/Users/grizzly/.pyenv/versions/mt/lib/python3.12/site-packages/django/middleware/common.py", line 109, in process_response
    self.get_full_path_with_slash(request)
  File "/Users/grizzly/.pyenv/versions/mt/lib/python3.12/site-packages/django/middleware/common.py", line 87, in get_full_path_with_slash
    raise RuntimeError(
RuntimeError: You called this URL via POST, but the URL doesn't end in a slash and you have APPEND_SLASH set. Django can't redirect to the slash URL while maintaining POST data. Change your form to point to localhost:8000/api/users/refresh-token/ (note the trailing slash), or set APPEND_SLASH=False in your Django settings.
ERROR 2026-06-01 16:50:11,094 log 89752 6152499200 Internal Server Error: /api/users/refresh-token
Traceback (most recent call last):
  File "/Users/grizzly/.pyenv/versions/mt/lib/python3.12/site-packages/django/core/handlers/exception.py", line 55, in inner
    response = get_response(request)
               ^^^^^^^^^^^^^^^^^^^^^
  File "/Users/grizzly/.pyenv/versions/mt/lib/python3.12/site-packages/django/utils/deprecation.py", line 311, in __call__
    response = self.process_response(request, response)
               ^^^^^^^^^^^^^^^^^^^^^^^^^^^^^^^^^^^^^^^^
  File "/Users/grizzly/.pyenv/versions/mt/lib/python3.12/site-packages/django/middleware/common.py", line 109, in process_response
    self.get_full_path_with_slash(request)
  File "/Users/grizzly/.pyenv/versions/mt/lib/python3.12/site-packages/django/middleware/common.py", line 87, in get_full_path_with_slash
    raise RuntimeError(
RuntimeError: You called this URL via POST, but the URL doesn't end in a slash and you have APPEND_SLASH set. Django can't redirect to the slash URL while maintaining POST data. Change your form to point to localhost:8000/api/users/refresh-token/ (note the trailing slash), or set APPEND_SLASH=False in your Django settings.
ERROR 2026-06-01 16:50:11,111 log 89752 6186725376 Internal Server Error: /api/users/refresh-token
Traceback (most recent call last):
  File "/Users/grizzly/.pyenv/versions/mt/lib/python3.12/site-packages/django/core/handlers/exception.py", line 55, in inner
    response = get_response(request)
               ^^^^^^^^^^^^^^^^^^^^^
  File "/Users/grizzly/.pyenv/versions/mt/lib/python3.12/site-packages/django/utils/deprecation.py", line 311, in __call__
    response = self.process_response(request, response)
               ^^^^^^^^^^^^^^^^^^^^^^^^^^^^^^^^^^^^^^^^
  File "/Users/grizzly/.pyenv/versions/mt/lib/python3.12/site-packages/django/middleware/common.py", line 109, in process_response
    self.get_full_path_with_slash(request)
  File "/Users/grizzly/.pyenv/versions/mt/lib/python3.12/site-packages/django/middleware/common.py", line 87, in get_full_path_with_slash
    raise RuntimeError(
RuntimeError: You called this URL via POST, but the URL doesn't end in a slash and you have APPEND_SLASH set. Django can't redirect to the slash URL while maintaining POST data. Change your form to point to localhost:8000/api/users/refresh-token/ (note the trailing slash), or set APPEND_SLASH=False in your Django settings.
ERROR 2026-06-01 16:50:11,118 log 89752 6135672832 Internal Server Error: /api/users/refresh-token
Traceback (most recent call last):
  File "/Users/grizzly/.pyenv/versions/mt/lib/python3.12/site-packages/django/core/handlers/exception.py", line 55, in inner
    response = get_response(request)
               ^^^^^^^^^^^^^^^^^^^^^
  File "/Users/grizzly/.pyenv/versions/mt/lib/python3.12/site-packages/django/utils/deprecation.py", line 311, in __call__
    response = self.process_response(request, response)
               ^^^^^^^^^^^^^^^^^^^^^^^^^^^^^^^^^^^^^^^^
  File "/Users/grizzly/.pyenv/versions/mt/lib/python3.12/site-packages/django/middleware/common.py", line 109, in process_response
    self.get_full_path_with_slash(request)
  File "/Users/grizzly/.pyenv/versions/mt/lib/python3.12/site-packages/django/middleware/common.py", line 87, in get_full_path_with_slash
    raise RuntimeError(
RuntimeError: You called this URL via POST, but the URL doesn't end in a slash and you have APPEND_SLASH set. Django can't redirect to the slash URL while maintaining POST data. Change your form to point to localhost:8000/api/users/refresh-token/ (note the trailing slash), or set APPEND_SLASH=False in your Django settings.
WARNING 2026-06-04 08:18:25,090 log 89752 6135672832 Unauthorized: /api/transactions/transactions/
WARNING 2026-06-04 08:18:25,091 log 89752 6152499200 Unauthorized: /api/users/profile/
WARNING 2026-06-04 08:18:25,108 log 89752 6135672832 Unauthorized: /api/transactions/transactions/
WARNING 2026-06-04 08:18:25,114 log 89752 6135672832 Unauthorized: /api/transactions/transactions/
WARNING 2026-06-04 08:18:25,132 log 89752 6169899008 Unauthorized: /api/users/profile/
WARNING 2026-06-04 08:18:25,146 log 89752 6169899008 Unauthorized: /api/users/profile/
WARNING 2026-06-04 08:18:25,156 log 89752 6203551744 Unauthorized: /api/transactions/transactions/
WARNING 2026-06-04 08:18:25,161 log 89752 6203551744 Unauthorized: /api/users/profile/
ERROR 2026-06-04 08:18:25,182 log 89752 6135672832 Internal Server Error: /api/users/refresh-token
Traceback (most recent call last):
  File "/Users/grizzly/.pyenv/versions/mt/lib/python3.12/site-packages/django/core/handlers/exception.py", line 55, in inner
    response = get_response(request)
               ^^^^^^^^^^^^^^^^^^^^^
  File "/Users/grizzly/.pyenv/versions/mt/lib/python3.12/site-packages/django/utils/deprecation.py", line 311, in __call__
    response = self.process_response(request, response)
               ^^^^^^^^^^^^^^^^^^^^^^^^^^^^^^^^^^^^^^^^
  File "/Users/grizzly/.pyenv/versions/mt/lib/python3.12/site-packages/django/middleware/common.py", line 109, in process_response
    self.get_full_path_with_slash(request)
  File "/Users/grizzly/.pyenv/versions/mt/lib/python3.12/site-packages/django/middleware/common.py", line 87, in get_full_path_with_slash
    raise RuntimeError(
RuntimeError: You called this URL via POST, but the URL doesn't end in a slash and you have APPEND_SLASH set. Django can't redirect to the slash URL while maintaining POST data. Change your form to point to localhost:8000/api/users/refresh-token/ (note the trailing slash), or set APPEND_SLASH=False in your Django settings.
ERROR 2026-06-04 08:18:25,192 log 89752 6186725376 Internal Server Error: /api/users/refresh-token
Traceback (most recent call last):
  File "/Users/grizzly/.pyenv/versions/mt/lib/python3.12/site-packages/django/core/handlers/exception.py", line 55, in inner
    response = get_response(request)
               ^^^^^^^^^^^^^^^^^^^^^
  File "/Users/grizzly/.pyenv/versions/mt/lib/python3.12/site-packages/django/utils/deprecation.py", line 311, in __call__
    response = self.process_response(request, response)
               ^^^^^^^^^^^^^^^^^^^^^^^^^^^^^^^^^^^^^^^^
  File "/Users/grizzly/.pyenv/versions/mt/lib/python3.12/site-packages/django/middleware/common.py", line 109, in process_response
    self.get_full_path_with_slash(request)
  File "/Users/grizzly/.pyenv/versions/mt/lib/python3.12/site-packages/django/middleware/common.py", line 87, in get_full_path_with_slash
    raise RuntimeError(
RuntimeError: You called this URL via POST, but the URL doesn't end in a slash and you have APPEND_SLASH set. Django can't redirect to the slash URL while maintaining POST data. Change your form to point to localhost:8000/api/users/refresh-token/ (note the trailing slash), or set APPEND_SLASH=False in your Django settings.
ERROR 2026-06-04 08:18:25,198 log 89752 6152499200 Internal Server Error: /api/users/refresh-token
Traceback (most recent call last):
  File "/Users/grizzly/.pyenv/versions/mt/lib/python3.12/site-packages/django/core/handlers/exception.py", line 55, in inner
    response = get_response(request)
               ^^^^^^^^^^^^^^^^^^^^^
  File "/Users/grizzly/.pyenv/versions/mt/lib/python3.12/site-packages/django/utils/deprecation.py", line 311, in __call__
    response = self.process_response(request, response)
               ^^^^^^^^^^^^^^^^^^^^^^^^^^^^^^^^^^^^^^^^
  File "/Users/grizzly/.pyenv/versions/mt/lib/python3.12/site-packages/django/middleware/common.py", line 109, in process_response
    self.get_full_path_with_slash(request)
  File "/Users/grizzly/.pyenv/versions/mt/lib/python3.12/site-packages/django/middleware/common.py", line 87, in get_full_path_with_slash
    raise RuntimeError(
RuntimeError: You called this URL via POST, but the URL doesn't end in a slash and you have APPEND_SLASH set. Django can't redirect to the slash URL while maintaining POST data. Change your form to point to localhost:8000/api/users/refresh-token/ (note the trailing slash), or set APPEND_SLASH=False in your Django settings.
ERROR 2026-06-04 08:18:25,204 log 89752 6220378112 Internal Server Error: /api/users/refresh-token
Traceback (most recent call last):
  File "/Users/grizzly/.pyenv/versions/mt/lib/python3.12/site-packages/django/core/handlers/exception.py", line 55, in inner
    response = get_response(request)
               ^^^^^^^^^^^^^^^^^^^^^
  File "/Users/grizzly/.pyenv/versions/mt/lib/python3.12/site-packages/django/utils/deprecation.py", line 311, in __call__
    response = self.process_response(request, response)
               ^^^^^^^^^^^^^^^^^^^^^^^^^^^^^^^^^^^^^^^^
  File "/Users/grizzly/.pyenv/versions/mt/lib/python3.12/site-packages/django/middleware/common.py", line 109, in process_response
    self.get_full_path_with_slash(request)
  File "/Users/grizzly/.pyenv/versions/mt/lib/python3.12/site-packages/django/middleware/common.py", line 87, in get_full_path_with_slash
    raise RuntimeError(
RuntimeError: You called this URL via POST, but the URL doesn't end in a slash and you have APPEND_SLASH set. Django can't redirect to the slash URL while maintaining POST data. Change your form to point to localhost:8000/api/users/refresh-token/ (note the trailing slash), or set APPEND_SLASH=False in your Django settings.
ERROR 2026-06-04 08:18:25,215 log 89752 6169899008 Internal Server Error: /api/users/refresh-token
Traceback (most recent call last):
  File "/Users/grizzly/.pyenv/versions/mt/lib/python3.12/site-packages/django/core/handlers/exception.py", line 55, in inner
    response = get_response(request)
               ^^^^^^^^^^^^^^^^^^^^^
  File "/Users/grizzly/.pyenv/versions/mt/lib/python3.12/site-packages/django/utils/deprecation.py", line 311, in __call__
    response = self.process_response(request, response)
               ^^^^^^^^^^^^^^^^^^^^^^^^^^^^^^^^^^^^^^^^
  File "/Users/grizzly/.pyenv/versions/mt/lib/python3.12/site-packages/django/middleware/common.py", line 109, in process_response
    self.get_full_path_with_slash(request)
  File "/Users/grizzly/.pyenv/versions/mt/lib/python3.12/site-packages/django/middleware/common.py", line 87, in get_full_path_with_slash
    raise RuntimeError(
RuntimeError: You called this URL via POST, but the URL doesn't end in a slash and you have APPEND_SLASH set. Django can't redirect to the slash URL while maintaining POST data. Change your form to point to localhost:8000/api/users/refresh-token/ (note the trailing slash), or set APPEND_SLASH=False in your Django settings.
ERROR 2026-06-04 08:18:25,230 log 89752 6203551744 Internal Server Error: /api/users/refresh-token
Traceback (most recent call last):
  File "/Users/grizzly/.pyenv/versions/mt/lib/python3.12/site-packages/django/core/handlers/exception.py", line 55, in inner
    response = get_response(request)
               ^^^^^^^^^^^^^^^^^^^^^
  File "/Users/grizzly/.pyenv/versions/mt/lib/python3.12/site-packages/django/utils/deprecation.py", line 311, in __call__
    response = self.process_response(request, response)
               ^^^^^^^^^^^^^^^^^^^^^^^^^^^^^^^^^^^^^^^^
  File "/Users/grizzly/.pyenv/versions/mt/lib/python3.12/site-packages/django/middleware/common.py", line 109, in process_response
    self.get_full_path_with_slash(request)
  File "/Users/grizzly/.pyenv/versions/mt/lib/python3.12/site-packages/django/middleware/common.py", line 87, in get_full_path_with_slash
    raise RuntimeError(
RuntimeError: You called this URL via POST, but the URL doesn't end in a slash and you have APPEND_SLASH set. Django can't redirect to the slash URL while maintaining POST data. Change your form to point to localhost:8000/api/users/refresh-token/ (note the trailing slash), or set APPEND_SLASH=False in your Django settings.
ERROR 2026-06-04 08:18:25,244 log 89752 6152499200 Internal Server Error: /api/users/refresh-token
Traceback (most recent call last):
  File "/Users/grizzly/.pyenv/versions/mt/lib/python3.12/site-packages/django/core/handlers/exception.py", line 55, in inner
    response = get_response(request)
               ^^^^^^^^^^^^^^^^^^^^^
  File "/Users/grizzly/.pyenv/versions/mt/lib/python3.12/site-packages/django/utils/deprecation.py", line 311, in __call__
    response = self.process_response(request, response)
               ^^^^^^^^^^^^^^^^^^^^^^^^^^^^^^^^^^^^^^^^
  File "/Users/grizzly/.pyenv/versions/mt/lib/python3.12/site-packages/django/middleware/common.py", line 109, in process_response
    self.get_full_path_with_slash(request)
  File "/Users/grizzly/.pyenv/versions/mt/lib/python3.12/site-packages/django/middleware/common.py", line 87, in get_full_path_with_slash
    raise RuntimeError(
RuntimeError: You called this URL via POST, but the URL doesn't end in a slash and you have APPEND_SLASH set. Django can't redirect to the slash URL while maintaining POST data. Change your form to point to localhost:8000/api/users/refresh-token/ (note the trailing slash), or set APPEND_SLASH=False in your Django settings.
ERROR 2026-06-04 08:18:25,251 log 89752 6135672832 Internal Server Error: /api/users/refresh-token
Traceback (most recent call last):
  File "/Users/grizzly/.pyenv/versions/mt/lib/python3.12/site-packages/django/core/handlers/exception.py", line 55, in inner
    response = get_response(request)
               ^^^^^^^^^^^^^^^^^^^^^
  File "/Users/grizzly/.pyenv/versions/mt/lib/python3.12/site-packages/django/utils/deprecation.py", line 311, in __call__
    response = self.process_response(request, response)
               ^^^^^^^^^^^^^^^^^^^^^^^^^^^^^^^^^^^^^^^^
  File "/Users/grizzly/.pyenv/versions/mt/lib/python3.12/site-packages/django/middleware/common.py", line 109, in process_response
    self.get_full_path_with_slash(request)
  File "/Users/grizzly/.pyenv/versions/mt/lib/python3.12/site-packages/django/middleware/common.py", line 87, in get_full_path_with_slash
    raise RuntimeError(
RuntimeError: You called this URL via POST, but the URL doesn't end in a slash and you have APPEND_SLASH set. Django can't redirect to the slash URL while maintaining POST data. Change your form to point to localhost:8000/api/users/refresh-token/ (note the trailing slash), or set APPEND_SLASH=False in your Django settings.
WARNING 2026-06-04 09:07:12,175 log 89752 6135672832 Unauthorized: /api/transactions/transactions/
WARNING 2026-06-04 09:07:12,180 log 89752 6169899008 Unauthorized: /api/transactions/transactions/
WARNING 2026-06-04 09:07:12,181 log 89752 6152499200 Unauthorized: /api/users/profile/
WARNING 2026-06-04 09:07:12,184 log 89752 6169899008 Unauthorized: /api/users/profile/
WARNING 2026-06-04 09:07:12,196 log 89752 6152499200 Unauthorized: /api/users/profile/
WARNING 2026-06-04 09:07:12,197 log 89752 6169899008 Unauthorized: /api/transactions/transactions/
WARNING 2026-06-04 09:07:12,203 log 89752 6135672832 Unauthorized: /api/users/profile/
WARNING 2026-06-04 09:07:12,208 log 89752 6152499200 Unauthorized: /api/transactions/transactions/
ERROR 2026-06-04 09:07:12,284 log 89752 6203551744 Internal Server Error: /api/users/refresh-token
Traceback (most recent call last):
  File "/Users/grizzly/.pyenv/versions/mt/lib/python3.12/site-packages/django/core/handlers/exception.py", line 55, in inner
    response = get_response(request)
               ^^^^^^^^^^^^^^^^^^^^^
  File "/Users/grizzly/.pyenv/versions/mt/lib/python3.12/site-packages/django/utils/deprecation.py", line 311, in __call__
    response = self.process_response(request, response)
               ^^^^^^^^^^^^^^^^^^^^^^^^^^^^^^^^^^^^^^^^
  File "/Users/grizzly/.pyenv/versions/mt/lib/python3.12/site-packages/django/middleware/common.py", line 109, in process_response
    self.get_full_path_with_slash(request)
  File "/Users/grizzly/.pyenv/versions/mt/lib/python3.12/site-packages/django/middleware/common.py", line 87, in get_full_path_with_slash
    raise RuntimeError(
RuntimeError: You called this URL via POST, but the URL doesn't end in a slash and you have APPEND_SLASH set. Django can't redirect to the slash URL while maintaining POST data. Change your form to point to localhost:8000/api/users/refresh-token/ (note the trailing slash), or set APPEND_SLASH=False in your Django settings.
ERROR 2026-06-04 09:07:12,291 log 89752 6152499200 Internal Server Error: /api/users/refresh-token
Traceback (most recent call last):
  File "/Users/grizzly/.pyenv/versions/mt/lib/python3.12/site-packages/django/core/handlers/exception.py", line 55, in inner
    response = get_response(request)
               ^^^^^^^^^^^^^^^^^^^^^
  File "/Users/grizzly/.pyenv/versions/mt/lib/python3.12/site-packages/django/utils/deprecation.py", line 311, in __call__
    response = self.process_response(request, response)
               ^^^^^^^^^^^^^^^^^^^^^^^^^^^^^^^^^^^^^^^^
  File "/Users/grizzly/.pyenv/versions/mt/lib/python3.12/site-packages/django/middleware/common.py", line 109, in process_response
    self.get_full_path_with_slash(request)
  File "/Users/grizzly/.pyenv/versions/mt/lib/python3.12/site-packages/django/middleware/common.py", line 87, in get_full_path_with_slash
    raise RuntimeError(
RuntimeError: You called this URL via POST, but the URL doesn't end in a slash and you have APPEND_SLASH set. Django can't redirect to the slash URL while maintaining POST data. Change your form to point to localhost:8000/api/users/refresh-token/ (note the trailing slash), or set APPEND_SLASH=False in your Django settings.
ERROR 2026-06-04 09:07:12,301 log 89752 6186725376 Internal Server Error: /api/users/refresh-token
Traceback (most recent call last):
  File "/Users/grizzly/.pyenv/versions/mt/lib/python3.12/site-packages/django/core/handlers/exception.py", line 55, in inner
    response = get_response(request)
               ^^^^^^^^^^^^^^^^^^^^^
  File "/Users/grizzly/.pyenv/versions/mt/lib/python3.12/site-packages/django/utils/deprecation.py", line 311, in __call__
    response = self.process_response(request, response)
               ^^^^^^^^^^^^^^^^^^^^^^^^^^^^^^^^^^^^^^^^
  File "/Users/grizzly/.pyenv/versions/mt/lib/python3.12/site-packages/django/middleware/common.py", line 109, in process_response
    self.get_full_path_with_slash(request)
  File "/Users/grizzly/.pyenv/versions/mt/lib/python3.12/site-packages/django/middleware/common.py", line 87, in get_full_path_with_slash
    raise RuntimeError(
RuntimeError: You called this URL via POST, but the URL doesn't end in a slash and you have APPEND_SLASH set. Django can't redirect to the slash URL while maintaining POST data. Change your form to point to localhost:8000/api/users/refresh-token/ (note the trailing slash), or set APPEND_SLASH=False in your Django settings.
ERROR 2026-06-04 09:07:12,310 log 89752 6135672832 Internal Server Error: /api/users/refresh-token
Traceback (most recent call last):
  File "/Users/grizzly/.pyenv/versions/mt/lib/python3.12/site-packages/django/core/handlers/exception.py", line 55, in inner
    response = get_response(request)
               ^^^^^^^^^^^^^^^^^^^^^
  File "/Users/grizzly/.pyenv/versions/mt/lib/python3.12/site-packages/django/utils/deprecation.py", line 311, in __call__
    response = self.process_response(request, response)
               ^^^^^^^^^^^^^^^^^^^^^^^^^^^^^^^^^^^^^^^^
  File "/Users/grizzly/.pyenv/versions/mt/lib/python3.12/site-packages/django/middleware/common.py", line 109, in process_response
    self.get_full_path_with_slash(request)
  File "/Users/grizzly/.pyenv/versions/mt/lib/python3.12/site-packages/django/middleware/common.py", line 87, in get_full_path_with_slash
    raise RuntimeError(
RuntimeError: You called this URL via POST, but the URL doesn't end in a slash and you have APPEND_SLASH set. Django can't redirect to the slash URL while maintaining POST data. Change your form to point to localhost:8000/api/users/refresh-token/ (note the trailing slash), or set APPEND_SLASH=False in your Django settings.
ERROR 2026-06-04 09:07:12,319 log 89752 6169899008 Internal Server Error: /api/users/refresh-token
Traceback (most recent call last):
  File "/Users/grizzly/.pyenv/versions/mt/lib/python3.12/site-packages/django/core/handlers/exception.py", line 55, in inner
    response = get_response(request)
               ^^^^^^^^^^^^^^^^^^^^^
  File "/Users/grizzly/.pyenv/versions/mt/lib/python3.12/site-packages/django/utils/deprecation.py", line 311, in __call__
    response = self.process_response(request, response)
               ^^^^^^^^^^^^^^^^^^^^^^^^^^^^^^^^^^^^^^^^
  File "/Users/grizzly/.pyenv/versions/mt/lib/python3.12/site-packages/django/middleware/common.py", line 109, in process_response
    self.get_full_path_with_slash(request)
  File "/Users/grizzly/.pyenv/versions/mt/lib/python3.12/site-packages/django/middleware/common.py", line 87, in get_full_path_with_slash
    raise RuntimeError(
RuntimeError: You called this URL via POST, but the URL doesn't end in a slash and you have APPEND_SLASH set. Django can't redirect to the slash URL while maintaining POST data. Change your form to point to localhost:8000/api/users/refresh-token/ (note the trailing slash), or set APPEND_SLASH=False in your Django settings.
ERROR 2026-06-04 09:07:12,327 log 89752 6220378112 Internal Server Error: /api/users/refresh-token
Traceback (most recent call last):
  File "/Users/grizzly/.pyenv/versions/mt/lib/python3.12/site-packages/django/core/handlers/exception.py", line 55, in inner
    response = get_response(request)
               ^^^^^^^^^^^^^^^^^^^^^
  File "/Users/grizzly/.pyenv/versions/mt/lib/python3.12/site-packages/django/utils/deprecation.py", line 311, in __call__
    response = self.process_response(request, response)
               ^^^^^^^^^^^^^^^^^^^^^^^^^^^^^^^^^^^^^^^^
  File "/Users/grizzly/.pyenv/versions/mt/lib/python3.12/site-packages/django/middleware/common.py", line 109, in process_response
    self.get_full_path_with_slash(request)
  File "/Users/grizzly/.pyenv/versions/mt/lib/python3.12/site-packages/django/middleware/common.py", line 87, in get_full_path_with_slash
    raise RuntimeError(
RuntimeError: You called this URL via POST, but the URL doesn't end in a slash and you have APPEND_SLASH set. Django can't redirect to the slash URL while maintaining POST data. Change your form to point to localhost:8000/api/users/refresh-token/ (note the trailing slash), or set APPEND_SLASH=False in your Django settings.
ERROR 2026-06-04 09:07:12,355 log 89752 6203551744 Internal Server Error: /api/users/refresh-token
Traceback (most recent call last):
  File "/Users/grizzly/.pyenv/versions/mt/lib/python3.12/site-packages/django/core/handlers/exception.py", line 55, in inner
    response = get_response(request)
               ^^^^^^^^^^^^^^^^^^^^^
  File "/Users/grizzly/.pyenv/versions/mt/lib/python3.12/site-packages/django/utils/deprecation.py", line 311, in __call__
    response = self.process_response(request, response)
               ^^^^^^^^^^^^^^^^^^^^^^^^^^^^^^^^^^^^^^^^
  File "/Users/grizzly/.pyenv/versions/mt/lib/python3.12/site-packages/django/middleware/common.py", line 109, in process_response
    self.get_full_path_with_slash(request)
  File "/Users/grizzly/.pyenv/versions/mt/lib/python3.12/site-packages/django/middleware/common.py", line 87, in get_full_path_with_slash
    raise RuntimeError(
RuntimeError: You called this URL via POST, but the URL doesn't end in a slash and you have APPEND_SLASH set. Django can't redirect to the slash URL while maintaining POST data. Change your form to point to localhost:8000/api/users/refresh-token/ (note the trailing slash), or set APPEND_SLASH=False in your Django settings.
ERROR 2026-06-04 09:07:12,363 log 89752 6152499200 Internal Server Error: /api/users/refresh-token
Traceback (most recent call last):
  File "/Users/grizzly/.pyenv/versions/mt/lib/python3.12/site-packages/django/core/handlers/exception.py", line 55, in inner
    response = get_response(request)
               ^^^^^^^^^^^^^^^^^^^^^
  File "/Users/grizzly/.pyenv/versions/mt/lib/python3.12/site-packages/django/utils/deprecation.py", line 311, in __call__
    response = self.process_response(request, response)
               ^^^^^^^^^^^^^^^^^^^^^^^^^^^^^^^^^^^^^^^^
  File "/Users/grizzly/.pyenv/versions/mt/lib/python3.12/site-packages/django/middleware/common.py", line 109, in process_response
    self.get_full_path_with_slash(request)
  File "/Users/grizzly/.pyenv/versions/mt/lib/python3.12/site-packages/django/middleware/common.py", line 87, in get_full_path_with_slash
    raise RuntimeError(
RuntimeError: You called this URL via POST, but the URL doesn't end in a slash and you have APPEND_SLASH set. Django can't redirect to the slash URL while maintaining POST data. Change your form to point to localhost:8000/api/users/refresh-token/ (note the trailing slash), or set APPEND_SLASH=False in your Django settings.
WARNING 2026-06-04 09:11:59,569 log 89752 6152499200 Unauthorized: /api/users/profile/
WARNING 2026-06-04 09:11:59,572 log 89752 6135672832 Unauthorized: /api/transactions/transactions/
WARNING 2026-06-04 09:11:59,577 log 89752 6152499200 Unauthorized: /api/users/profile/
WARNING 2026-06-04 09:11:59,579 log 89752 6135672832 Unauthorized: /api/transactions/transactions/
WARNING 2026-06-04 09:11:59,585 log 89752 6169899008 Unauthorized: /api/transactions/transactions/
WARNING 2026-06-04 09:11:59,588 log 89752 6186725376 Unauthorized: /api/users/profile/
WARNING 2026-06-04 09:11:59,596 log 89752 6152499200 Unauthorized: /api/transactions/transactions/
WARNING 2026-06-04 09:11:59,609 log 89752 6152499200 Unauthorized: /api/users/profile/
ERROR 2026-06-04 09:11:59,658 log 89752 6135672832 Internal Server Error: /api/users/refresh-token
Traceback (most recent call last):
  File "/Users/grizzly/.pyenv/versions/mt/lib/python3.12/site-packages/django/core/handlers/exception.py", line 55, in inner
    response = get_response(request)
               ^^^^^^^^^^^^^^^^^^^^^
  File "/Users/grizzly/.pyenv/versions/mt/lib/python3.12/site-packages/django/utils/deprecation.py", line 311, in __call__
    response = self.process_response(request, response)
               ^^^^^^^^^^^^^^^^^^^^^^^^^^^^^^^^^^^^^^^^
  File "/Users/grizzly/.pyenv/versions/mt/lib/python3.12/site-packages/django/middleware/common.py", line 109, in process_response
    self.get_full_path_with_slash(request)
  File "/Users/grizzly/.pyenv/versions/mt/lib/python3.12/site-packages/django/middleware/common.py", line 87, in get_full_path_with_slash
    raise RuntimeError(
RuntimeError: You called this URL via POST, but the URL doesn't end in a slash and you have APPEND_SLASH set. Django can't redirect to the slash URL while maintaining POST data. Change your form to point to localhost:8000/api/users/refresh-token/ (note the trailing slash), or set APPEND_SLASH=False in your Django settings.
ERROR 2026-06-04 09:11:59,665 log 89752 6220378112 Internal Server Error: /api/users/refresh-token
Traceback (most recent call last):
  File "/Users/grizzly/.pyenv/versions/mt/lib/python3.12/site-packages/django/core/handlers/exception.py", line 55, in inner
    response = get_response(request)
               ^^^^^^^^^^^^^^^^^^^^^
  File "/Users/grizzly/.pyenv/versions/mt/lib/python3.12/site-packages/django/utils/deprecation.py", line 311, in __call__
    response = self.process_response(request, response)
               ^^^^^^^^^^^^^^^^^^^^^^^^^^^^^^^^^^^^^^^^
  File "/Users/grizzly/.pyenv/versions/mt/lib/python3.12/site-packages/django/middleware/common.py", line 109, in process_response
    self.get_full_path_with_slash(request)
  File "/Users/grizzly/.pyenv/versions/mt/lib/python3.12/site-packages/django/middleware/common.py", line 87, in get_full_path_with_slash
    raise RuntimeError(
RuntimeError: You called this URL via POST, but the URL doesn't end in a slash and you have APPEND_SLASH set. Django can't redirect to the slash URL while maintaining POST data. Change your form to point to localhost:8000/api/users/refresh-token/ (note the trailing slash), or set APPEND_SLASH=False in your Django settings.
ERROR 2026-06-04 09:11:59,680 log 89752 6203551744 Internal Server Error: /api/users/refresh-token
Traceback (most recent call last):
  File "/Users/grizzly/.pyenv/versions/mt/lib/python3.12/site-packages/django/core/handlers/exception.py", line 55, in inner
    response = get_response(request)
               ^^^^^^^^^^^^^^^^^^^^^
  File "/Users/grizzly/.pyenv/versions/mt/lib/python3.12/site-packages/django/utils/deprecation.py", line 311, in __call__
    response = self.process_response(request, response)
               ^^^^^^^^^^^^^^^^^^^^^^^^^^^^^^^^^^^^^^^^
  File "/Users/grizzly/.pyenv/versions/mt/lib/python3.12/site-packages/django/middleware/common.py", line 109, in process_response
    self.get_full_path_with_slash(request)
  File "/Users/grizzly/.pyenv/versions/mt/lib/python3.12/site-packages/django/middleware/common.py", line 87, in get_full_path_with_slash
    raise RuntimeError(
RuntimeError: You called this URL via POST, but the URL doesn't end in a slash and you have APPEND_SLASH set. Django can't redirect to the slash URL while maintaining POST data. Change your form to point to localhost:8000/api/users/refresh-token/ (note the trailing slash), or set APPEND_SLASH=False in your Django settings.
ERROR 2026-06-04 09:11:59,682 log 89752 6169899008 Internal Server Error: /api/users/refresh-token
Traceback (most recent call last):
  File "/Users/grizzly/.pyenv/versions/mt/lib/python3.12/site-packages/django/core/handlers/exception.py", line 55, in inner
    response = get_response(request)
               ^^^^^^^^^^^^^^^^^^^^^
  File "/Users/grizzly/.pyenv/versions/mt/lib/python3.12/site-packages/django/utils/deprecation.py", line 311, in __call__
    response = self.process_response(request, response)
               ^^^^^^^^^^^^^^^^^^^^^^^^^^^^^^^^^^^^^^^^
  File "/Users/grizzly/.pyenv/versions/mt/lib/python3.12/site-packages/django/middleware/common.py", line 109, in process_response
    self.get_full_path_with_slash(request)
  File "/Users/grizzly/.pyenv/versions/mt/lib/python3.12/site-packages/django/middleware/common.py", line 87, in get_full_path_with_slash
    raise RuntimeError(
RuntimeError: You called this URL via POST, but the URL doesn't end in a slash and you have APPEND_SLASH set. Django can't redirect to the slash URL while maintaining POST data. Change your form to point to localhost:8000/api/users/refresh-token/ (note the trailing slash), or set APPEND_SLASH=False in your Django settings.
ERROR 2026-06-04 09:11:59,692 log 89752 6186725376 Internal Server Error: /api/users/refresh-token
Traceback (most recent call last):
  File "/Users/grizzly/.pyenv/versions/mt/lib/python3.12/site-packages/django/core/handlers/exception.py", line 55, in inner
    response = get_response(request)
               ^^^^^^^^^^^^^^^^^^^^^
  File "/Users/grizzly/.pyenv/versions/mt/lib/python3.12/site-packages/django/utils/deprecation.py", line 311, in __call__
    response = self.process_response(request, response)
               ^^^^^^^^^^^^^^^^^^^^^^^^^^^^^^^^^^^^^^^^
  File "/Users/grizzly/.pyenv/versions/mt/lib/python3.12/site-packages/django/middleware/common.py", line 109, in process_response
    self.get_full_path_with_slash(request)
  File "/Users/grizzly/.pyenv/versions/mt/lib/python3.12/site-packages/django/middleware/common.py", line 87, in get_full_path_with_slash
    raise RuntimeError(
RuntimeError: You called this URL via POST, but the URL doesn't end in a slash and you have APPEND_SLASH set. Django can't redirect to the slash URL while maintaining POST data. Change your form to point to localhost:8000/api/users/refresh-token/ (note the trailing slash), or set APPEND_SLASH=False in your Django settings.
ERROR 2026-06-04 09:11:59,703 log 89752 6152499200 Internal Server Error: /api/users/refresh-token
Traceback (most recent call last):
  File "/Users/grizzly/.pyenv/versions/mt/lib/python3.12/site-packages/django/core/handlers/exception.py", line 55, in inner
    response = get_response(request)
               ^^^^^^^^^^^^^^^^^^^^^
  File "/Users/grizzly/.pyenv/versions/mt/lib/python3.12/site-packages/django/utils/deprecation.py", line 311, in __call__
    response = self.process_response(request, response)
               ^^^^^^^^^^^^^^^^^^^^^^^^^^^^^^^^^^^^^^^^
  File "/Users/grizzly/.pyenv/versions/mt/lib/python3.12/site-packages/django/middleware/common.py", line 109, in process_response
    self.get_full_path_with_slash(request)
  File "/Users/grizzly/.pyenv/versions/mt/lib/python3.12/site-packages/django/middleware/common.py", line 87, in get_full_path_with_slash
    raise RuntimeError(
RuntimeError: You called this URL via POST, but the URL doesn't end in a slash and you have APPEND_SLASH set. Django can't redirect to the slash URL while maintaining POST data. Change your form to point to localhost:8000/api/users/refresh-token/ (note the trailing slash), or set APPEND_SLASH=False in your Django settings.
ERROR 2026-06-04 09:11:59,771 log 89752 6135672832 Internal Server Error: /api/users/refresh-token
Traceback (most recent call last):
  File "/Users/grizzly/.pyenv/versions/mt/lib/python3.12/site-packages/django/core/handlers/exception.py", line 55, in inner
    response = get_response(request)
               ^^^^^^^^^^^^^^^^^^^^^
  File "/Users/grizzly/.pyenv/versions/mt/lib/python3.12/site-packages/django/utils/deprecation.py", line 311, in __call__
    response = self.process_response(request, response)
               ^^^^^^^^^^^^^^^^^^^^^^^^^^^^^^^^^^^^^^^^
  File "/Users/grizzly/.pyenv/versions/mt/lib/python3.12/site-packages/django/middleware/common.py", line 109, in process_response
    self.get_full_path_with_slash(request)
  File "/Users/grizzly/.pyenv/versions/mt/lib/python3.12/site-packages/django/middleware/common.py", line 87, in get_full_path_with_slash
    raise RuntimeError(
RuntimeError: You called this URL via POST, but the URL doesn't end in a slash and you have APPEND_SLASH set. Django can't redirect to the slash URL while maintaining POST data. Change your form to point to localhost:8000/api/users/refresh-token/ (note the trailing slash), or set APPEND_SLASH=False in your Django settings.
ERROR 2026-06-04 09:11:59,782 log 89752 6203551744 Internal Server Error: /api/users/refresh-token
Traceback (most recent call last):
  File "/Users/grizzly/.pyenv/versions/mt/lib/python3.12/site-packages/django/core/handlers/exception.py", line 55, in inner
    response = get_response(request)
               ^^^^^^^^^^^^^^^^^^^^^
  File "/Users/grizzly/.pyenv/versions/mt/lib/python3.12/site-packages/django/utils/deprecation.py", line 311, in __call__
    response = self.process_response(request, response)
               ^^^^^^^^^^^^^^^^^^^^^^^^^^^^^^^^^^^^^^^^
  File "/Users/grizzly/.pyenv/versions/mt/lib/python3.12/site-packages/django/middleware/common.py", line 109, in process_response
    self.get_full_path_with_slash(request)
  File "/Users/grizzly/.pyenv/versions/mt/lib/python3.12/site-packages/django/middleware/common.py", line 87, in get_full_path_with_slash
    raise RuntimeError(
RuntimeError: You called this URL via POST, but the URL doesn't end in a slash and you have APPEND_SLASH set. Django can't redirect to the slash URL while maintaining POST data. Change your form to point to localhost:8000/api/users/refresh-token/ (note the trailing slash), or set APPEND_SLASH=False in your Django settings.
WARNING 2026-06-04 10:24:02,932 log 89752 6152499200 Unauthorized: /api/users/profile/
WARNING 2026-06-04 10:24:02,940 log 89752 6135672832 Unauthorized: /api/transactions/transactions/
WARNING 2026-06-04 10:24:02,943 log 89752 6203551744 Unauthorized: /api/users/profile/
WARNING 2026-06-04 10:24:02,949 log 89752 6152499200 Unauthorized: /api/transactions/transactions/
WARNING 2026-06-04 10:24:02,950 log 89752 6135672832 Unauthorized: /api/users/profile/
WARNING 2026-06-04 10:24:02,955 log 89752 6203551744 Unauthorized: /api/transactions/transactions/
WARNING 2026-06-04 10:24:02,958 log 89752 6152499200 Unauthorized: /api/users/profile/
WARNING 2026-06-04 10:24:02,962 log 89752 6203551744 Unauthorized: /api/transactions/transactions/
ERROR 2026-06-04 10:24:03,010 log 89752 6135672832 Internal Server Error: /api/users/refresh-token
Traceback (most recent call last):
  File "/Users/grizzly/.pyenv/versions/mt/lib/python3.12/site-packages/django/core/handlers/exception.py", line 55, in inner
    response = get_response(request)
               ^^^^^^^^^^^^^^^^^^^^^
  File "/Users/grizzly/.pyenv/versions/mt/lib/python3.12/site-packages/django/utils/deprecation.py", line 311, in __call__
    response = self.process_response(request, response)
               ^^^^^^^^^^^^^^^^^^^^^^^^^^^^^^^^^^^^^^^^
  File "/Users/grizzly/.pyenv/versions/mt/lib/python3.12/site-packages/django/middleware/common.py", line 109, in process_response
    self.get_full_path_with_slash(request)
  File "/Users/grizzly/.pyenv/versions/mt/lib/python3.12/site-packages/django/middleware/common.py", line 87, in get_full_path_with_slash
    raise RuntimeError(
RuntimeError: You called this URL via POST, but the URL doesn't end in a slash and you have APPEND_SLASH set. Django can't redirect to the slash URL while maintaining POST data. Change your form to point to localhost:8000/api/users/refresh-token/ (note the trailing slash), or set APPEND_SLASH=False in your Django settings.
ERROR 2026-06-04 10:24:03,017 log 89752 6186725376 Internal Server Error: /api/users/refresh-token
Traceback (most recent call last):
  File "/Users/grizzly/.pyenv/versions/mt/lib/python3.12/site-packages/django/core/handlers/exception.py", line 55, in inner
    response = get_response(request)
               ^^^^^^^^^^^^^^^^^^^^^
  File "/Users/grizzly/.pyenv/versions/mt/lib/python3.12/site-packages/django/utils/deprecation.py", line 311, in __call__
    response = self.process_response(request, response)
               ^^^^^^^^^^^^^^^^^^^^^^^^^^^^^^^^^^^^^^^^
  File "/Users/grizzly/.pyenv/versions/mt/lib/python3.12/site-packages/django/middleware/common.py", line 109, in process_response
    self.get_full_path_with_slash(request)
  File "/Users/grizzly/.pyenv/versions/mt/lib/python3.12/site-packages/django/middleware/common.py", line 87, in get_full_path_with_slash
    raise RuntimeError(
RuntimeError: You called this URL via POST, but the URL doesn't end in a slash and you have APPEND_SLASH set. Django can't redirect to the slash URL while maintaining POST data. Change your form to point to localhost:8000/api/users/refresh-token/ (note the trailing slash), or set APPEND_SLASH=False in your Django settings.
ERROR 2026-06-04 10:24:03,026 log 89752 6169899008 Internal Server Error: /api/users/refresh-token
Traceback (most recent call last):
  File "/Users/grizzly/.pyenv/versions/mt/lib/python3.12/site-packages/django/core/handlers/exception.py", line 55, in inner
    response = get_response(request)
               ^^^^^^^^^^^^^^^^^^^^^
  File "/Users/grizzly/.pyenv/versions/mt/lib/python3.12/site-packages/django/utils/deprecation.py", line 311, in __call__
    response = self.process_response(request, response)
               ^^^^^^^^^^^^^^^^^^^^^^^^^^^^^^^^^^^^^^^^
  File "/Users/grizzly/.pyenv/versions/mt/lib/python3.12/site-packages/django/middleware/common.py", line 109, in process_response
    self.get_full_path_with_slash(request)
  File "/Users/grizzly/.pyenv/versions/mt/lib/python3.12/site-packages/django/middleware/common.py", line 87, in get_full_path_with_slash
    raise RuntimeError(
RuntimeError: You called this URL via POST, but the URL doesn't end in a slash and you have APPEND_SLASH set. Django can't redirect to the slash URL while maintaining POST data. Change your form to point to localhost:8000/api/users/refresh-token/ (note the trailing slash), or set APPEND_SLASH=False in your Django settings.
ERROR 2026-06-04 10:24:03,032 log 89752 6220378112 Internal Server Error: /api/users/refresh-token
Traceback (most recent call last):
  File "/Users/grizzly/.pyenv/versions/mt/lib/python3.12/site-packages/django/core/handlers/exception.py", line 55, in inner
    response = get_response(request)
               ^^^^^^^^^^^^^^^^^^^^^
  File "/Users/grizzly/.pyenv/versions/mt/lib/python3.12/site-packages/django/utils/deprecation.py", line 311, in __call__
    response = self.process_response(request, response)
               ^^^^^^^^^^^^^^^^^^^^^^^^^^^^^^^^^^^^^^^^
  File "/Users/grizzly/.pyenv/versions/mt/lib/python3.12/site-packages/django/middleware/common.py", line 109, in process_response
    self.get_full_path_with_slash(request)
  File "/Users/grizzly/.pyenv/versions/mt/lib/python3.12/site-packages/django/middleware/common.py", line 87, in get_full_path_with_slash
    raise RuntimeError(
RuntimeError: You called this URL via POST, but the URL doesn't end in a slash and you have APPEND_SLASH set. Django can't redirect to the slash URL while maintaining POST data. Change your form to point to localhost:8000/api/users/refresh-token/ (note the trailing slash), or set APPEND_SLASH=False in your Django settings.
ERROR 2026-06-04 10:24:03,039 log 89752 6152499200 Internal Server Error: /api/users/refresh-token
Traceback (most recent call last):
  File "/Users/grizzly/.pyenv/versions/mt/lib/python3.12/site-packages/django/core/handlers/exception.py", line 55, in inner
    response = get_response(request)
               ^^^^^^^^^^^^^^^^^^^^^
  File "/Users/grizzly/.pyenv/versions/mt/lib/python3.12/site-packages/django/utils/deprecation.py", line 311, in __call__
    response = self.process_response(request, response)
               ^^^^^^^^^^^^^^^^^^^^^^^^^^^^^^^^^^^^^^^^
  File "/Users/grizzly/.pyenv/versions/mt/lib/python3.12/site-packages/django/middleware/common.py", line 109, in process_response
    self.get_full_path_with_slash(request)
  File "/Users/grizzly/.pyenv/versions/mt/lib/python3.12/site-packages/django/middleware/common.py", line 87, in get_full_path_with_slash
    raise RuntimeError(
RuntimeError: You called this URL via POST, but the URL doesn't end in a slash and you have APPEND_SLASH set. Django can't redirect to the slash URL while maintaining POST data. Change your form to point to localhost:8000/api/users/refresh-token/ (note the trailing slash), or set APPEND_SLASH=False in your Django settings.
ERROR 2026-06-04 10:24:03,046 log 89752 6203551744 Internal Server Error: /api/users/refresh-token
Traceback (most recent call last):
  File "/Users/grizzly/.pyenv/versions/mt/lib/python3.12/site-packages/django/core/handlers/exception.py", line 55, in inner
    response = get_response(request)
               ^^^^^^^^^^^^^^^^^^^^^
  File "/Users/grizzly/.pyenv/versions/mt/lib/python3.12/site-packages/django/utils/deprecation.py", line 311, in __call__
    response = self.process_response(request, response)
               ^^^^^^^^^^^^^^^^^^^^^^^^^^^^^^^^^^^^^^^^
  File "/Users/grizzly/.pyenv/versions/mt/lib/python3.12/site-packages/django/middleware/common.py", line 109, in process_response
    self.get_full_path_with_slash(request)
  File "/Users/grizzly/.pyenv/versions/mt/lib/python3.12/site-packages/django/middleware/common.py", line 87, in get_full_path_with_slash
    raise RuntimeError(
RuntimeError: You called this URL via POST, but the URL doesn't end in a slash and you have APPEND_SLASH set. Django can't redirect to the slash URL while maintaining POST data. Change your form to point to localhost:8000/api/users/refresh-token/ (note the trailing slash), or set APPEND_SLASH=False in your Django settings.
ERROR 2026-06-04 10:24:03,073 log 89752 6135672832 Internal Server Error: /api/users/refresh-token
Traceback (most recent call last):
  File "/Users/grizzly/.pyenv/versions/mt/lib/python3.12/site-packages/django/core/handlers/exception.py", line 55, in inner
    response = get_response(request)
               ^^^^^^^^^^^^^^^^^^^^^
  File "/Users/grizzly/.pyenv/versions/mt/lib/python3.12/site-packages/django/utils/deprecation.py", line 311, in __call__
    response = self.process_response(request, response)
               ^^^^^^^^^^^^^^^^^^^^^^^^^^^^^^^^^^^^^^^^
  File "/Users/grizzly/.pyenv/versions/mt/lib/python3.12/site-packages/django/middleware/common.py", line 109, in process_response
    self.get_full_path_with_slash(request)
  File "/Users/grizzly/.pyenv/versions/mt/lib/python3.12/site-packages/django/middleware/common.py", line 87, in get_full_path_with_slash
    raise RuntimeError(
RuntimeError: You called this URL via POST, but the URL doesn't end in a slash and you have APPEND_SLASH set. Django can't redirect to the slash URL while maintaining POST data. Change your form to point to localhost:8000/api/users/refresh-token/ (note the trailing slash), or set APPEND_SLASH=False in your Django settings.
ERROR 2026-06-04 10:24:03,080 log 89752 6152499200 Internal Server Error: /api/users/refresh-token
Traceback (most recent call last):
  File "/Users/grizzly/.pyenv/versions/mt/lib/python3.12/site-packages/django/core/handlers/exception.py", line 55, in inner
    response = get_response(request)
               ^^^^^^^^^^^^^^^^^^^^^
  File "/Users/grizzly/.pyenv/versions/mt/lib/python3.12/site-packages/django/utils/deprecation.py", line 311, in __call__
    response = self.process_response(request, response)
               ^^^^^^^^^^^^^^^^^^^^^^^^^^^^^^^^^^^^^^^^
  File "/Users/grizzly/.pyenv/versions/mt/lib/python3.12/site-packages/django/middleware/common.py", line 109, in process_response
    self.get_full_path_with_slash(request)
  File "/Users/grizzly/.pyenv/versions/mt/lib/python3.12/site-packages/django/middleware/common.py", line 87, in get_full_path_with_slash
    raise RuntimeError(
RuntimeError: You called this URL via POST, but the URL doesn't end in a slash and you have APPEND_SLASH set. Django can't redirect to the slash URL while maintaining POST data. Change your form to point to localhost:8000/api/users/refresh-token/ (note the trailing slash), or set APPEND_SLASH=False in your Django settings.
WARNING 2026-06-04 10:42:42,545 log 89752 6135672832 Unauthorized: /api/transactions/transactions/
WARNING 2026-06-04 10:42:42,545 log 89752 6152499200 Unauthorized: /api/users/profile/
WARNING 2026-06-04 10:42:42,550 log 89752 6135672832 Unauthorized: /api/transactions/transactions/
WARNING 2026-06-04 10:42:42,551 log 89752 6152499200 Unauthorized: /api/users/profile/
WARNING 2026-06-04 10:42:42,569 log 89752 6135672832 Unauthorized: /api/users/profile/
WARNING 2026-06-04 10:42:42,569 log 89752 6152499200 Unauthorized: /api/transactions/transactions/
WARNING 2026-06-04 10:42:42,584 log 89752 6152499200 Unauthorized: /api/transactions/transactions/
WARNING 2026-06-04 10:42:42,584 log 89752 6135672832 Unauthorized: /api/users/profile/
ERROR 2026-06-04 10:42:42,635 log 89752 6203551744 Internal Server Error: /api/users/refresh-token
Traceback (most recent call last):
  File "/Users/grizzly/.pyenv/versions/mt/lib/python3.12/site-packages/django/core/handlers/exception.py", line 55, in inner
    response = get_response(request)
               ^^^^^^^^^^^^^^^^^^^^^
  File "/Users/grizzly/.pyenv/versions/mt/lib/python3.12/site-packages/django/utils/deprecation.py", line 311, in __call__
    response = self.process_response(request, response)
               ^^^^^^^^^^^^^^^^^^^^^^^^^^^^^^^^^^^^^^^^
  File "/Users/grizzly/.pyenv/versions/mt/lib/python3.12/site-packages/django/middleware/common.py", line 109, in process_response
    self.get_full_path_with_slash(request)
  File "/Users/grizzly/.pyenv/versions/mt/lib/python3.12/site-packages/django/middleware/common.py", line 87, in get_full_path_with_slash
    raise RuntimeError(
RuntimeError: You called this URL via POST, but the URL doesn't end in a slash and you have APPEND_SLASH set. Django can't redirect to the slash URL while maintaining POST data. Change your form to point to localhost:8000/api/users/refresh-token/ (note the trailing slash), or set APPEND_SLASH=False in your Django settings.
ERROR 2026-06-04 10:42:42,642 log 89752 6169899008 Internal Server Error: /api/users/refresh-token
Traceback (most recent call last):
  File "/Users/grizzly/.pyenv/versions/mt/lib/python3.12/site-packages/django/core/handlers/exception.py", line 55, in inner
    response = get_response(request)
               ^^^^^^^^^^^^^^^^^^^^^
  File "/Users/grizzly/.pyenv/versions/mt/lib/python3.12/site-packages/django/utils/deprecation.py", line 311, in __call__
    response = self.process_response(request, response)
               ^^^^^^^^^^^^^^^^^^^^^^^^^^^^^^^^^^^^^^^^
  File "/Users/grizzly/.pyenv/versions/mt/lib/python3.12/site-packages/django/middleware/common.py", line 109, in process_response
    self.get_full_path_with_slash(request)
  File "/Users/grizzly/.pyenv/versions/mt/lib/python3.12/site-packages/django/middleware/common.py", line 87, in get_full_path_with_slash
    raise RuntimeError(
RuntimeError: You called this URL via POST, but the URL doesn't end in a slash and you have APPEND_SLASH set. Django can't redirect to the slash URL while maintaining POST data. Change your form to point to localhost:8000/api/users/refresh-token/ (note the trailing slash), or set APPEND_SLASH=False in your Django settings.
ERROR 2026-06-04 10:42:42,650 log 89752 6186725376 Internal Server Error: /api/users/refresh-token
Traceback (most recent call last):
  File "/Users/grizzly/.pyenv/versions/mt/lib/python3.12/site-packages/django/core/handlers/exception.py", line 55, in inner
    response = get_response(request)
               ^^^^^^^^^^^^^^^^^^^^^
  File "/Users/grizzly/.pyenv/versions/mt/lib/python3.12/site-packages/django/utils/deprecation.py", line 311, in __call__
    response = self.process_response(request, response)
               ^^^^^^^^^^^^^^^^^^^^^^^^^^^^^^^^^^^^^^^^
  File "/Users/grizzly/.pyenv/versions/mt/lib/python3.12/site-packages/django/middleware/common.py", line 109, in process_response
    self.get_full_path_with_slash(request)
  File "/Users/grizzly/.pyenv/versions/mt/lib/python3.12/site-packages/django/middleware/common.py", line 87, in get_full_path_with_slash
    raise RuntimeError(
RuntimeError: You called this URL via POST, but the URL doesn't end in a slash and you have APPEND_SLASH set. Django can't redirect to the slash URL while maintaining POST data. Change your form to point to localhost:8000/api/users/refresh-token/ (note the trailing slash), or set APPEND_SLASH=False in your Django settings.
ERROR 2026-06-04 10:42:42,665 log 89752 6220378112 Internal Server Error: /api/users/refresh-token
Traceback (most recent call last):
  File "/Users/grizzly/.pyenv/versions/mt/lib/python3.12/site-packages/django/core/handlers/exception.py", line 55, in inner
    response = get_response(request)
               ^^^^^^^^^^^^^^^^^^^^^
  File "/Users/grizzly/.pyenv/versions/mt/lib/python3.12/site-packages/django/utils/deprecation.py", line 311, in __call__
    response = self.process_response(request, response)
               ^^^^^^^^^^^^^^^^^^^^^^^^^^^^^^^^^^^^^^^^
  File "/Users/grizzly/.pyenv/versions/mt/lib/python3.12/site-packages/django/middleware/common.py", line 109, in process_response
    self.get_full_path_with_slash(request)
  File "/Users/grizzly/.pyenv/versions/mt/lib/python3.12/site-packages/django/middleware/common.py", line 87, in get_full_path_with_slash
    raise RuntimeError(
RuntimeError: You called this URL via POST, but the URL doesn't end in a slash and you have APPEND_SLASH set. Django can't redirect to the slash URL while maintaining POST data. Change your form to point to localhost:8000/api/users/refresh-token/ (note the trailing slash), or set APPEND_SLASH=False in your Django settings.
ERROR 2026-06-04 10:42:42,670 log 89752 6152499200 Internal Server Error: /api/users/refresh-token
Traceback (most recent call last):
  File "/Users/grizzly/.pyenv/versions/mt/lib/python3.12/site-packages/django/core/handlers/exception.py", line 55, in inner
    response = get_response(request)
               ^^^^^^^^^^^^^^^^^^^^^
  File "/Users/grizzly/.pyenv/versions/mt/lib/python3.12/site-packages/django/utils/deprecation.py", line 311, in __call__
    response = self.process_response(request, response)
               ^^^^^^^^^^^^^^^^^^^^^^^^^^^^^^^^^^^^^^^^
  File "/Users/grizzly/.pyenv/versions/mt/lib/python3.12/site-packages/django/middleware/common.py", line 109, in process_response
    self.get_full_path_with_slash(request)
  File "/Users/grizzly/.pyenv/versions/mt/lib/python3.12/site-packages/django/middleware/common.py", line 87, in get_full_path_with_slash
    raise RuntimeError(
RuntimeError: You called this URL via POST, but the URL doesn't end in a slash and you have APPEND_SLASH set. Django can't redirect to the slash URL while maintaining POST data. Change your form to point to localhost:8000/api/users/refresh-token/ (note the trailing slash), or set APPEND_SLASH=False in your Django settings.
ERROR 2026-06-04 10:42:42,678 log 89752 6135672832 Internal Server Error: /api/users/refresh-token
Traceback (most recent call last):
  File "/Users/grizzly/.pyenv/versions/mt/lib/python3.12/site-packages/django/core/handlers/exception.py", line 55, in inner
    response = get_response(request)
               ^^^^^^^^^^^^^^^^^^^^^
  File "/Users/grizzly/.pyenv/versions/mt/lib/python3.12/site-packages/django/utils/deprecation.py", line 311, in __call__
    response = self.process_response(request, response)
               ^^^^^^^^^^^^^^^^^^^^^^^^^^^^^^^^^^^^^^^^
  File "/Users/grizzly/.pyenv/versions/mt/lib/python3.12/site-packages/django/middleware/common.py", line 109, in process_response
    self.get_full_path_with_slash(request)
  File "/Users/grizzly/.pyenv/versions/mt/lib/python3.12/site-packages/django/middleware/common.py", line 87, in get_full_path_with_slash
    raise RuntimeError(
RuntimeError: You called this URL via POST, but the URL doesn't end in a slash and you have APPEND_SLASH set. Django can't redirect to the slash URL while maintaining POST data. Change your form to point to localhost:8000/api/users/refresh-token/ (note the trailing slash), or set APPEND_SLASH=False in your Django settings.
ERROR 2026-06-04 10:42:42,700 log 89752 6186725376 Internal Server Error: /api/users/refresh-token
Traceback (most recent call last):
  File "/Users/grizzly/.pyenv/versions/mt/lib/python3.12/site-packages/django/core/handlers/exception.py", line 55, in inner
    response = get_response(request)
               ^^^^^^^^^^^^^^^^^^^^^
  File "/Users/grizzly/.pyenv/versions/mt/lib/python3.12/site-packages/django/utils/deprecation.py", line 311, in __call__
    response = self.process_response(request, response)
               ^^^^^^^^^^^^^^^^^^^^^^^^^^^^^^^^^^^^^^^^
  File "/Users/grizzly/.pyenv/versions/mt/lib/python3.12/site-packages/django/middleware/common.py", line 109, in process_response
    self.get_full_path_with_slash(request)
  File "/Users/grizzly/.pyenv/versions/mt/lib/python3.12/site-packages/django/middleware/common.py", line 87, in get_full_path_with_slash
    raise RuntimeError(
RuntimeError: You called this URL via POST, but the URL doesn't end in a slash and you have APPEND_SLASH set. Django can't redirect to the slash URL while maintaining POST data. Change your form to point to localhost:8000/api/users/refresh-token/ (note the trailing slash), or set APPEND_SLASH=False in your Django settings.
ERROR 2026-06-04 10:42:42,706 log 89752 6169899008 Internal Server Error: /api/users/refresh-token
Traceback (most recent call last):
  File "/Users/grizzly/.pyenv/versions/mt/lib/python3.12/site-packages/django/core/handlers/exception.py", line 55, in inner
    response = get_response(request)
               ^^^^^^^^^^^^^^^^^^^^^
  File "/Users/grizzly/.pyenv/versions/mt/lib/python3.12/site-packages/django/utils/deprecation.py", line 311, in __call__
    response = self.process_response(request, response)
               ^^^^^^^^^^^^^^^^^^^^^^^^^^^^^^^^^^^^^^^^
  File "/Users/grizzly/.pyenv/versions/mt/lib/python3.12/site-packages/django/middleware/common.py", line 109, in process_response
    self.get_full_path_with_slash(request)
  File "/Users/grizzly/.pyenv/versions/mt/lib/python3.12/site-packages/django/middleware/common.py", line 87, in get_full_path_with_slash
    raise RuntimeError(
RuntimeError: You called this URL via POST, but the URL doesn't end in a slash and you have APPEND_SLASH set. Django can't redirect to the slash URL while maintaining POST data. Change your form to point to localhost:8000/api/users/refresh-token/ (note the trailing slash), or set APPEND_SLASH=False in your Django settings.
WARNING 2026-06-04 11:12:13,456 log 89752 6135672832 Unauthorized: /api/transactions/transactions/
WARNING 2026-06-04 11:12:13,459 log 89752 6152499200 Unauthorized: /api/users/profile/
WARNING 2026-06-04 11:12:13,463 log 89752 6135672832 Unauthorized: /api/transactions/transactions/
WARNING 2026-06-04 11:12:13,465 log 89752 6152499200 Unauthorized: /api/users/profile/
WARNING 2026-06-04 11:12:13,471 log 89752 6152499200 Unauthorized: /api/transactions/transactions/
WARNING 2026-06-04 11:12:13,495 log 89752 6135672832 Unauthorized: /api/users/profile/
WARNING 2026-06-04 11:12:13,505 log 89752 6135672832 Unauthorized: /api/users/profile/
WARNING 2026-06-04 11:12:13,517 log 89752 6152499200 Unauthorized: /api/transactions/transactions/
ERROR 2026-06-04 11:12:13,571 log 89752 6203551744 Internal Server Error: /api/users/refresh-token
Traceback (most recent call last):
  File "/Users/grizzly/.pyenv/versions/mt/lib/python3.12/site-packages/django/core/handlers/exception.py", line 55, in inner
    response = get_response(request)
               ^^^^^^^^^^^^^^^^^^^^^
  File "/Users/grizzly/.pyenv/versions/mt/lib/python3.12/site-packages/django/utils/deprecation.py", line 311, in __call__
    response = self.process_response(request, response)
               ^^^^^^^^^^^^^^^^^^^^^^^^^^^^^^^^^^^^^^^^
  File "/Users/grizzly/.pyenv/versions/mt/lib/python3.12/site-packages/django/middleware/common.py", line 109, in process_response
    self.get_full_path_with_slash(request)
  File "/Users/grizzly/.pyenv/versions/mt/lib/python3.12/site-packages/django/middleware/common.py", line 87, in get_full_path_with_slash
    raise RuntimeError(
RuntimeError: You called this URL via POST, but the URL doesn't end in a slash and you have APPEND_SLASH set. Django can't redirect to the slash URL while maintaining POST data. Change your form to point to localhost:8000/api/users/refresh-token/ (note the trailing slash), or set APPEND_SLASH=False in your Django settings.
ERROR 2026-06-04 11:12:13,585 log 89752 6169899008 Internal Server Error: /api/users/refresh-token
Traceback (most recent call last):
  File "/Users/grizzly/.pyenv/versions/mt/lib/python3.12/site-packages/django/core/handlers/exception.py", line 55, in inner
    response = get_response(request)
               ^^^^^^^^^^^^^^^^^^^^^
  File "/Users/grizzly/.pyenv/versions/mt/lib/python3.12/site-packages/django/utils/deprecation.py", line 311, in __call__
    response = self.process_response(request, response)
               ^^^^^^^^^^^^^^^^^^^^^^^^^^^^^^^^^^^^^^^^
  File "/Users/grizzly/.pyenv/versions/mt/lib/python3.12/site-packages/django/middleware/common.py", line 109, in process_response
    self.get_full_path_with_slash(request)
  File "/Users/grizzly/.pyenv/versions/mt/lib/python3.12/site-packages/django/middleware/common.py", line 87, in get_full_path_with_slash
    raise RuntimeError(
RuntimeError: You called this URL via POST, but the URL doesn't end in a slash and you have APPEND_SLASH set. Django can't redirect to the slash URL while maintaining POST data. Change your form to point to localhost:8000/api/users/refresh-token/ (note the trailing slash), or set APPEND_SLASH=False in your Django settings.
ERROR 2026-06-04 11:12:13,597 log 89752 6186725376 Internal Server Error: /api/users/refresh-token
Traceback (most recent call last):
  File "/Users/grizzly/.pyenv/versions/mt/lib/python3.12/site-packages/django/core/handlers/exception.py", line 55, in inner
    response = get_response(request)
               ^^^^^^^^^^^^^^^^^^^^^
  File "/Users/grizzly/.pyenv/versions/mt/lib/python3.12/site-packages/django/utils/deprecation.py", line 311, in __call__
    response = self.process_response(request, response)
               ^^^^^^^^^^^^^^^^^^^^^^^^^^^^^^^^^^^^^^^^
  File "/Users/grizzly/.pyenv/versions/mt/lib/python3.12/site-packages/django/middleware/common.py", line 109, in process_response
    self.get_full_path_with_slash(request)
  File "/Users/grizzly/.pyenv/versions/mt/lib/python3.12/site-packages/django/middleware/common.py", line 87, in get_full_path_with_slash
    raise RuntimeError(
RuntimeError: You called this URL via POST, but the URL doesn't end in a slash and you have APPEND_SLASH set. Django can't redirect to the slash URL while maintaining POST data. Change your form to point to localhost:8000/api/users/refresh-token/ (note the trailing slash), or set APPEND_SLASH=False in your Django settings.
ERROR 2026-06-04 11:12:13,598 log 89752 6135672832 Internal Server Error: /api/users/refresh-token
Traceback (most recent call last):
  File "/Users/grizzly/.pyenv/versions/mt/lib/python3.12/site-packages/django/core/handlers/exception.py", line 55, in inner
    response = get_response(request)
               ^^^^^^^^^^^^^^^^^^^^^
  File "/Users/grizzly/.pyenv/versions/mt/lib/python3.12/site-packages/django/utils/deprecation.py", line 311, in __call__
    response = self.process_response(request, response)
               ^^^^^^^^^^^^^^^^^^^^^^^^^^^^^^^^^^^^^^^^
  File "/Users/grizzly/.pyenv/versions/mt/lib/python3.12/site-packages/django/middleware/common.py", line 109, in process_response
    self.get_full_path_with_slash(request)
  File "/Users/grizzly/.pyenv/versions/mt/lib/python3.12/site-packages/django/middleware/common.py", line 87, in get_full_path_with_slash
    raise RuntimeError(
RuntimeError: You called this URL via POST, but the URL doesn't end in a slash and you have APPEND_SLASH set. Django can't redirect to the slash URL while maintaining POST data. Change your form to point to localhost:8000/api/users/refresh-token/ (note the trailing slash), or set APPEND_SLASH=False in your Django settings.
ERROR 2026-06-04 11:12:13,609 log 89752 6152499200 Internal Server Error: /api/users/refresh-token
Traceback (most recent call last):
  File "/Users/grizzly/.pyenv/versions/mt/lib/python3.12/site-packages/django/core/handlers/exception.py", line 55, in inner
    response = get_response(request)
               ^^^^^^^^^^^^^^^^^^^^^
  File "/Users/grizzly/.pyenv/versions/mt/lib/python3.12/site-packages/django/utils/deprecation.py", line 311, in __call__
    response = self.process_response(request, response)
               ^^^^^^^^^^^^^^^^^^^^^^^^^^^^^^^^^^^^^^^^
  File "/Users/grizzly/.pyenv/versions/mt/lib/python3.12/site-packages/django/middleware/common.py", line 109, in process_response
    self.get_full_path_with_slash(request)
  File "/Users/grizzly/.pyenv/versions/mt/lib/python3.12/site-packages/django/middleware/common.py", line 87, in get_full_path_with_slash
    raise RuntimeError(
RuntimeError: You called this URL via POST, but the URL doesn't end in a slash and you have APPEND_SLASH set. Django can't redirect to the slash URL while maintaining POST data. Change your form to point to localhost:8000/api/users/refresh-token/ (note the trailing slash), or set APPEND_SLASH=False in your Django settings.
ERROR 2026-06-04 11:12:13,611 log 89752 6220378112 Internal Server Error: /api/users/refresh-token
Traceback (most recent call last):
  File "/Users/grizzly/.pyenv/versions/mt/lib/python3.12/site-packages/django/core/handlers/exception.py", line 55, in inner
    response = get_response(request)
               ^^^^^^^^^^^^^^^^^^^^^
  File "/Users/grizzly/.pyenv/versions/mt/lib/python3.12/site-packages/django/utils/deprecation.py", line 311, in __call__
    response = self.process_response(request, response)
               ^^^^^^^^^^^^^^^^^^^^^^^^^^^^^^^^^^^^^^^^
  File "/Users/grizzly/.pyenv/versions/mt/lib/python3.12/site-packages/django/middleware/common.py", line 109, in process_response
    self.get_full_path_with_slash(request)
  File "/Users/grizzly/.pyenv/versions/mt/lib/python3.12/site-packages/django/middleware/common.py", line 87, in get_full_path_with_slash
    raise RuntimeError(
RuntimeError: You called this URL via POST, but the URL doesn't end in a slash and you have APPEND_SLASH set. Django can't redirect to the slash URL while maintaining POST data. Change your form to point to localhost:8000/api/users/refresh-token/ (note the trailing slash), or set APPEND_SLASH=False in your Django settings.
ERROR 2026-06-04 11:12:13,647 log 89752 6135672832 Internal Server Error: /api/users/refresh-token
Traceback (most recent call last):
  File "/Users/grizzly/.pyenv/versions/mt/lib/python3.12/site-packages/django/core/handlers/exception.py", line 55, in inner
    response = get_response(request)
               ^^^^^^^^^^^^^^^^^^^^^
  File "/Users/grizzly/.pyenv/versions/mt/lib/python3.12/site-packages/django/utils/deprecation.py", line 311, in __call__
    response = self.process_response(request, response)
               ^^^^^^^^^^^^^^^^^^^^^^^^^^^^^^^^^^^^^^^^
  File "/Users/grizzly/.pyenv/versions/mt/lib/python3.12/site-packages/django/middleware/common.py", line 109, in process_response
    self.get_full_path_with_slash(request)
  File "/Users/grizzly/.pyenv/versions/mt/lib/python3.12/site-packages/django/middleware/common.py", line 87, in get_full_path_with_slash
    raise RuntimeError(
RuntimeError: You called this URL via POST, but the URL doesn't end in a slash and you have APPEND_SLASH set. Django can't redirect to the slash URL while maintaining POST data. Change your form to point to localhost:8000/api/users/refresh-token/ (note the trailing slash), or set APPEND_SLASH=False in your Django settings.
ERROR 2026-06-04 11:12:13,654 log 89752 6169899008 Internal Server Error: /api/users/refresh-token
Traceback (most recent call last):
  File "/Users/grizzly/.pyenv/versions/mt/lib/python3.12/site-packages/django/core/handlers/exception.py", line 55, in inner
    response = get_response(request)
               ^^^^^^^^^^^^^^^^^^^^^
  File "/Users/grizzly/.pyenv/versions/mt/lib/python3.12/site-packages/django/utils/deprecation.py", line 311, in __call__
    response = self.process_response(request, response)
               ^^^^^^^^^^^^^^^^^^^^^^^^^^^^^^^^^^^^^^^^
  File "/Users/grizzly/.pyenv/versions/mt/lib/python3.12/site-packages/django/middleware/common.py", line 109, in process_response
    self.get_full_path_with_slash(request)
  File "/Users/grizzly/.pyenv/versions/mt/lib/python3.12/site-packages/django/middleware/common.py", line 87, in get_full_path_with_slash
    raise RuntimeError(
RuntimeError: You called this URL via POST, but the URL doesn't end in a slash and you have APPEND_SLASH set. Django can't redirect to the slash URL while maintaining POST data. Change your form to point to localhost:8000/api/users/refresh-token/ (note the trailing slash), or set APPEND_SLASH=False in your Django settings.
WARNING 2026-06-04 11:12:30,380 log 89752 6152499200 Unauthorized: /api/users/profile/
WARNING 2026-06-04 11:12:30,380 log 89752 6135672832 Unauthorized: /api/transactions/transactions/
WARNING 2026-06-04 11:12:30,384 log 89752 6135672832 Unauthorized: /api/transactions/transactions/
WARNING 2026-06-04 11:12:30,386 log 89752 6152499200 Unauthorized: /api/users/profile/
WARNING 2026-06-04 11:12:30,391 log 89752 6152499200 Unauthorized: /api/transactions/transactions/
WARNING 2026-06-04 11:12:30,391 log 89752 6135672832 Unauthorized: /api/users/profile/
WARNING 2026-06-04 11:12:30,399 log 89752 6186725376 Unauthorized: /api/transactions/transactions/
WARNING 2026-06-04 11:12:30,407 log 89752 6169899008 Unauthorized: /api/users/profile/
ERROR 2026-06-04 11:12:30,469 log 89752 6203551744 Internal Server Error: /api/users/refresh-token
Traceback (most recent call last):
  File "/Users/grizzly/.pyenv/versions/mt/lib/python3.12/site-packages/django/core/handlers/exception.py", line 55, in inner
    response = get_response(request)
               ^^^^^^^^^^^^^^^^^^^^^
  File "/Users/grizzly/.pyenv/versions/mt/lib/python3.12/site-packages/django/utils/deprecation.py", line 311, in __call__
    response = self.process_response(request, response)
               ^^^^^^^^^^^^^^^^^^^^^^^^^^^^^^^^^^^^^^^^
  File "/Users/grizzly/.pyenv/versions/mt/lib/python3.12/site-packages/django/middleware/common.py", line 109, in process_response
    self.get_full_path_with_slash(request)
  File "/Users/grizzly/.pyenv/versions/mt/lib/python3.12/site-packages/django/middleware/common.py", line 87, in get_full_path_with_slash
    raise RuntimeError(
RuntimeError: You called this URL via POST, but the URL doesn't end in a slash and you have APPEND_SLASH set. Django can't redirect to the slash URL while maintaining POST data. Change your form to point to localhost:8000/api/users/refresh-token/ (note the trailing slash), or set APPEND_SLASH=False in your Django settings.
ERROR 2026-06-04 11:12:30,476 log 89752 6135672832 Internal Server Error: /api/users/refresh-token
Traceback (most recent call last):
  File "/Users/grizzly/.pyenv/versions/mt/lib/python3.12/site-packages/django/core/handlers/exception.py", line 55, in inner
    response = get_response(request)
               ^^^^^^^^^^^^^^^^^^^^^
  File "/Users/grizzly/.pyenv/versions/mt/lib/python3.12/site-packages/django/utils/deprecation.py", line 311, in __call__
    response = self.process_response(request, response)
               ^^^^^^^^^^^^^^^^^^^^^^^^^^^^^^^^^^^^^^^^
  File "/Users/grizzly/.pyenv/versions/mt/lib/python3.12/site-packages/django/middleware/common.py", line 109, in process_response
    self.get_full_path_with_slash(request)
  File "/Users/grizzly/.pyenv/versions/mt/lib/python3.12/site-packages/django/middleware/common.py", line 87, in get_full_path_with_slash
    raise RuntimeError(
RuntimeError: You called this URL via POST, but the URL doesn't end in a slash and you have APPEND_SLASH set. Django can't redirect to the slash URL while maintaining POST data. Change your form to point to localhost:8000/api/users/refresh-token/ (note the trailing slash), or set APPEND_SLASH=False in your Django settings.
ERROR 2026-06-04 11:12:30,488 log 89752 6220378112 Internal Server Error: /api/users/refresh-token
Traceback (most recent call last):
  File "/Users/grizzly/.pyenv/versions/mt/lib/python3.12/site-packages/django/core/handlers/exception.py", line 55, in inner
    response = get_response(request)
               ^^^^^^^^^^^^^^^^^^^^^
  File "/Users/grizzly/.pyenv/versions/mt/lib/python3.12/site-packages/django/utils/deprecation.py", line 311, in __call__
    response = self.process_response(request, response)
               ^^^^^^^^^^^^^^^^^^^^^^^^^^^^^^^^^^^^^^^^
  File "/Users/grizzly/.pyenv/versions/mt/lib/python3.12/site-packages/django/middleware/common.py", line 109, in process_response
    self.get_full_path_with_slash(request)
  File "/Users/grizzly/.pyenv/versions/mt/lib/python3.12/site-packages/django/middleware/common.py", line 87, in get_full_path_with_slash
    raise RuntimeError(
RuntimeError: You called this URL via POST, but the URL doesn't end in a slash and you have APPEND_SLASH set. Django can't redirect to the slash URL while maintaining POST data. Change your form to point to localhost:8000/api/users/refresh-token/ (note the trailing slash), or set APPEND_SLASH=False in your Django settings.
ERROR 2026-06-04 11:12:30,488 log 89752 6186725376 Internal Server Error: /api/users/refresh-token
Traceback (most recent call last):
  File "/Users/grizzly/.pyenv/versions/mt/lib/python3.12/site-packages/django/core/handlers/exception.py", line 55, in inner
    response = get_response(request)
               ^^^^^^^^^^^^^^^^^^^^^
  File "/Users/grizzly/.pyenv/versions/mt/lib/python3.12/site-packages/django/utils/deprecation.py", line 311, in __call__
    response = self.process_response(request, response)
               ^^^^^^^^^^^^^^^^^^^^^^^^^^^^^^^^^^^^^^^^
  File "/Users/grizzly/.pyenv/versions/mt/lib/python3.12/site-packages/django/middleware/common.py", line 109, in process_response
    self.get_full_path_with_slash(request)
  File "/Users/grizzly/.pyenv/versions/mt/lib/python3.12/site-packages/django/middleware/common.py", line 87, in get_full_path_with_slash
    raise RuntimeError(
RuntimeError: You called this URL via POST, but the URL doesn't end in a slash and you have APPEND_SLASH set. Django can't redirect to the slash URL while maintaining POST data. Change your form to point to localhost:8000/api/users/refresh-token/ (note the trailing slash), or set APPEND_SLASH=False in your Django settings.
ERROR 2026-06-04 11:12:30,495 log 89752 6152499200 Internal Server Error: /api/users/refresh-token
Traceback (most recent call last):
  File "/Users/grizzly/.pyenv/versions/mt/lib/python3.12/site-packages/django/core/handlers/exception.py", line 55, in inner
    response = get_response(request)
               ^^^^^^^^^^^^^^^^^^^^^
  File "/Users/grizzly/.pyenv/versions/mt/lib/python3.12/site-packages/django/utils/deprecation.py", line 311, in __call__
    response = self.process_response(request, response)
               ^^^^^^^^^^^^^^^^^^^^^^^^^^^^^^^^^^^^^^^^
  File "/Users/grizzly/.pyenv/versions/mt/lib/python3.12/site-packages/django/middleware/common.py", line 109, in process_response
    self.get_full_path_with_slash(request)
  File "/Users/grizzly/.pyenv/versions/mt/lib/python3.12/site-packages/django/middleware/common.py", line 87, in get_full_path_with_slash
    raise RuntimeError(
RuntimeError: You called this URL via POST, but the URL doesn't end in a slash and you have APPEND_SLASH set. Django can't redirect to the slash URL while maintaining POST data. Change your form to point to localhost:8000/api/users/refresh-token/ (note the trailing slash), or set APPEND_SLASH=False in your Django settings.
ERROR 2026-06-04 11:12:30,501 log 89752 6169899008 Internal Server Error: /api/users/refresh-token
Traceback (most recent call last):
  File "/Users/grizzly/.pyenv/versions/mt/lib/python3.12/site-packages/django/core/handlers/exception.py", line 55, in inner
    response = get_response(request)
               ^^^^^^^^^^^^^^^^^^^^^
  File "/Users/grizzly/.pyenv/versions/mt/lib/python3.12/site-packages/django/utils/deprecation.py", line 311, in __call__
    response = self.process_response(request, response)
               ^^^^^^^^^^^^^^^^^^^^^^^^^^^^^^^^^^^^^^^^
  File "/Users/grizzly/.pyenv/versions/mt/lib/python3.12/site-packages/django/middleware/common.py", line 109, in process_response
    self.get_full_path_with_slash(request)
  File "/Users/grizzly/.pyenv/versions/mt/lib/python3.12/site-packages/django/middleware/common.py", line 87, in get_full_path_with_slash
    raise RuntimeError(
RuntimeError: You called this URL via POST, but the URL doesn't end in a slash and you have APPEND_SLASH set. Django can't redirect to the slash URL while maintaining POST data. Change your form to point to localhost:8000/api/users/refresh-token/ (note the trailing slash), or set APPEND_SLASH=False in your Django settings.
ERROR 2026-06-04 11:12:30,532 log 89752 6186725376 Internal Server Error: /api/users/refresh-token
Traceback (most recent call last):
  File "/Users/grizzly/.pyenv/versions/mt/lib/python3.12/site-packages/django/core/handlers/exception.py", line 55, in inner
    response = get_response(request)
               ^^^^^^^^^^^^^^^^^^^^^
  File "/Users/grizzly/.pyenv/versions/mt/lib/python3.12/site-packages/django/utils/deprecation.py", line 311, in __call__
    response = self.process_response(request, response)
               ^^^^^^^^^^^^^^^^^^^^^^^^^^^^^^^^^^^^^^^^
  File "/Users/grizzly/.pyenv/versions/mt/lib/python3.12/site-packages/django/middleware/common.py", line 109, in process_response
    self.get_full_path_with_slash(request)
  File "/Users/grizzly/.pyenv/versions/mt/lib/python3.12/site-packages/django/middleware/common.py", line 87, in get_full_path_with_slash
    raise RuntimeError(
RuntimeError: You called this URL via POST, but the URL doesn't end in a slash and you have APPEND_SLASH set. Django can't redirect to the slash URL while maintaining POST data. Change your form to point to localhost:8000/api/users/refresh-token/ (note the trailing slash), or set APPEND_SLASH=False in your Django settings.
ERROR 2026-06-04 11:12:30,539 log 89752 6135672832 Internal Server Error: /api/users/refresh-token
Traceback (most recent call last):
  File "/Users/grizzly/.pyenv/versions/mt/lib/python3.12/site-packages/django/core/handlers/exception.py", line 55, in inner
    response = get_response(request)
               ^^^^^^^^^^^^^^^^^^^^^
  File "/Users/grizzly/.pyenv/versions/mt/lib/python3.12/site-packages/django/utils/deprecation.py", line 311, in __call__
    response = self.process_response(request, response)
               ^^^^^^^^^^^^^^^^^^^^^^^^^^^^^^^^^^^^^^^^
  File "/Users/grizzly/.pyenv/versions/mt/lib/python3.12/site-packages/django/middleware/common.py", line 109, in process_response
    self.get_full_path_with_slash(request)
  File "/Users/grizzly/.pyenv/versions/mt/lib/python3.12/site-packages/django/middleware/common.py", line 87, in get_full_path_with_slash
    raise RuntimeError(
RuntimeError: You called this URL via POST, but the URL doesn't end in a slash and you have APPEND_SLASH set. Django can't redirect to the slash URL while maintaining POST data. Change your form to point to localhost:8000/api/users/refresh-token/ (note the trailing slash), or set APPEND_SLASH=False in your Django settings.
WARNING 2026-06-04 11:39:58,757 log 89752 6152499200 Unauthorized: /api/users/profile/
WARNING 2026-06-04 11:39:58,758 log 89752 6135672832 Unauthorized: /api/transactions/transactions/
WARNING 2026-06-04 11:39:58,765 log 89752 6152499200 Unauthorized: /api/users/profile/
WARNING 2026-06-04 11:39:58,778 log 89752 6169899008 Unauthorized: /api/users/profile/
WARNING 2026-06-04 11:39:58,779 log 89752 6135672832 Unauthorized: /api/transactions/transactions/
WARNING 2026-06-04 11:39:58,808 log 89752 6186725376 Unauthorized: /api/transactions/transactions/
WARNING 2026-06-04 11:39:58,811 log 89752 6186725376 Unauthorized: /api/transactions/transactions/
WARNING 2026-06-04 11:39:58,875 log 89752 6220378112 Unauthorized: /api/users/profile/
ERROR 2026-06-04 11:39:58,941 log 89752 6152499200 Internal Server Error: /api/users/refresh-token
Traceback (most recent call last):
  File "/Users/grizzly/.pyenv/versions/mt/lib/python3.12/site-packages/django/core/handlers/exception.py", line 55, in inner
    response = get_response(request)
               ^^^^^^^^^^^^^^^^^^^^^
  File "/Users/grizzly/.pyenv/versions/mt/lib/python3.12/site-packages/django/utils/deprecation.py", line 311, in __call__
    response = self.process_response(request, response)
               ^^^^^^^^^^^^^^^^^^^^^^^^^^^^^^^^^^^^^^^^
  File "/Users/grizzly/.pyenv/versions/mt/lib/python3.12/site-packages/django/middleware/common.py", line 109, in process_response
    self.get_full_path_with_slash(request)
  File "/Users/grizzly/.pyenv/versions/mt/lib/python3.12/site-packages/django/middleware/common.py", line 87, in get_full_path_with_slash
    raise RuntimeError(
RuntimeError: You called this URL via POST, but the URL doesn't end in a slash and you have APPEND_SLASH set. Django can't redirect to the slash URL while maintaining POST data. Change your form to point to localhost:8000/api/users/refresh-token/ (note the trailing slash), or set APPEND_SLASH=False in your Django settings.
ERROR 2026-06-04 11:39:58,954 log 89752 6169899008 Internal Server Error: /api/users/refresh-token
Traceback (most recent call last):
  File "/Users/grizzly/.pyenv/versions/mt/lib/python3.12/site-packages/django/core/handlers/exception.py", line 55, in inner
    response = get_response(request)
               ^^^^^^^^^^^^^^^^^^^^^
  File "/Users/grizzly/.pyenv/versions/mt/lib/python3.12/site-packages/django/utils/deprecation.py", line 311, in __call__
    response = self.process_response(request, response)
               ^^^^^^^^^^^^^^^^^^^^^^^^^^^^^^^^^^^^^^^^
  File "/Users/grizzly/.pyenv/versions/mt/lib/python3.12/site-packages/django/middleware/common.py", line 109, in process_response
    self.get_full_path_with_slash(request)
  File "/Users/grizzly/.pyenv/versions/mt/lib/python3.12/site-packages/django/middleware/common.py", line 87, in get_full_path_with_slash
    raise RuntimeError(
RuntimeError: You called this URL via POST, but the URL doesn't end in a slash and you have APPEND_SLASH set. Django can't redirect to the slash URL while maintaining POST data. Change your form to point to localhost:8000/api/users/refresh-token/ (note the trailing slash), or set APPEND_SLASH=False in your Django settings.
ERROR 2026-06-04 11:39:58,962 log 89752 6203551744 Internal Server Error: /api/users/refresh-token
Traceback (most recent call last):
  File "/Users/grizzly/.pyenv/versions/mt/lib/python3.12/site-packages/django/core/handlers/exception.py", line 55, in inner
    response = get_response(request)
               ^^^^^^^^^^^^^^^^^^^^^
  File "/Users/grizzly/.pyenv/versions/mt/lib/python3.12/site-packages/django/utils/deprecation.py", line 311, in __call__
    response = self.process_response(request, response)
               ^^^^^^^^^^^^^^^^^^^^^^^^^^^^^^^^^^^^^^^^
  File "/Users/grizzly/.pyenv/versions/mt/lib/python3.12/site-packages/django/middleware/common.py", line 109, in process_response
    self.get_full_path_with_slash(request)
  File "/Users/grizzly/.pyenv/versions/mt/lib/python3.12/site-packages/django/middleware/common.py", line 87, in get_full_path_with_slash
    raise RuntimeError(
RuntimeError: You called this URL via POST, but the URL doesn't end in a slash and you have APPEND_SLASH set. Django can't redirect to the slash URL while maintaining POST data. Change your form to point to localhost:8000/api/users/refresh-token/ (note the trailing slash), or set APPEND_SLASH=False in your Django settings.
ERROR 2026-06-04 11:39:58,979 log 89752 6186725376 Internal Server Error: /api/users/refresh-token
Traceback (most recent call last):
  File "/Users/grizzly/.pyenv/versions/mt/lib/python3.12/site-packages/django/core/handlers/exception.py", line 55, in inner
    response = get_response(request)
               ^^^^^^^^^^^^^^^^^^^^^
  File "/Users/grizzly/.pyenv/versions/mt/lib/python3.12/site-packages/django/utils/deprecation.py", line 311, in __call__
    response = self.process_response(request, response)
               ^^^^^^^^^^^^^^^^^^^^^^^^^^^^^^^^^^^^^^^^
  File "/Users/grizzly/.pyenv/versions/mt/lib/python3.12/site-packages/django/middleware/common.py", line 109, in process_response
    self.get_full_path_with_slash(request)
  File "/Users/grizzly/.pyenv/versions/mt/lib/python3.12/site-packages/django/middleware/common.py", line 87, in get_full_path_with_slash
    raise RuntimeError(
RuntimeError: You called this URL via POST, but the URL doesn't end in a slash and you have APPEND_SLASH set. Django can't redirect to the slash URL while maintaining POST data. Change your form to point to localhost:8000/api/users/refresh-token/ (note the trailing slash), or set APPEND_SLASH=False in your Django settings.
ERROR 2026-06-04 11:39:58,985 log 89752 6220378112 Internal Server Error: /api/users/refresh-token
Traceback (most recent call last):
  File "/Users/grizzly/.pyenv/versions/mt/lib/python3.12/site-packages/django/core/handlers/exception.py", line 55, in inner
    response = get_response(request)
               ^^^^^^^^^^^^^^^^^^^^^
  File "/Users/grizzly/.pyenv/versions/mt/lib/python3.12/site-packages/django/utils/deprecation.py", line 311, in __call__
    response = self.process_response(request, response)
               ^^^^^^^^^^^^^^^^^^^^^^^^^^^^^^^^^^^^^^^^
  File "/Users/grizzly/.pyenv/versions/mt/lib/python3.12/site-packages/django/middleware/common.py", line 109, in process_response
    self.get_full_path_with_slash(request)
  File "/Users/grizzly/.pyenv/versions/mt/lib/python3.12/site-packages/django/middleware/common.py", line 87, in get_full_path_with_slash
    raise RuntimeError(
RuntimeError: You called this URL via POST, but the URL doesn't end in a slash and you have APPEND_SLASH set. Django can't redirect to the slash URL while maintaining POST data. Change your form to point to localhost:8000/api/users/refresh-token/ (note the trailing slash), or set APPEND_SLASH=False in your Django settings.
ERROR 2026-06-04 11:39:59,000 log 89752 6135672832 Internal Server Error: /api/users/refresh-token
Traceback (most recent call last):
  File "/Users/grizzly/.pyenv/versions/mt/lib/python3.12/site-packages/django/core/handlers/exception.py", line 55, in inner
    response = get_response(request)
               ^^^^^^^^^^^^^^^^^^^^^
  File "/Users/grizzly/.pyenv/versions/mt/lib/python3.12/site-packages/django/utils/deprecation.py", line 311, in __call__
    response = self.process_response(request, response)
               ^^^^^^^^^^^^^^^^^^^^^^^^^^^^^^^^^^^^^^^^
  File "/Users/grizzly/.pyenv/versions/mt/lib/python3.12/site-packages/django/middleware/common.py", line 109, in process_response
    self.get_full_path_with_slash(request)
  File "/Users/grizzly/.pyenv/versions/mt/lib/python3.12/site-packages/django/middleware/common.py", line 87, in get_full_path_with_slash
    raise RuntimeError(
RuntimeError: You called this URL via POST, but the URL doesn't end in a slash and you have APPEND_SLASH set. Django can't redirect to the slash URL while maintaining POST data. Change your form to point to localhost:8000/api/users/refresh-token/ (note the trailing slash), or set APPEND_SLASH=False in your Django settings.
ERROR 2026-06-04 11:39:59,123 log 89752 6152499200 Internal Server Error: /api/users/refresh-token
Traceback (most recent call last):
  File "/Users/grizzly/.pyenv/versions/mt/lib/python3.12/site-packages/django/core/handlers/exception.py", line 55, in inner
    response = get_response(request)
               ^^^^^^^^^^^^^^^^^^^^^
  File "/Users/grizzly/.pyenv/versions/mt/lib/python3.12/site-packages/django/utils/deprecation.py", line 311, in __call__
    response = self.process_response(request, response)
               ^^^^^^^^^^^^^^^^^^^^^^^^^^^^^^^^^^^^^^^^
  File "/Users/grizzly/.pyenv/versions/mt/lib/python3.12/site-packages/django/middleware/common.py", line 109, in process_response
    self.get_full_path_with_slash(request)
  File "/Users/grizzly/.pyenv/versions/mt/lib/python3.12/site-packages/django/middleware/common.py", line 87, in get_full_path_with_slash
    raise RuntimeError(
RuntimeError: You called this URL via POST, but the URL doesn't end in a slash and you have APPEND_SLASH set. Django can't redirect to the slash URL while maintaining POST data. Change your form to point to localhost:8000/api/users/refresh-token/ (note the trailing slash), or set APPEND_SLASH=False in your Django settings.
ERROR 2026-06-04 11:39:59,138 log 89752 6169899008 Internal Server Error: /api/users/refresh-token
Traceback (most recent call last):
  File "/Users/grizzly/.pyenv/versions/mt/lib/python3.12/site-packages/django/core/handlers/exception.py", line 55, in inner
    response = get_response(request)
               ^^^^^^^^^^^^^^^^^^^^^
  File "/Users/grizzly/.pyenv/versions/mt/lib/python3.12/site-packages/django/utils/deprecation.py", line 311, in __call__
    response = self.process_response(request, response)
               ^^^^^^^^^^^^^^^^^^^^^^^^^^^^^^^^^^^^^^^^
  File "/Users/grizzly/.pyenv/versions/mt/lib/python3.12/site-packages/django/middleware/common.py", line 109, in process_response
    self.get_full_path_with_slash(request)
  File "/Users/grizzly/.pyenv/versions/mt/lib/python3.12/site-packages/django/middleware/common.py", line 87, in get_full_path_with_slash
    raise RuntimeError(
RuntimeError: You called this URL via POST, but the URL doesn't end in a slash and you have APPEND_SLASH set. Django can't redirect to the slash URL while maintaining POST data. Change your form to point to localhost:8000/api/users/refresh-token/ (note the trailing slash), or set APPEND_SLASH=False in your Django settings.
WARNING 2026-06-04 13:18:08,418 log 89752 6135672832 Unauthorized: /api/transactions/transactions/
WARNING 2026-06-04 13:18:08,418 log 89752 6152499200 Unauthorized: /api/users/profile/
WARNING 2026-06-04 13:18:08,424 log 89752 6135672832 Unauthorized: /api/transactions/transactions/
WARNING 2026-06-04 13:18:08,424 log 89752 6152499200 Unauthorized: /api/users/profile/
WARNING 2026-06-04 13:18:08,427 log 89752 6169899008 Unauthorized: /api/transactions/transactions/
WARNING 2026-06-04 13:18:08,428 log 89752 6135672832 Unauthorized: /api/users/profile/
WARNING 2026-06-04 13:18:08,431 log 89752 6152499200 Unauthorized: /api/transactions/transactions/
WARNING 2026-06-04 13:18:08,433 log 89752 6186725376 Unauthorized: /api/users/profile/
ERROR 2026-06-04 13:18:08,489 log 89752 6203551744 Internal Server Error: /api/users/refresh-token
Traceback (most recent call last):
  File "/Users/grizzly/.pyenv/versions/mt/lib/python3.12/site-packages/django/core/handlers/exception.py", line 55, in inner
    response = get_response(request)
               ^^^^^^^^^^^^^^^^^^^^^
  File "/Users/grizzly/.pyenv/versions/mt/lib/python3.12/site-packages/django/utils/deprecation.py", line 311, in __call__
    response = self.process_response(request, response)
               ^^^^^^^^^^^^^^^^^^^^^^^^^^^^^^^^^^^^^^^^
  File "/Users/grizzly/.pyenv/versions/mt/lib/python3.12/site-packages/django/middleware/common.py", line 109, in process_response
    self.get_full_path_with_slash(request)
  File "/Users/grizzly/.pyenv/versions/mt/lib/python3.12/site-packages/django/middleware/common.py", line 87, in get_full_path_with_slash
    raise RuntimeError(
RuntimeError: You called this URL via POST, but the URL doesn't end in a slash and you have APPEND_SLASH set. Django can't redirect to the slash URL while maintaining POST data. Change your form to point to localhost:8000/api/users/refresh-token/ (note the trailing slash), or set APPEND_SLASH=False in your Django settings.
ERROR 2026-06-04 13:18:08,496 log 89752 6169899008 Internal Server Error: /api/users/refresh-token
Traceback (most recent call last):
  File "/Users/grizzly/.pyenv/versions/mt/lib/python3.12/site-packages/django/core/handlers/exception.py", line 55, in inner
    response = get_response(request)
               ^^^^^^^^^^^^^^^^^^^^^
  File "/Users/grizzly/.pyenv/versions/mt/lib/python3.12/site-packages/django/utils/deprecation.py", line 311, in __call__
    response = self.process_response(request, response)
               ^^^^^^^^^^^^^^^^^^^^^^^^^^^^^^^^^^^^^^^^
  File "/Users/grizzly/.pyenv/versions/mt/lib/python3.12/site-packages/django/middleware/common.py", line 109, in process_response
    self.get_full_path_with_slash(request)
  File "/Users/grizzly/.pyenv/versions/mt/lib/python3.12/site-packages/django/middleware/common.py", line 87, in get_full_path_with_slash
    raise RuntimeError(
RuntimeError: You called this URL via POST, but the URL doesn't end in a slash and you have APPEND_SLASH set. Django can't redirect to the slash URL while maintaining POST data. Change your form to point to localhost:8000/api/users/refresh-token/ (note the trailing slash), or set APPEND_SLASH=False in your Django settings.
ERROR 2026-06-04 13:18:08,502 log 89752 6186725376 Internal Server Error: /api/users/refresh-token
Traceback (most recent call last):
  File "/Users/grizzly/.pyenv/versions/mt/lib/python3.12/site-packages/django/core/handlers/exception.py", line 55, in inner
    response = get_response(request)
               ^^^^^^^^^^^^^^^^^^^^^
  File "/Users/grizzly/.pyenv/versions/mt/lib/python3.12/site-packages/django/utils/deprecation.py", line 311, in __call__
    response = self.process_response(request, response)
               ^^^^^^^^^^^^^^^^^^^^^^^^^^^^^^^^^^^^^^^^
  File "/Users/grizzly/.pyenv/versions/mt/lib/python3.12/site-packages/django/middleware/common.py", line 109, in process_response
    self.get_full_path_with_slash(request)
  File "/Users/grizzly/.pyenv/versions/mt/lib/python3.12/site-packages/django/middleware/common.py", line 87, in get_full_path_with_slash
    raise RuntimeError(
RuntimeError: You called this URL via POST, but the URL doesn't end in a slash and you have APPEND_SLASH set. Django can't redirect to the slash URL while maintaining POST data. Change your form to point to localhost:8000/api/users/refresh-token/ (note the trailing slash), or set APPEND_SLASH=False in your Django settings.
ERROR 2026-06-04 13:18:08,509 log 89752 6152499200 Internal Server Error: /api/users/refresh-token
Traceback (most recent call last):
  File "/Users/grizzly/.pyenv/versions/mt/lib/python3.12/site-packages/django/core/handlers/exception.py", line 55, in inner
    response = get_response(request)
               ^^^^^^^^^^^^^^^^^^^^^
  File "/Users/grizzly/.pyenv/versions/mt/lib/python3.12/site-packages/django/utils/deprecation.py", line 311, in __call__
    response = self.process_response(request, response)
               ^^^^^^^^^^^^^^^^^^^^^^^^^^^^^^^^^^^^^^^^
  File "/Users/grizzly/.pyenv/versions/mt/lib/python3.12/site-packages/django/middleware/common.py", line 109, in process_response
    self.get_full_path_with_slash(request)
  File "/Users/grizzly/.pyenv/versions/mt/lib/python3.12/site-packages/django/middleware/common.py", line 87, in get_full_path_with_slash
    raise RuntimeError(
RuntimeError: You called this URL via POST, but the URL doesn't end in a slash and you have APPEND_SLASH set. Django can't redirect to the slash URL while maintaining POST data. Change your form to point to localhost:8000/api/users/refresh-token/ (note the trailing slash), or set APPEND_SLASH=False in your Django settings.
ERROR 2026-06-04 13:18:08,515 log 89752 6220378112 Internal Server Error: /api/users/refresh-token
Traceback (most recent call last):
  File "/Users/grizzly/.pyenv/versions/mt/lib/python3.12/site-packages/django/core/handlers/exception.py", line 55, in inner
    response = get_response(request)
               ^^^^^^^^^^^^^^^^^^^^^
  File "/Users/grizzly/.pyenv/versions/mt/lib/python3.12/site-packages/django/utils/deprecation.py", line 311, in __call__
    response = self.process_response(request, response)
               ^^^^^^^^^^^^^^^^^^^^^^^^^^^^^^^^^^^^^^^^
  File "/Users/grizzly/.pyenv/versions/mt/lib/python3.12/site-packages/django/middleware/common.py", line 109, in process_response
    self.get_full_path_with_slash(request)
  File "/Users/grizzly/.pyenv/versions/mt/lib/python3.12/site-packages/django/middleware/common.py", line 87, in get_full_path_with_slash
    raise RuntimeError(
RuntimeError: You called this URL via POST, but the URL doesn't end in a slash and you have APPEND_SLASH set. Django can't redirect to the slash URL while maintaining POST data. Change your form to point to localhost:8000/api/users/refresh-token/ (note the trailing slash), or set APPEND_SLASH=False in your Django settings.
ERROR 2026-06-04 13:18:08,521 log 89752 6135672832 Internal Server Error: /api/users/refresh-token
Traceback (most recent call last):
  File "/Users/grizzly/.pyenv/versions/mt/lib/python3.12/site-packages/django/core/handlers/exception.py", line 55, in inner
    response = get_response(request)
               ^^^^^^^^^^^^^^^^^^^^^
  File "/Users/grizzly/.pyenv/versions/mt/lib/python3.12/site-packages/django/utils/deprecation.py", line 311, in __call__
    response = self.process_response(request, response)
               ^^^^^^^^^^^^^^^^^^^^^^^^^^^^^^^^^^^^^^^^
  File "/Users/grizzly/.pyenv/versions/mt/lib/python3.12/site-packages/django/middleware/common.py", line 109, in process_response
    self.get_full_path_with_slash(request)
  File "/Users/grizzly/.pyenv/versions/mt/lib/python3.12/site-packages/django/middleware/common.py", line 87, in get_full_path_with_slash
    raise RuntimeError(
RuntimeError: You called this URL via POST, but the URL doesn't end in a slash and you have APPEND_SLASH set. Django can't redirect to the slash URL while maintaining POST data. Change your form to point to localhost:8000/api/users/refresh-token/ (note the trailing slash), or set APPEND_SLASH=False in your Django settings.
ERROR 2026-06-04 13:18:08,551 log 89752 6135672832 Internal Server Error: /api/users/refresh-token
Traceback (most recent call last):
  File "/Users/grizzly/.pyenv/versions/mt/lib/python3.12/site-packages/django/core/handlers/exception.py", line 55, in inner
    response = get_response(request)
               ^^^^^^^^^^^^^^^^^^^^^
  File "/Users/grizzly/.pyenv/versions/mt/lib/python3.12/site-packages/django/utils/deprecation.py", line 311, in __call__
    response = self.process_response(request, response)
               ^^^^^^^^^^^^^^^^^^^^^^^^^^^^^^^^^^^^^^^^
  File "/Users/grizzly/.pyenv/versions/mt/lib/python3.12/site-packages/django/middleware/common.py", line 109, in process_response
    self.get_full_path_with_slash(request)
  File "/Users/grizzly/.pyenv/versions/mt/lib/python3.12/site-packages/django/middleware/common.py", line 87, in get_full_path_with_slash
    raise RuntimeError(
RuntimeError: You called this URL via POST, but the URL doesn't end in a slash and you have APPEND_SLASH set. Django can't redirect to the slash URL while maintaining POST data. Change your form to point to localhost:8000/api/users/refresh-token/ (note the trailing slash), or set APPEND_SLASH=False in your Django settings.
ERROR 2026-06-04 13:18:08,558 log 89752 6152499200 Internal Server Error: /api/users/refresh-token
Traceback (most recent call last):
  File "/Users/grizzly/.pyenv/versions/mt/lib/python3.12/site-packages/django/core/handlers/exception.py", line 55, in inner
    response = get_response(request)
               ^^^^^^^^^^^^^^^^^^^^^
  File "/Users/grizzly/.pyenv/versions/mt/lib/python3.12/site-packages/django/utils/deprecation.py", line 311, in __call__
    response = self.process_response(request, response)
               ^^^^^^^^^^^^^^^^^^^^^^^^^^^^^^^^^^^^^^^^
  File "/Users/grizzly/.pyenv/versions/mt/lib/python3.12/site-packages/django/middleware/common.py", line 109, in process_response
    self.get_full_path_with_slash(request)
  File "/Users/grizzly/.pyenv/versions/mt/lib/python3.12/site-packages/django/middleware/common.py", line 87, in get_full_path_with_slash
    raise RuntimeError(
RuntimeError: You called this URL via POST, but the URL doesn't end in a slash and you have APPEND_SLASH set. Django can't redirect to the slash URL while maintaining POST data. Change your form to point to localhost:8000/api/users/refresh-token/ (note the trailing slash), or set APPEND_SLASH=False in your Django settings.
WARNING 2026-06-08 07:37:03,688 log 89752 6152499200 Unauthorized: /api/users/profile/
WARNING 2026-06-08 07:37:03,690 log 89752 6135672832 Unauthorized: /api/transactions/transactions/
WARNING 2026-06-08 07:37:03,708 log 89752 6152499200 Unauthorized: /api/users/profile/
WARNING 2026-06-08 07:37:03,716 log 89752 6169899008 Unauthorized: /api/transactions/transactions/
WARNING 2026-06-08 07:37:03,742 log 89752 6169899008 Unauthorized: /api/transactions/transactions/
WARNING 2026-06-08 07:37:03,747 log 89752 6152499200 Unauthorized: /api/users/profile/
WARNING 2026-06-08 07:37:03,767 log 89752 6203551744 Unauthorized: /api/transactions/transactions/
WARNING 2026-06-08 07:37:03,793 log 89752 6169899008 Unauthorized: /api/users/profile/
ERROR 2026-06-08 07:37:03,822 log 89752 6135672832 Internal Server Error: /api/users/refresh-token
Traceback (most recent call last):
  File "/Users/grizzly/.pyenv/versions/mt/lib/python3.12/site-packages/django/core/handlers/exception.py", line 55, in inner
    response = get_response(request)
               ^^^^^^^^^^^^^^^^^^^^^
  File "/Users/grizzly/.pyenv/versions/mt/lib/python3.12/site-packages/django/utils/deprecation.py", line 311, in __call__
    response = self.process_response(request, response)
               ^^^^^^^^^^^^^^^^^^^^^^^^^^^^^^^^^^^^^^^^
  File "/Users/grizzly/.pyenv/versions/mt/lib/python3.12/site-packages/django/middleware/common.py", line 109, in process_response
    self.get_full_path_with_slash(request)
  File "/Users/grizzly/.pyenv/versions/mt/lib/python3.12/site-packages/django/middleware/common.py", line 87, in get_full_path_with_slash
    raise RuntimeError(
RuntimeError: You called this URL via POST, but the URL doesn't end in a slash and you have APPEND_SLASH set. Django can't redirect to the slash URL while maintaining POST data. Change your form to point to localhost:8000/api/users/refresh-token/ (note the trailing slash), or set APPEND_SLASH=False in your Django settings.
ERROR 2026-06-08 07:37:03,855 log 89752 6186725376 Internal Server Error: /api/users/refresh-token
Traceback (most recent call last):
  File "/Users/grizzly/.pyenv/versions/mt/lib/python3.12/site-packages/django/core/handlers/exception.py", line 55, in inner
    response = get_response(request)
               ^^^^^^^^^^^^^^^^^^^^^
  File "/Users/grizzly/.pyenv/versions/mt/lib/python3.12/site-packages/django/utils/deprecation.py", line 311, in __call__
    response = self.process_response(request, response)
               ^^^^^^^^^^^^^^^^^^^^^^^^^^^^^^^^^^^^^^^^
  File "/Users/grizzly/.pyenv/versions/mt/lib/python3.12/site-packages/django/middleware/common.py", line 109, in process_response
    self.get_full_path_with_slash(request)
  File "/Users/grizzly/.pyenv/versions/mt/lib/python3.12/site-packages/django/middleware/common.py", line 87, in get_full_path_with_slash
    raise RuntimeError(
RuntimeError: You called this URL via POST, but the URL doesn't end in a slash and you have APPEND_SLASH set. Django can't redirect to the slash URL while maintaining POST data. Change your form to point to localhost:8000/api/users/refresh-token/ (note the trailing slash), or set APPEND_SLASH=False in your Django settings.
ERROR 2026-06-08 07:37:03,892 log 89752 6220378112 Internal Server Error: /api/users/refresh-token
Traceback (most recent call last):
  File "/Users/grizzly/.pyenv/versions/mt/lib/python3.12/site-packages/django/core/handlers/exception.py", line 55, in inner
    response = get_response(request)
               ^^^^^^^^^^^^^^^^^^^^^
  File "/Users/grizzly/.pyenv/versions/mt/lib/python3.12/site-packages/django/utils/deprecation.py", line 311, in __call__
    response = self.process_response(request, response)
               ^^^^^^^^^^^^^^^^^^^^^^^^^^^^^^^^^^^^^^^^
  File "/Users/grizzly/.pyenv/versions/mt/lib/python3.12/site-packages/django/middleware/common.py", line 109, in process_response
    self.get_full_path_with_slash(request)
  File "/Users/grizzly/.pyenv/versions/mt/lib/python3.12/site-packages/django/middleware/common.py", line 87, in get_full_path_with_slash
    raise RuntimeError(
RuntimeError: You called this URL via POST, but the URL doesn't end in a slash and you have APPEND_SLASH set. Django can't redirect to the slash URL while maintaining POST data. Change your form to point to localhost:8000/api/users/refresh-token/ (note the trailing slash), or set APPEND_SLASH=False in your Django settings.
ERROR 2026-06-08 07:37:03,926 log 89752 6203551744 Internal Server Error: /api/users/refresh-token
Traceback (most recent call last):
  File "/Users/grizzly/.pyenv/versions/mt/lib/python3.12/site-packages/django/core/handlers/exception.py", line 55, in inner
    response = get_response(request)
               ^^^^^^^^^^^^^^^^^^^^^
  File "/Users/grizzly/.pyenv/versions/mt/lib/python3.12/site-packages/django/utils/deprecation.py", line 311, in __call__
    response = self.process_response(request, response)
               ^^^^^^^^^^^^^^^^^^^^^^^^^^^^^^^^^^^^^^^^
  File "/Users/grizzly/.pyenv/versions/mt/lib/python3.12/site-packages/django/middleware/common.py", line 109, in process_response
    self.get_full_path_with_slash(request)
  File "/Users/grizzly/.pyenv/versions/mt/lib/python3.12/site-packages/django/middleware/common.py", line 87, in get_full_path_with_slash
    raise RuntimeError(
RuntimeError: You called this URL via POST, but the URL doesn't end in a slash and you have APPEND_SLASH set. Django can't redirect to the slash URL while maintaining POST data. Change your form to point to localhost:8000/api/users/refresh-token/ (note the trailing slash), or set APPEND_SLASH=False in your Django settings.
ERROR 2026-06-08 07:37:03,939 log 89752 6152499200 Internal Server Error: /api/users/refresh-token
Traceback (most recent call last):
  File "/Users/grizzly/.pyenv/versions/mt/lib/python3.12/site-packages/django/core/handlers/exception.py", line 55, in inner
    response = get_response(request)
               ^^^^^^^^^^^^^^^^^^^^^
  File "/Users/grizzly/.pyenv/versions/mt/lib/python3.12/site-packages/django/utils/deprecation.py", line 311, in __call__
    response = self.process_response(request, response)
               ^^^^^^^^^^^^^^^^^^^^^^^^^^^^^^^^^^^^^^^^
  File "/Users/grizzly/.pyenv/versions/mt/lib/python3.12/site-packages/django/middleware/common.py", line 109, in process_response
    self.get_full_path_with_slash(request)
  File "/Users/grizzly/.pyenv/versions/mt/lib/python3.12/site-packages/django/middleware/common.py", line 87, in get_full_path_with_slash
    raise RuntimeError(
RuntimeError: You called this URL via POST, but the URL doesn't end in a slash and you have APPEND_SLASH set. Django can't redirect to the slash URL while maintaining POST data. Change your form to point to localhost:8000/api/users/refresh-token/ (note the trailing slash), or set APPEND_SLASH=False in your Django settings.
ERROR 2026-06-08 07:37:03,970 log 89752 6135672832 Internal Server Error: /api/users/refresh-token
Traceback (most recent call last):
  File "/Users/grizzly/.pyenv/versions/mt/lib/python3.12/site-packages/django/core/handlers/exception.py", line 55, in inner
    response = get_response(request)
               ^^^^^^^^^^^^^^^^^^^^^
  File "/Users/grizzly/.pyenv/versions/mt/lib/python3.12/site-packages/django/utils/deprecation.py", line 311, in __call__
    response = self.process_response(request, response)
               ^^^^^^^^^^^^^^^^^^^^^^^^^^^^^^^^^^^^^^^^
  File "/Users/grizzly/.pyenv/versions/mt/lib/python3.12/site-packages/django/middleware/common.py", line 109, in process_response
    self.get_full_path_with_slash(request)
  File "/Users/grizzly/.pyenv/versions/mt/lib/python3.12/site-packages/django/middleware/common.py", line 87, in get_full_path_with_slash
    raise RuntimeError(
RuntimeError: You called this URL via POST, but the URL doesn't end in a slash and you have APPEND_SLASH set. Django can't redirect to the slash URL while maintaining POST data. Change your form to point to localhost:8000/api/users/refresh-token/ (note the trailing slash), or set APPEND_SLASH=False in your Django settings.
ERROR 2026-06-08 07:37:03,977 log 89752 6169899008 Internal Server Error: /api/users/refresh-token
Traceback (most recent call last):
  File "/Users/grizzly/.pyenv/versions/mt/lib/python3.12/site-packages/django/core/handlers/exception.py", line 55, in inner
    response = get_response(request)
               ^^^^^^^^^^^^^^^^^^^^^
  File "/Users/grizzly/.pyenv/versions/mt/lib/python3.12/site-packages/django/utils/deprecation.py", line 311, in __call__
    response = self.process_response(request, response)
               ^^^^^^^^^^^^^^^^^^^^^^^^^^^^^^^^^^^^^^^^
  File "/Users/grizzly/.pyenv/versions/mt/lib/python3.12/site-packages/django/middleware/common.py", line 109, in process_response
    self.get_full_path_with_slash(request)
  File "/Users/grizzly/.pyenv/versions/mt/lib/python3.12/site-packages/django/middleware/common.py", line 87, in get_full_path_with_slash
    raise RuntimeError(
RuntimeError: You called this URL via POST, but the URL doesn't end in a slash and you have APPEND_SLASH set. Django can't redirect to the slash URL while maintaining POST data. Change your form to point to localhost:8000/api/users/refresh-token/ (note the trailing slash), or set APPEND_SLASH=False in your Django settings.
ERROR 2026-06-08 07:37:03,984 log 89752 6186725376 Internal Server Error: /api/users/refresh-token
Traceback (most recent call last):
  File "/Users/grizzly/.pyenv/versions/mt/lib/python3.12/site-packages/django/core/handlers/exception.py", line 55, in inner
    response = get_response(request)
               ^^^^^^^^^^^^^^^^^^^^^
  File "/Users/grizzly/.pyenv/versions/mt/lib/python3.12/site-packages/django/utils/deprecation.py", line 311, in __call__
    response = self.process_response(request, response)
               ^^^^^^^^^^^^^^^^^^^^^^^^^^^^^^^^^^^^^^^^
  File "/Users/grizzly/.pyenv/versions/mt/lib/python3.12/site-packages/django/middleware/common.py", line 109, in process_response
    self.get_full_path_with_slash(request)
  File "/Users/grizzly/.pyenv/versions/mt/lib/python3.12/site-packages/django/middleware/common.py", line 87, in get_full_path_with_slash
    raise RuntimeError(
RuntimeError: You called this URL via POST, but the URL doesn't end in a slash and you have APPEND_SLASH set. Django can't redirect to the slash URL while maintaining POST data. Change your form to point to localhost:8000/api/users/refresh-token/ (note the trailing slash), or set APPEND_SLASH=False in your Django settings.
WARNING 2026-06-08 11:04:27,174 log 89752 6169899008 Unauthorized: /api/transactions/transactions/
WARNING 2026-06-08 11:04:27,175 log 89752 6135672832 Unauthorized: /api/users/profile/
WARNING 2026-06-08 11:04:27,180 log 89752 6203551744 Unauthorized: /api/transactions/transactions/
WARNING 2026-06-08 11:04:27,181 log 89752 6220378112 Unauthorized: /api/users/profile/
WARNING 2026-06-08 11:04:27,186 log 89752 6169899008 Unauthorized: /api/transactions/transactions/
WARNING 2026-06-08 11:04:27,193 log 89752 6135672832 Unauthorized: /api/users/profile/
WARNING 2026-06-08 11:04:27,216 log 89752 6135672832 Unauthorized: /api/users/profile/
WARNING 2026-06-08 11:04:27,241 log 89752 6135672832 Unauthorized: /api/transactions/transactions/
ERROR 2026-06-08 11:04:27,273 log 89752 6186725376 Internal Server Error: /api/users/refresh-token
Traceback (most recent call last):
  File "/Users/grizzly/.pyenv/versions/mt/lib/python3.12/site-packages/django/core/handlers/exception.py", line 55, in inner
    response = get_response(request)
               ^^^^^^^^^^^^^^^^^^^^^
  File "/Users/grizzly/.pyenv/versions/mt/lib/python3.12/site-packages/django/utils/deprecation.py", line 311, in __call__
    response = self.process_response(request, response)
               ^^^^^^^^^^^^^^^^^^^^^^^^^^^^^^^^^^^^^^^^
  File "/Users/grizzly/.pyenv/versions/mt/lib/python3.12/site-packages/django/middleware/common.py", line 109, in process_response
    self.get_full_path_with_slash(request)
  File "/Users/grizzly/.pyenv/versions/mt/lib/python3.12/site-packages/django/middleware/common.py", line 87, in get_full_path_with_slash
    raise RuntimeError(
RuntimeError: You called this URL via POST, but the URL doesn't end in a slash and you have APPEND_SLASH set. Django can't redirect to the slash URL while maintaining POST data. Change your form to point to localhost:8000/api/users/refresh-token/ (note the trailing slash), or set APPEND_SLASH=False in your Django settings.
ERROR 2026-06-08 11:04:27,276 log 89752 6152499200 Internal Server Error: /api/users/refresh-token
Traceback (most recent call last):
  File "/Users/grizzly/.pyenv/versions/mt/lib/python3.12/site-packages/django/core/handlers/exception.py", line 55, in inner
    response = get_response(request)
               ^^^^^^^^^^^^^^^^^^^^^
  File "/Users/grizzly/.pyenv/versions/mt/lib/python3.12/site-packages/django/utils/deprecation.py", line 311, in __call__
    response = self.process_response(request, response)
               ^^^^^^^^^^^^^^^^^^^^^^^^^^^^^^^^^^^^^^^^
  File "/Users/grizzly/.pyenv/versions/mt/lib/python3.12/site-packages/django/middleware/common.py", line 109, in process_response
    self.get_full_path_with_slash(request)
  File "/Users/grizzly/.pyenv/versions/mt/lib/python3.12/site-packages/django/middleware/common.py", line 87, in get_full_path_with_slash
    raise RuntimeError(
RuntimeError: You called this URL via POST, but the URL doesn't end in a slash and you have APPEND_SLASH set. Django can't redirect to the slash URL while maintaining POST data. Change your form to point to localhost:8000/api/users/refresh-token/ (note the trailing slash), or set APPEND_SLASH=False in your Django settings.
ERROR 2026-06-08 11:04:27,282 log 89752 6220378112 Internal Server Error: /api/users/refresh-token
Traceback (most recent call last):
  File "/Users/grizzly/.pyenv/versions/mt/lib/python3.12/site-packages/django/core/handlers/exception.py", line 55, in inner
    response = get_response(request)
               ^^^^^^^^^^^^^^^^^^^^^
  File "/Users/grizzly/.pyenv/versions/mt/lib/python3.12/site-packages/django/utils/deprecation.py", line 311, in __call__
    response = self.process_response(request, response)
               ^^^^^^^^^^^^^^^^^^^^^^^^^^^^^^^^^^^^^^^^
  File "/Users/grizzly/.pyenv/versions/mt/lib/python3.12/site-packages/django/middleware/common.py", line 109, in process_response
    self.get_full_path_with_slash(request)
  File "/Users/grizzly/.pyenv/versions/mt/lib/python3.12/site-packages/django/middleware/common.py", line 87, in get_full_path_with_slash
    raise RuntimeError(
RuntimeError: You called this URL via POST, but the URL doesn't end in a slash and you have APPEND_SLASH set. Django can't redirect to the slash URL while maintaining POST data. Change your form to point to localhost:8000/api/users/refresh-token/ (note the trailing slash), or set APPEND_SLASH=False in your Django settings.
ERROR 2026-06-08 11:04:27,288 log 89752 6203551744 Internal Server Error: /api/users/refresh-token
Traceback (most recent call last):
  File "/Users/grizzly/.pyenv/versions/mt/lib/python3.12/site-packages/django/core/handlers/exception.py", line 55, in inner
    response = get_response(request)
               ^^^^^^^^^^^^^^^^^^^^^
  File "/Users/grizzly/.pyenv/versions/mt/lib/python3.12/site-packages/django/utils/deprecation.py", line 311, in __call__
    response = self.process_response(request, response)
               ^^^^^^^^^^^^^^^^^^^^^^^^^^^^^^^^^^^^^^^^
  File "/Users/grizzly/.pyenv/versions/mt/lib/python3.12/site-packages/django/middleware/common.py", line 109, in process_response
    self.get_full_path_with_slash(request)
  File "/Users/grizzly/.pyenv/versions/mt/lib/python3.12/site-packages/django/middleware/common.py", line 87, in get_full_path_with_slash
    raise RuntimeError(
RuntimeError: You called this URL via POST, but the URL doesn't end in a slash and you have APPEND_SLASH set. Django can't redirect to the slash URL while maintaining POST data. Change your form to point to localhost:8000/api/users/refresh-token/ (note the trailing slash), or set APPEND_SLASH=False in your Django settings.
ERROR 2026-06-08 11:04:27,295 log 89752 6169899008 Internal Server Error: /api/users/refresh-token
Traceback (most recent call last):
  File "/Users/grizzly/.pyenv/versions/mt/lib/python3.12/site-packages/django/core/handlers/exception.py", line 55, in inner
    response = get_response(request)
               ^^^^^^^^^^^^^^^^^^^^^
  File "/Users/grizzly/.pyenv/versions/mt/lib/python3.12/site-packages/django/utils/deprecation.py", line 311, in __call__
    response = self.process_response(request, response)
               ^^^^^^^^^^^^^^^^^^^^^^^^^^^^^^^^^^^^^^^^
  File "/Users/grizzly/.pyenv/versions/mt/lib/python3.12/site-packages/django/middleware/common.py", line 109, in process_response
    self.get_full_path_with_slash(request)
  File "/Users/grizzly/.pyenv/versions/mt/lib/python3.12/site-packages/django/middleware/common.py", line 87, in get_full_path_with_slash
    raise RuntimeError(
RuntimeError: You called this URL via POST, but the URL doesn't end in a slash and you have APPEND_SLASH set. Django can't redirect to the slash URL while maintaining POST data. Change your form to point to localhost:8000/api/users/refresh-token/ (note the trailing slash), or set APPEND_SLASH=False in your Django settings.
ERROR 2026-06-08 11:04:27,304 log 89752 6135672832 Internal Server Error: /api/users/refresh-token
Traceback (most recent call last):
  File "/Users/grizzly/.pyenv/versions/mt/lib/python3.12/site-packages/django/core/handlers/exception.py", line 55, in inner
    response = get_response(request)
               ^^^^^^^^^^^^^^^^^^^^^
  File "/Users/grizzly/.pyenv/versions/mt/lib/python3.12/site-packages/django/utils/deprecation.py", line 311, in __call__
    response = self.process_response(request, response)
               ^^^^^^^^^^^^^^^^^^^^^^^^^^^^^^^^^^^^^^^^
  File "/Users/grizzly/.pyenv/versions/mt/lib/python3.12/site-packages/django/middleware/common.py", line 109, in process_response
    self.get_full_path_with_slash(request)
  File "/Users/grizzly/.pyenv/versions/mt/lib/python3.12/site-packages/django/middleware/common.py", line 87, in get_full_path_with_slash
    raise RuntimeError(
RuntimeError: You called this URL via POST, but the URL doesn't end in a slash and you have APPEND_SLASH set. Django can't redirect to the slash URL while maintaining POST data. Change your form to point to localhost:8000/api/users/refresh-token/ (note the trailing slash), or set APPEND_SLASH=False in your Django settings.
ERROR 2026-06-08 11:04:27,333 log 89752 6152499200 Internal Server Error: /api/users/refresh-token
Traceback (most recent call last):
  File "/Users/grizzly/.pyenv/versions/mt/lib/python3.12/site-packages/django/core/handlers/exception.py", line 55, in inner
    response = get_response(request)
               ^^^^^^^^^^^^^^^^^^^^^
  File "/Users/grizzly/.pyenv/versions/mt/lib/python3.12/site-packages/django/utils/deprecation.py", line 311, in __call__
    response = self.process_response(request, response)
               ^^^^^^^^^^^^^^^^^^^^^^^^^^^^^^^^^^^^^^^^
  File "/Users/grizzly/.pyenv/versions/mt/lib/python3.12/site-packages/django/middleware/common.py", line 109, in process_response
    self.get_full_path_with_slash(request)
  File "/Users/grizzly/.pyenv/versions/mt/lib/python3.12/site-packages/django/middleware/common.py", line 87, in get_full_path_with_slash
    raise RuntimeError(
RuntimeError: You called this URL via POST, but the URL doesn't end in a slash and you have APPEND_SLASH set. Django can't redirect to the slash URL while maintaining POST data. Change your form to point to localhost:8000/api/users/refresh-token/ (note the trailing slash), or set APPEND_SLASH=False in your Django settings.
ERROR 2026-06-08 11:04:27,339 log 89752 6186725376 Internal Server Error: /api/users/refresh-token
Traceback (most recent call last):
  File "/Users/grizzly/.pyenv/versions/mt/lib/python3.12/site-packages/django/core/handlers/exception.py", line 55, in inner
    response = get_response(request)
               ^^^^^^^^^^^^^^^^^^^^^
  File "/Users/grizzly/.pyenv/versions/mt/lib/python3.12/site-packages/django/utils/deprecation.py", line 311, in __call__
    response = self.process_response(request, response)
               ^^^^^^^^^^^^^^^^^^^^^^^^^^^^^^^^^^^^^^^^
  File "/Users/grizzly/.pyenv/versions/mt/lib/python3.12/site-packages/django/middleware/common.py", line 109, in process_response
    self.get_full_path_with_slash(request)
  File "/Users/grizzly/.pyenv/versions/mt/lib/python3.12/site-packages/django/middleware/common.py", line 87, in get_full_path_with_slash
    raise RuntimeError(
RuntimeError: You called this URL via POST, but the URL doesn't end in a slash and you have APPEND_SLASH set. Django can't redirect to the slash URL while maintaining POST data. Change your form to point to localhost:8000/api/users/refresh-token/ (note the trailing slash), or set APPEND_SLASH=False in your Django settings.
WARNING 2026-06-08 12:56:45,384 log 89752 6135672832 Unauthorized: /api/transactions/transactions/
WARNING 2026-06-08 12:56:45,385 log 89752 6152499200 Unauthorized: /api/users/profile/
WARNING 2026-06-08 12:56:45,389 log 89752 6135672832 Unauthorized: /api/transactions/transactions/
WARNING 2026-06-08 12:56:45,390 log 89752 6152499200 Unauthorized: /api/users/profile/
WARNING 2026-06-08 12:56:45,419 log 89752 6135672832 Unauthorized: /api/transactions/transactions/
WARNING 2026-06-08 12:56:45,438 log 89752 6135672832 Unauthorized: /api/transactions/transactions/
WARNING 2026-06-08 12:56:45,456 log 89752 6152499200 Unauthorized: /api/users/profile/
ERROR 2026-06-08 12:56:45,501 log 89752 6203551744 Internal Server Error: /api/users/refresh-token
Traceback (most recent call last):
  File "/Users/grizzly/.pyenv/versions/mt/lib/python3.12/site-packages/django/core/handlers/exception.py", line 55, in inner
    response = get_response(request)
               ^^^^^^^^^^^^^^^^^^^^^
  File "/Users/grizzly/.pyenv/versions/mt/lib/python3.12/site-packages/django/utils/deprecation.py", line 311, in __call__
    response = self.process_response(request, response)
               ^^^^^^^^^^^^^^^^^^^^^^^^^^^^^^^^^^^^^^^^
  File "/Users/grizzly/.pyenv/versions/mt/lib/python3.12/site-packages/django/middleware/common.py", line 109, in process_response
    self.get_full_path_with_slash(request)
  File "/Users/grizzly/.pyenv/versions/mt/lib/python3.12/site-packages/django/middleware/common.py", line 87, in get_full_path_with_slash
    raise RuntimeError(
RuntimeError: You called this URL via POST, but the URL doesn't end in a slash and you have APPEND_SLASH set. Django can't redirect to the slash URL while maintaining POST data. Change your form to point to localhost:8000/api/users/refresh-token/ (note the trailing slash), or set APPEND_SLASH=False in your Django settings.
ERROR 2026-06-08 12:56:45,511 log 89752 6169899008 Internal Server Error: /api/users/refresh-token
Traceback (most recent call last):
  File "/Users/grizzly/.pyenv/versions/mt/lib/python3.12/site-packages/django/core/handlers/exception.py", line 55, in inner
    response = get_response(request)
               ^^^^^^^^^^^^^^^^^^^^^
  File "/Users/grizzly/.pyenv/versions/mt/lib/python3.12/site-packages/django/utils/deprecation.py", line 311, in __call__
    response = self.process_response(request, response)
               ^^^^^^^^^^^^^^^^^^^^^^^^^^^^^^^^^^^^^^^^
  File "/Users/grizzly/.pyenv/versions/mt/lib/python3.12/site-packages/django/middleware/common.py", line 109, in process_response
    self.get_full_path_with_slash(request)
  File "/Users/grizzly/.pyenv/versions/mt/lib/python3.12/site-packages/django/middleware/common.py", line 87, in get_full_path_with_slash
    raise RuntimeError(
RuntimeError: You called this URL via POST, but the URL doesn't end in a slash and you have APPEND_SLASH set. Django can't redirect to the slash URL while maintaining POST data. Change your form to point to localhost:8000/api/users/refresh-token/ (note the trailing slash), or set APPEND_SLASH=False in your Django settings.
ERROR 2026-06-08 12:56:45,536 log 89752 6186725376 Internal Server Error: /api/users/refresh-token
Traceback (most recent call last):
  File "/Users/grizzly/.pyenv/versions/mt/lib/python3.12/site-packages/django/core/handlers/exception.py", line 55, in inner
    response = get_response(request)
               ^^^^^^^^^^^^^^^^^^^^^
  File "/Users/grizzly/.pyenv/versions/mt/lib/python3.12/site-packages/django/utils/deprecation.py", line 311, in __call__
    response = self.process_response(request, response)
               ^^^^^^^^^^^^^^^^^^^^^^^^^^^^^^^^^^^^^^^^
  File "/Users/grizzly/.pyenv/versions/mt/lib/python3.12/site-packages/django/middleware/common.py", line 109, in process_response
    self.get_full_path_with_slash(request)
  File "/Users/grizzly/.pyenv/versions/mt/lib/python3.12/site-packages/django/middleware/common.py", line 87, in get_full_path_with_slash
    raise RuntimeError(
RuntimeError: You called this URL via POST, but the URL doesn't end in a slash and you have APPEND_SLASH set. Django can't redirect to the slash URL while maintaining POST data. Change your form to point to localhost:8000/api/users/refresh-token/ (note the trailing slash), or set APPEND_SLASH=False in your Django settings.
ERROR 2026-06-08 12:56:45,544 log 89752 6152499200 Internal Server Error: /api/users/refresh-token
Traceback (most recent call last):
  File "/Users/grizzly/.pyenv/versions/mt/lib/python3.12/site-packages/django/core/handlers/exception.py", line 55, in inner
    response = get_response(request)
               ^^^^^^^^^^^^^^^^^^^^^
  File "/Users/grizzly/.pyenv/versions/mt/lib/python3.12/site-packages/django/utils/deprecation.py", line 311, in __call__
    response = self.process_response(request, response)
               ^^^^^^^^^^^^^^^^^^^^^^^^^^^^^^^^^^^^^^^^
  File "/Users/grizzly/.pyenv/versions/mt/lib/python3.12/site-packages/django/middleware/common.py", line 109, in process_response
    self.get_full_path_with_slash(request)
  File "/Users/grizzly/.pyenv/versions/mt/lib/python3.12/site-packages/django/middleware/common.py", line 87, in get_full_path_with_slash
    raise RuntimeError(
RuntimeError: You called this URL via POST, but the URL doesn't end in a slash and you have APPEND_SLASH set. Django can't redirect to the slash URL while maintaining POST data. Change your form to point to localhost:8000/api/users/refresh-token/ (note the trailing slash), or set APPEND_SLASH=False in your Django settings.
WARNING 2026-06-08 12:56:45,549 log 89752 6203551744 Unauthorized: /api/users/profile/
ERROR 2026-06-08 12:56:45,587 log 89752 6220378112 Internal Server Error: /api/users/refresh-token
Traceback (most recent call last):
  File "/Users/grizzly/.pyenv/versions/mt/lib/python3.12/site-packages/django/core/handlers/exception.py", line 55, in inner
    response = get_response(request)
               ^^^^^^^^^^^^^^^^^^^^^
  File "/Users/grizzly/.pyenv/versions/mt/lib/python3.12/site-packages/django/utils/deprecation.py", line 311, in __call__
    response = self.process_response(request, response)
               ^^^^^^^^^^^^^^^^^^^^^^^^^^^^^^^^^^^^^^^^
  File "/Users/grizzly/.pyenv/versions/mt/lib/python3.12/site-packages/django/middleware/common.py", line 109, in process_response
    self.get_full_path_with_slash(request)
  File "/Users/grizzly/.pyenv/versions/mt/lib/python3.12/site-packages/django/middleware/common.py", line 87, in get_full_path_with_slash
    raise RuntimeError(
RuntimeError: You called this URL via POST, but the URL doesn't end in a slash and you have APPEND_SLASH set. Django can't redirect to the slash URL while maintaining POST data. Change your form to point to localhost:8000/api/users/refresh-token/ (note the trailing slash), or set APPEND_SLASH=False in your Django settings.
ERROR 2026-06-08 12:56:45,592 log 89752 6135672832 Internal Server Error: /api/users/refresh-token
Traceback (most recent call last):
  File "/Users/grizzly/.pyenv/versions/mt/lib/python3.12/site-packages/django/core/handlers/exception.py", line 55, in inner
    response = get_response(request)
               ^^^^^^^^^^^^^^^^^^^^^
  File "/Users/grizzly/.pyenv/versions/mt/lib/python3.12/site-packages/django/utils/deprecation.py", line 311, in __call__
    response = self.process_response(request, response)
               ^^^^^^^^^^^^^^^^^^^^^^^^^^^^^^^^^^^^^^^^
  File "/Users/grizzly/.pyenv/versions/mt/lib/python3.12/site-packages/django/middleware/common.py", line 109, in process_response
    self.get_full_path_with_slash(request)
  File "/Users/grizzly/.pyenv/versions/mt/lib/python3.12/site-packages/django/middleware/common.py", line 87, in get_full_path_with_slash
    raise RuntimeError(
RuntimeError: You called this URL via POST, but the URL doesn't end in a slash and you have APPEND_SLASH set. Django can't redirect to the slash URL while maintaining POST data. Change your form to point to localhost:8000/api/users/refresh-token/ (note the trailing slash), or set APPEND_SLASH=False in your Django settings.
ERROR 2026-06-08 12:56:45,664 log 89752 6203551744 Internal Server Error: /api/users/refresh-token
Traceback (most recent call last):
  File "/Users/grizzly/.pyenv/versions/mt/lib/python3.12/site-packages/django/core/handlers/exception.py", line 55, in inner
    response = get_response(request)
               ^^^^^^^^^^^^^^^^^^^^^
  File "/Users/grizzly/.pyenv/versions/mt/lib/python3.12/site-packages/django/utils/deprecation.py", line 311, in __call__
    response = self.process_response(request, response)
               ^^^^^^^^^^^^^^^^^^^^^^^^^^^^^^^^^^^^^^^^
  File "/Users/grizzly/.pyenv/versions/mt/lib/python3.12/site-packages/django/middleware/common.py", line 109, in process_response
    self.get_full_path_with_slash(request)
  File "/Users/grizzly/.pyenv/versions/mt/lib/python3.12/site-packages/django/middleware/common.py", line 87, in get_full_path_with_slash
    raise RuntimeError(
RuntimeError: You called this URL via POST, but the URL doesn't end in a slash and you have APPEND_SLASH set. Django can't redirect to the slash URL while maintaining POST data. Change your form to point to localhost:8000/api/users/refresh-token/ (note the trailing slash), or set APPEND_SLASH=False in your Django settings.
ERROR 2026-06-08 12:56:45,673 log 89752 6152499200 Internal Server Error: /api/users/refresh-token
Traceback (most recent call last):
  File "/Users/grizzly/.pyenv/versions/mt/lib/python3.12/site-packages/django/core/handlers/exception.py", line 55, in inner
    response = get_response(request)
               ^^^^^^^^^^^^^^^^^^^^^
  File "/Users/grizzly/.pyenv/versions/mt/lib/python3.12/site-packages/django/utils/deprecation.py", line 311, in __call__
    response = self.process_response(request, response)
               ^^^^^^^^^^^^^^^^^^^^^^^^^^^^^^^^^^^^^^^^
  File "/Users/grizzly/.pyenv/versions/mt/lib/python3.12/site-packages/django/middleware/common.py", line 109, in process_response
    self.get_full_path_with_slash(request)
  File "/Users/grizzly/.pyenv/versions/mt/lib/python3.12/site-packages/django/middleware/common.py", line 87, in get_full_path_with_slash
    raise RuntimeError(
RuntimeError: You called this URL via POST, but the URL doesn't end in a slash and you have APPEND_SLASH set. Django can't redirect to the slash URL while maintaining POST data. Change your form to point to localhost:8000/api/users/refresh-token/ (note the trailing slash), or set APPEND_SLASH=False in your Django settings.
WARNING 2026-06-08 17:08:40,742 log 89752 6135672832 Unauthorized: /api/transactions/transactions/
WARNING 2026-06-08 17:08:40,744 log 89752 6152499200 Unauthorized: /api/users/profile/
WARNING 2026-06-08 17:08:40,752 log 89752 6152499200 Unauthorized: /api/users/profile/
WARNING 2026-06-08 17:08:40,754 log 89752 6135672832 Unauthorized: /api/transactions/transactions/
WARNING 2026-06-08 17:08:40,760 log 89752 6169899008 Unauthorized: /api/transactions/transactions/
WARNING 2026-06-08 17:08:40,762 log 89752 6135672832 Unauthorized: /api/users/profile/
WARNING 2026-06-08 17:08:40,824 log 89752 6203551744 Unauthorized: /api/transactions/transactions/
WARNING 2026-06-08 17:08:40,849 log 89752 6203551744 Unauthorized: /api/users/profile/
ERROR 2026-06-08 17:08:40,899 log 89752 6169899008 Internal Server Error: /api/users/refresh-token
Traceback (most recent call last):
  File "/Users/grizzly/.pyenv/versions/mt/lib/python3.12/site-packages/django/core/handlers/exception.py", line 55, in inner
    response = get_response(request)
               ^^^^^^^^^^^^^^^^^^^^^
  File "/Users/grizzly/.pyenv/versions/mt/lib/python3.12/site-packages/django/utils/deprecation.py", line 311, in __call__
    response = self.process_response(request, response)
               ^^^^^^^^^^^^^^^^^^^^^^^^^^^^^^^^^^^^^^^^
  File "/Users/grizzly/.pyenv/versions/mt/lib/python3.12/site-packages/django/middleware/common.py", line 109, in process_response
    self.get_full_path_with_slash(request)
  File "/Users/grizzly/.pyenv/versions/mt/lib/python3.12/site-packages/django/middleware/common.py", line 87, in get_full_path_with_slash
    raise RuntimeError(
RuntimeError: You called this URL via POST, but the URL doesn't end in a slash and you have APPEND_SLASH set. Django can't redirect to the slash URL while maintaining POST data. Change your form to point to localhost:8000/api/users/refresh-token/ (note the trailing slash), or set APPEND_SLASH=False in your Django settings.
ERROR 2026-06-08 17:08:40,900 log 89752 6186725376 Internal Server Error: /api/users/refresh-token
Traceback (most recent call last):
  File "/Users/grizzly/.pyenv/versions/mt/lib/python3.12/site-packages/django/core/handlers/exception.py", line 55, in inner
    response = get_response(request)
               ^^^^^^^^^^^^^^^^^^^^^
  File "/Users/grizzly/.pyenv/versions/mt/lib/python3.12/site-packages/django/utils/deprecation.py", line 311, in __call__
    response = self.process_response(request, response)
               ^^^^^^^^^^^^^^^^^^^^^^^^^^^^^^^^^^^^^^^^
  File "/Users/grizzly/.pyenv/versions/mt/lib/python3.12/site-packages/django/middleware/common.py", line 109, in process_response
    self.get_full_path_with_slash(request)
  File "/Users/grizzly/.pyenv/versions/mt/lib/python3.12/site-packages/django/middleware/common.py", line 87, in get_full_path_with_slash
    raise RuntimeError(
RuntimeError: You called this URL via POST, but the URL doesn't end in a slash and you have APPEND_SLASH set. Django can't redirect to the slash URL while maintaining POST data. Change your form to point to localhost:8000/api/users/refresh-token/ (note the trailing slash), or set APPEND_SLASH=False in your Django settings.
ERROR 2026-06-08 17:08:40,908 log 89752 6152499200 Internal Server Error: /api/users/refresh-token
Traceback (most recent call last):
  File "/Users/grizzly/.pyenv/versions/mt/lib/python3.12/site-packages/django/core/handlers/exception.py", line 55, in inner
    response = get_response(request)
               ^^^^^^^^^^^^^^^^^^^^^
  File "/Users/grizzly/.pyenv/versions/mt/lib/python3.12/site-packages/django/utils/deprecation.py", line 311, in __call__
    response = self.process_response(request, response)
               ^^^^^^^^^^^^^^^^^^^^^^^^^^^^^^^^^^^^^^^^
  File "/Users/grizzly/.pyenv/versions/mt/lib/python3.12/site-packages/django/middleware/common.py", line 109, in process_response
    self.get_full_path_with_slash(request)
  File "/Users/grizzly/.pyenv/versions/mt/lib/python3.12/site-packages/django/middleware/common.py", line 87, in get_full_path_with_slash
    raise RuntimeError(
RuntimeError: You called this URL via POST, but the URL doesn't end in a slash and you have APPEND_SLASH set. Django can't redirect to the slash URL while maintaining POST data. Change your form to point to localhost:8000/api/users/refresh-token/ (note the trailing slash), or set APPEND_SLASH=False in your Django settings.
ERROR 2026-06-08 17:08:40,926 log 89752 6135672832 Internal Server Error: /api/users/refresh-token
Traceback (most recent call last):
  File "/Users/grizzly/.pyenv/versions/mt/lib/python3.12/site-packages/django/core/handlers/exception.py", line 55, in inner
    response = get_response(request)
               ^^^^^^^^^^^^^^^^^^^^^
  File "/Users/grizzly/.pyenv/versions/mt/lib/python3.12/site-packages/django/utils/deprecation.py", line 311, in __call__
    response = self.process_response(request, response)
               ^^^^^^^^^^^^^^^^^^^^^^^^^^^^^^^^^^^^^^^^
  File "/Users/grizzly/.pyenv/versions/mt/lib/python3.12/site-packages/django/middleware/common.py", line 109, in process_response
    self.get_full_path_with_slash(request)
  File "/Users/grizzly/.pyenv/versions/mt/lib/python3.12/site-packages/django/middleware/common.py", line 87, in get_full_path_with_slash
    raise RuntimeError(
RuntimeError: You called this URL via POST, but the URL doesn't end in a slash and you have APPEND_SLASH set. Django can't redirect to the slash URL while maintaining POST data. Change your form to point to localhost:8000/api/users/refresh-token/ (note the trailing slash), or set APPEND_SLASH=False in your Django settings.
ERROR 2026-06-08 17:08:40,931 log 89752 6220378112 Internal Server Error: /api/users/refresh-token
Traceback (most recent call last):
  File "/Users/grizzly/.pyenv/versions/mt/lib/python3.12/site-packages/django/core/handlers/exception.py", line 55, in inner
    response = get_response(request)
               ^^^^^^^^^^^^^^^^^^^^^
  File "/Users/grizzly/.pyenv/versions/mt/lib/python3.12/site-packages/django/utils/deprecation.py", line 311, in __call__
    response = self.process_response(request, response)
               ^^^^^^^^^^^^^^^^^^^^^^^^^^^^^^^^^^^^^^^^
  File "/Users/grizzly/.pyenv/versions/mt/lib/python3.12/site-packages/django/middleware/common.py", line 109, in process_response
    self.get_full_path_with_slash(request)
  File "/Users/grizzly/.pyenv/versions/mt/lib/python3.12/site-packages/django/middleware/common.py", line 87, in get_full_path_with_slash
    raise RuntimeError(
RuntimeError: You called this URL via POST, but the URL doesn't end in a slash and you have APPEND_SLASH set. Django can't redirect to the slash URL while maintaining POST data. Change your form to point to localhost:8000/api/users/refresh-token/ (note the trailing slash), or set APPEND_SLASH=False in your Django settings.
ERROR 2026-06-08 17:08:40,943 log 89752 6203551744 Internal Server Error: /api/users/refresh-token
Traceback (most recent call last):
  File "/Users/grizzly/.pyenv/versions/mt/lib/python3.12/site-packages/django/core/handlers/exception.py", line 55, in inner
    response = get_response(request)
               ^^^^^^^^^^^^^^^^^^^^^
  File "/Users/grizzly/.pyenv/versions/mt/lib/python3.12/site-packages/django/utils/deprecation.py", line 311, in __call__
    response = self.process_response(request, response)
               ^^^^^^^^^^^^^^^^^^^^^^^^^^^^^^^^^^^^^^^^
  File "/Users/grizzly/.pyenv/versions/mt/lib/python3.12/site-packages/django/middleware/common.py", line 109, in process_response
    self.get_full_path_with_slash(request)
  File "/Users/grizzly/.pyenv/versions/mt/lib/python3.12/site-packages/django/middleware/common.py", line 87, in get_full_path_with_slash
    raise RuntimeError(
RuntimeError: You called this URL via POST, but the URL doesn't end in a slash and you have APPEND_SLASH set. Django can't redirect to the slash URL while maintaining POST data. Change your form to point to localhost:8000/api/users/refresh-token/ (note the trailing slash), or set APPEND_SLASH=False in your Django settings.
ERROR 2026-06-08 17:08:41,080 log 89752 6237204480 Internal Server Error: /api/users/refresh-token
Traceback (most recent call last):
  File "/Users/grizzly/.pyenv/versions/mt/lib/python3.12/site-packages/django/core/handlers/exception.py", line 55, in inner
    response = get_response(request)
               ^^^^^^^^^^^^^^^^^^^^^
  File "/Users/grizzly/.pyenv/versions/mt/lib/python3.12/site-packages/django/utils/deprecation.py", line 311, in __call__
    response = self.process_response(request, response)
               ^^^^^^^^^^^^^^^^^^^^^^^^^^^^^^^^^^^^^^^^
  File "/Users/grizzly/.pyenv/versions/mt/lib/python3.12/site-packages/django/middleware/common.py", line 109, in process_response
    self.get_full_path_with_slash(request)
  File "/Users/grizzly/.pyenv/versions/mt/lib/python3.12/site-packages/django/middleware/common.py", line 87, in get_full_path_with_slash
    raise RuntimeError(
RuntimeError: You called this URL via POST, but the URL doesn't end in a slash and you have APPEND_SLASH set. Django can't redirect to the slash URL while maintaining POST data. Change your form to point to localhost:8000/api/users/refresh-token/ (note the trailing slash), or set APPEND_SLASH=False in your Django settings.
ERROR 2026-06-08 17:08:41,089 log 89752 6152499200 Internal Server Error: /api/users/refresh-token
Traceback (most recent call last):
  File "/Users/grizzly/.pyenv/versions/mt/lib/python3.12/site-packages/django/core/handlers/exception.py", line 55, in inner
    response = get_response(request)
               ^^^^^^^^^^^^^^^^^^^^^
  File "/Users/grizzly/.pyenv/versions/mt/lib/python3.12/site-packages/django/utils/deprecation.py", line 311, in __call__
    response = self.process_response(request, response)
               ^^^^^^^^^^^^^^^^^^^^^^^^^^^^^^^^^^^^^^^^
  File "/Users/grizzly/.pyenv/versions/mt/lib/python3.12/site-packages/django/middleware/common.py", line 109, in process_response
    self.get_full_path_with_slash(request)
  File "/Users/grizzly/.pyenv/versions/mt/lib/python3.12/site-packages/django/middleware/common.py", line 87, in get_full_path_with_slash
    raise RuntimeError(
RuntimeError: You called this URL via POST, but the URL doesn't end in a slash and you have APPEND_SLASH set. Django can't redirect to the slash URL while maintaining POST data. Change your form to point to localhost:8000/api/users/refresh-token/ (note the trailing slash), or set APPEND_SLASH=False in your Django settings.
WARNING 2026-06-10 03:25:08,112 log 89752 6135672832 Unauthorized: /api/transactions/transactions/
WARNING 2026-06-10 03:25:08,114 log 89752 6152499200 Unauthorized: /api/users/profile/
WARNING 2026-06-10 03:25:08,133 log 89752 6135672832 Unauthorized: /api/transactions/transactions/
WARNING 2026-06-10 03:25:08,134 log 89752 6152499200 Unauthorized: /api/users/profile/
WARNING 2026-06-10 03:25:08,165 log 89752 6203551744 Unauthorized: /api/transactions/transactions/
WARNING 2026-06-10 03:25:08,167 log 89752 6135672832 Unauthorized: /api/users/profile/
WARNING 2026-06-10 03:25:08,187 log 89752 6203551744 Unauthorized: /api/transactions/transactions/
WARNING 2026-06-10 03:25:08,188 log 89752 6135672832 Unauthorized: /api/users/profile/
ERROR 2026-06-10 03:25:08,210 log 89752 6186725376 Internal Server Error: /api/users/refresh-token
Traceback (most recent call last):
  File "/Users/grizzly/.pyenv/versions/mt/lib/python3.12/site-packages/django/core/handlers/exception.py", line 55, in inner
    response = get_response(request)
               ^^^^^^^^^^^^^^^^^^^^^
  File "/Users/grizzly/.pyenv/versions/mt/lib/python3.12/site-packages/django/utils/deprecation.py", line 311, in __call__
    response = self.process_response(request, response)
               ^^^^^^^^^^^^^^^^^^^^^^^^^^^^^^^^^^^^^^^^
  File "/Users/grizzly/.pyenv/versions/mt/lib/python3.12/site-packages/django/middleware/common.py", line 109, in process_response
    self.get_full_path_with_slash(request)
  File "/Users/grizzly/.pyenv/versions/mt/lib/python3.12/site-packages/django/middleware/common.py", line 87, in get_full_path_with_slash
    raise RuntimeError(
RuntimeError: You called this URL via POST, but the URL doesn't end in a slash and you have APPEND_SLASH set. Django can't redirect to the slash URL while maintaining POST data. Change your form to point to localhost:8000/api/users/refresh-token/ (note the trailing slash), or set APPEND_SLASH=False in your Django settings.
ERROR 2026-06-10 03:25:08,225 log 89752 6169899008 Internal Server Error: /api/users/refresh-token
Traceback (most recent call last):
  File "/Users/grizzly/.pyenv/versions/mt/lib/python3.12/site-packages/django/core/handlers/exception.py", line 55, in inner
    response = get_response(request)
               ^^^^^^^^^^^^^^^^^^^^^
  File "/Users/grizzly/.pyenv/versions/mt/lib/python3.12/site-packages/django/utils/deprecation.py", line 311, in __call__
    response = self.process_response(request, response)
               ^^^^^^^^^^^^^^^^^^^^^^^^^^^^^^^^^^^^^^^^
  File "/Users/grizzly/.pyenv/versions/mt/lib/python3.12/site-packages/django/middleware/common.py", line 109, in process_response
    self.get_full_path_with_slash(request)
  File "/Users/grizzly/.pyenv/versions/mt/lib/python3.12/site-packages/django/middleware/common.py", line 87, in get_full_path_with_slash
    raise RuntimeError(
RuntimeError: You called this URL via POST, but the URL doesn't end in a slash and you have APPEND_SLASH set. Django can't redirect to the slash URL while maintaining POST data. Change your form to point to localhost:8000/api/users/refresh-token/ (note the trailing slash), or set APPEND_SLASH=False in your Django settings.
ERROR 2026-06-10 03:25:08,231 log 89752 6152499200 Internal Server Error: /api/users/refresh-token
Traceback (most recent call last):
  File "/Users/grizzly/.pyenv/versions/mt/lib/python3.12/site-packages/django/core/handlers/exception.py", line 55, in inner
    response = get_response(request)
               ^^^^^^^^^^^^^^^^^^^^^
  File "/Users/grizzly/.pyenv/versions/mt/lib/python3.12/site-packages/django/utils/deprecation.py", line 311, in __call__
    response = self.process_response(request, response)
               ^^^^^^^^^^^^^^^^^^^^^^^^^^^^^^^^^^^^^^^^
  File "/Users/grizzly/.pyenv/versions/mt/lib/python3.12/site-packages/django/middleware/common.py", line 109, in process_response
    self.get_full_path_with_slash(request)
  File "/Users/grizzly/.pyenv/versions/mt/lib/python3.12/site-packages/django/middleware/common.py", line 87, in get_full_path_with_slash
    raise RuntimeError(
RuntimeError: You called this URL via POST, but the URL doesn't end in a slash and you have APPEND_SLASH set. Django can't redirect to the slash URL while maintaining POST data. Change your form to point to localhost:8000/api/users/refresh-token/ (note the trailing slash), or set APPEND_SLASH=False in your Django settings.
ERROR 2026-06-10 03:25:08,246 log 89752 6220378112 Internal Server Error: /api/users/refresh-token
Traceback (most recent call last):
  File "/Users/grizzly/.pyenv/versions/mt/lib/python3.12/site-packages/django/core/handlers/exception.py", line 55, in inner
    response = get_response(request)
               ^^^^^^^^^^^^^^^^^^^^^
  File "/Users/grizzly/.pyenv/versions/mt/lib/python3.12/site-packages/django/utils/deprecation.py", line 311, in __call__
    response = self.process_response(request, response)
               ^^^^^^^^^^^^^^^^^^^^^^^^^^^^^^^^^^^^^^^^
  File "/Users/grizzly/.pyenv/versions/mt/lib/python3.12/site-packages/django/middleware/common.py", line 109, in process_response
    self.get_full_path_with_slash(request)
  File "/Users/grizzly/.pyenv/versions/mt/lib/python3.12/site-packages/django/middleware/common.py", line 87, in get_full_path_with_slash
    raise RuntimeError(
RuntimeError: You called this URL via POST, but the URL doesn't end in a slash and you have APPEND_SLASH set. Django can't redirect to the slash URL while maintaining POST data. Change your form to point to localhost:8000/api/users/refresh-token/ (note the trailing slash), or set APPEND_SLASH=False in your Django settings.
ERROR 2026-06-10 03:25:08,254 log 89752 6203551744 Internal Server Error: /api/users/refresh-token
Traceback (most recent call last):
  File "/Users/grizzly/.pyenv/versions/mt/lib/python3.12/site-packages/django/core/handlers/exception.py", line 55, in inner
    response = get_response(request)
               ^^^^^^^^^^^^^^^^^^^^^
  File "/Users/grizzly/.pyenv/versions/mt/lib/python3.12/site-packages/django/utils/deprecation.py", line 311, in __call__
    response = self.process_response(request, response)
               ^^^^^^^^^^^^^^^^^^^^^^^^^^^^^^^^^^^^^^^^
  File "/Users/grizzly/.pyenv/versions/mt/lib/python3.12/site-packages/django/middleware/common.py", line 109, in process_response
    self.get_full_path_with_slash(request)
  File "/Users/grizzly/.pyenv/versions/mt/lib/python3.12/site-packages/django/middleware/common.py", line 87, in get_full_path_with_slash
    raise RuntimeError(
RuntimeError: You called this URL via POST, but the URL doesn't end in a slash and you have APPEND_SLASH set. Django can't redirect to the slash URL while maintaining POST data. Change your form to point to localhost:8000/api/users/refresh-token/ (note the trailing slash), or set APPEND_SLASH=False in your Django settings.
ERROR 2026-06-10 03:25:08,260 log 89752 6135672832 Internal Server Error: /api/users/refresh-token
Traceback (most recent call last):
  File "/Users/grizzly/.pyenv/versions/mt/lib/python3.12/site-packages/django/core/handlers/exception.py", line 55, in inner
    response = get_response(request)
               ^^^^^^^^^^^^^^^^^^^^^
  File "/Users/grizzly/.pyenv/versions/mt/lib/python3.12/site-packages/django/utils/deprecation.py", line 311, in __call__
    response = self.process_response(request, response)
               ^^^^^^^^^^^^^^^^^^^^^^^^^^^^^^^^^^^^^^^^
  File "/Users/grizzly/.pyenv/versions/mt/lib/python3.12/site-packages/django/middleware/common.py", line 109, in process_response
    self.get_full_path_with_slash(request)
  File "/Users/grizzly/.pyenv/versions/mt/lib/python3.12/site-packages/django/middleware/common.py", line 87, in get_full_path_with_slash
    raise RuntimeError(
RuntimeError: You called this URL via POST, but the URL doesn't end in a slash and you have APPEND_SLASH set. Django can't redirect to the slash URL while maintaining POST data. Change your form to point to localhost:8000/api/users/refresh-token/ (note the trailing slash), or set APPEND_SLASH=False in your Django settings.
ERROR 2026-06-10 03:25:08,284 log 89752 6186725376 Internal Server Error: /api/users/refresh-token
Traceback (most recent call last):
  File "/Users/grizzly/.pyenv/versions/mt/lib/python3.12/site-packages/django/core/handlers/exception.py", line 55, in inner
    response = get_response(request)
               ^^^^^^^^^^^^^^^^^^^^^
  File "/Users/grizzly/.pyenv/versions/mt/lib/python3.12/site-packages/django/utils/deprecation.py", line 311, in __call__
    response = self.process_response(request, response)
               ^^^^^^^^^^^^^^^^^^^^^^^^^^^^^^^^^^^^^^^^
  File "/Users/grizzly/.pyenv/versions/mt/lib/python3.12/site-packages/django/middleware/common.py", line 109, in process_response
    self.get_full_path_with_slash(request)
  File "/Users/grizzly/.pyenv/versions/mt/lib/python3.12/site-packages/django/middleware/common.py", line 87, in get_full_path_with_slash
    raise RuntimeError(
RuntimeError: You called this URL via POST, but the URL doesn't end in a slash and you have APPEND_SLASH set. Django can't redirect to the slash URL while maintaining POST data. Change your form to point to localhost:8000/api/users/refresh-token/ (note the trailing slash), or set APPEND_SLASH=False in your Django settings.
ERROR 2026-06-10 03:25:08,291 log 89752 6169899008 Internal Server Error: /api/users/refresh-token
Traceback (most recent call last):
  File "/Users/grizzly/.pyenv/versions/mt/lib/python3.12/site-packages/django/core/handlers/exception.py", line 55, in inner
    response = get_response(request)
               ^^^^^^^^^^^^^^^^^^^^^
  File "/Users/grizzly/.pyenv/versions/mt/lib/python3.12/site-packages/django/utils/deprecation.py", line 311, in __call__
    response = self.process_response(request, response)
               ^^^^^^^^^^^^^^^^^^^^^^^^^^^^^^^^^^^^^^^^
  File "/Users/grizzly/.pyenv/versions/mt/lib/python3.12/site-packages/django/middleware/common.py", line 109, in process_response
    self.get_full_path_with_slash(request)
  File "/Users/grizzly/.pyenv/versions/mt/lib/python3.12/site-packages/django/middleware/common.py", line 87, in get_full_path_with_slash
    raise RuntimeError(
RuntimeError: You called this URL via POST, but the URL doesn't end in a slash and you have APPEND_SLASH set. Django can't redirect to the slash URL while maintaining POST data. Change your form to point to localhost:8000/api/users/refresh-token/ (note the trailing slash), or set APPEND_SLASH=False in your Django settings.
WARNING 2026-06-10 03:39:07,708 log 89752 6152499200 Unauthorized: /api/users/profile/
WARNING 2026-06-10 03:39:07,709 log 89752 6135672832 Unauthorized: /api/transactions/transactions/
WARNING 2026-06-10 03:39:07,741 log 89752 6152499200 Unauthorized: /api/users/profile/
WARNING 2026-06-10 03:39:07,747 log 89752 6169899008 Unauthorized: /api/users/profile/
WARNING 2026-06-10 03:39:07,772 log 89752 6169899008 Unauthorized: /api/users/profile/
WARNING 2026-06-10 03:39:07,776 log 89752 6186725376 Unauthorized: /api/transactions/transactions/
WARNING 2026-06-10 03:39:07,782 log 89752 6186725376 Unauthorized: /api/transactions/transactions/
WARNING 2026-06-10 03:39:07,797 log 89752 6186725376 Unauthorized: /api/transactions/transactions/
ERROR 2026-06-10 03:39:07,832 log 89752 6152499200 Internal Server Error: /api/users/refresh-token
Traceback (most recent call last):
  File "/Users/grizzly/.pyenv/versions/mt/lib/python3.12/site-packages/django/core/handlers/exception.py", line 55, in inner
    response = get_response(request)
               ^^^^^^^^^^^^^^^^^^^^^
  File "/Users/grizzly/.pyenv/versions/mt/lib/python3.12/site-packages/django/utils/deprecation.py", line 311, in __call__
    response = self.process_response(request, response)
               ^^^^^^^^^^^^^^^^^^^^^^^^^^^^^^^^^^^^^^^^
  File "/Users/grizzly/.pyenv/versions/mt/lib/python3.12/site-packages/django/middleware/common.py", line 109, in process_response
    self.get_full_path_with_slash(request)
  File "/Users/grizzly/.pyenv/versions/mt/lib/python3.12/site-packages/django/middleware/common.py", line 87, in get_full_path_with_slash
    raise RuntimeError(
RuntimeError: You called this URL via POST, but the URL doesn't end in a slash and you have APPEND_SLASH set. Django can't redirect to the slash URL while maintaining POST data. Change your form to point to localhost:8000/api/users/refresh-token/ (note the trailing slash), or set APPEND_SLASH=False in your Django settings.
ERROR 2026-06-10 03:39:07,840 log 89752 6135672832 Internal Server Error: /api/users/refresh-token
Traceback (most recent call last):
  File "/Users/grizzly/.pyenv/versions/mt/lib/python3.12/site-packages/django/core/handlers/exception.py", line 55, in inner
    response = get_response(request)
               ^^^^^^^^^^^^^^^^^^^^^
  File "/Users/grizzly/.pyenv/versions/mt/lib/python3.12/site-packages/django/utils/deprecation.py", line 311, in __call__
    response = self.process_response(request, response)
               ^^^^^^^^^^^^^^^^^^^^^^^^^^^^^^^^^^^^^^^^
  File "/Users/grizzly/.pyenv/versions/mt/lib/python3.12/site-packages/django/middleware/common.py", line 109, in process_response
    self.get_full_path_with_slash(request)
  File "/Users/grizzly/.pyenv/versions/mt/lib/python3.12/site-packages/django/middleware/common.py", line 87, in get_full_path_with_slash
    raise RuntimeError(
RuntimeError: You called this URL via POST, but the URL doesn't end in a slash and you have APPEND_SLASH set. Django can't redirect to the slash URL while maintaining POST data. Change your form to point to localhost:8000/api/users/refresh-token/ (note the trailing slash), or set APPEND_SLASH=False in your Django settings.
ERROR 2026-06-10 03:39:07,851 log 89752 6169899008 Internal Server Error: /api/users/refresh-token
Traceback (most recent call last):
  File "/Users/grizzly/.pyenv/versions/mt/lib/python3.12/site-packages/django/core/handlers/exception.py", line 55, in inner
    response = get_response(request)
               ^^^^^^^^^^^^^^^^^^^^^
  File "/Users/grizzly/.pyenv/versions/mt/lib/python3.12/site-packages/django/utils/deprecation.py", line 311, in __call__
    response = self.process_response(request, response)
               ^^^^^^^^^^^^^^^^^^^^^^^^^^^^^^^^^^^^^^^^
  File "/Users/grizzly/.pyenv/versions/mt/lib/python3.12/site-packages/django/middleware/common.py", line 109, in process_response
    self.get_full_path_with_slash(request)
  File "/Users/grizzly/.pyenv/versions/mt/lib/python3.12/site-packages/django/middleware/common.py", line 87, in get_full_path_with_slash
    raise RuntimeError(
RuntimeError: You called this URL via POST, but the URL doesn't end in a slash and you have APPEND_SLASH set. Django can't redirect to the slash URL while maintaining POST data. Change your form to point to localhost:8000/api/users/refresh-token/ (note the trailing slash), or set APPEND_SLASH=False in your Django settings.
ERROR 2026-06-10 03:39:07,857 log 89752 6220378112 Internal Server Error: /api/users/refresh-token
Traceback (most recent call last):
  File "/Users/grizzly/.pyenv/versions/mt/lib/python3.12/site-packages/django/core/handlers/exception.py", line 55, in inner
    response = get_response(request)
               ^^^^^^^^^^^^^^^^^^^^^
  File "/Users/grizzly/.pyenv/versions/mt/lib/python3.12/site-packages/django/utils/deprecation.py", line 311, in __call__
    response = self.process_response(request, response)
               ^^^^^^^^^^^^^^^^^^^^^^^^^^^^^^^^^^^^^^^^
  File "/Users/grizzly/.pyenv/versions/mt/lib/python3.12/site-packages/django/middleware/common.py", line 109, in process_response
    self.get_full_path_with_slash(request)
  File "/Users/grizzly/.pyenv/versions/mt/lib/python3.12/site-packages/django/middleware/common.py", line 87, in get_full_path_with_slash
    raise RuntimeError(
RuntimeError: You called this URL via POST, but the URL doesn't end in a slash and you have APPEND_SLASH set. Django can't redirect to the slash URL while maintaining POST data. Change your form to point to localhost:8000/api/users/refresh-token/ (note the trailing slash), or set APPEND_SLASH=False in your Django settings.
ERROR 2026-06-10 03:39:07,871 log 89752 6203551744 Internal Server Error: /api/users/refresh-token
Traceback (most recent call last):
  File "/Users/grizzly/.pyenv/versions/mt/lib/python3.12/site-packages/django/core/handlers/exception.py", line 55, in inner
    response = get_response(request)
               ^^^^^^^^^^^^^^^^^^^^^
  File "/Users/grizzly/.pyenv/versions/mt/lib/python3.12/site-packages/django/utils/deprecation.py", line 311, in __call__
    response = self.process_response(request, response)
               ^^^^^^^^^^^^^^^^^^^^^^^^^^^^^^^^^^^^^^^^
  File "/Users/grizzly/.pyenv/versions/mt/lib/python3.12/site-packages/django/middleware/common.py", line 109, in process_response
    self.get_full_path_with_slash(request)
  File "/Users/grizzly/.pyenv/versions/mt/lib/python3.12/site-packages/django/middleware/common.py", line 87, in get_full_path_with_slash
    raise RuntimeError(
RuntimeError: You called this URL via POST, but the URL doesn't end in a slash and you have APPEND_SLASH set. Django can't redirect to the slash URL while maintaining POST data. Change your form to point to localhost:8000/api/users/refresh-token/ (note the trailing slash), or set APPEND_SLASH=False in your Django settings.
ERROR 2026-06-10 03:39:07,885 log 89752 6186725376 Internal Server Error: /api/users/refresh-token
Traceback (most recent call last):
  File "/Users/grizzly/.pyenv/versions/mt/lib/python3.12/site-packages/django/core/handlers/exception.py", line 55, in inner
    response = get_response(request)
               ^^^^^^^^^^^^^^^^^^^^^
  File "/Users/grizzly/.pyenv/versions/mt/lib/python3.12/site-packages/django/utils/deprecation.py", line 311, in __call__
    response = self.process_response(request, response)
               ^^^^^^^^^^^^^^^^^^^^^^^^^^^^^^^^^^^^^^^^
  File "/Users/grizzly/.pyenv/versions/mt/lib/python3.12/site-packages/django/middleware/common.py", line 109, in process_response
    self.get_full_path_with_slash(request)
  File "/Users/grizzly/.pyenv/versions/mt/lib/python3.12/site-packages/django/middleware/common.py", line 87, in get_full_path_with_slash
    raise RuntimeError(
RuntimeError: You called this URL via POST, but the URL doesn't end in a slash and you have APPEND_SLASH set. Django can't redirect to the slash URL while maintaining POST data. Change your form to point to localhost:8000/api/users/refresh-token/ (note the trailing slash), or set APPEND_SLASH=False in your Django settings.
ERROR 2026-06-10 03:39:07,889 log 89752 6135672832 Internal Server Error: /api/users/refresh-token
Traceback (most recent call last):
  File "/Users/grizzly/.pyenv/versions/mt/lib/python3.12/site-packages/django/core/handlers/exception.py", line 55, in inner
    response = get_response(request)
               ^^^^^^^^^^^^^^^^^^^^^
  File "/Users/grizzly/.pyenv/versions/mt/lib/python3.12/site-packages/django/utils/deprecation.py", line 311, in __call__
    response = self.process_response(request, response)
               ^^^^^^^^^^^^^^^^^^^^^^^^^^^^^^^^^^^^^^^^
  File "/Users/grizzly/.pyenv/versions/mt/lib/python3.12/site-packages/django/middleware/common.py", line 109, in process_response
    self.get_full_path_with_slash(request)
  File "/Users/grizzly/.pyenv/versions/mt/lib/python3.12/site-packages/django/middleware/common.py", line 87, in get_full_path_with_slash
    raise RuntimeError(
RuntimeError: You called this URL via POST, but the URL doesn't end in a slash and you have APPEND_SLASH set. Django can't redirect to the slash URL while maintaining POST data. Change your form to point to localhost:8000/api/users/refresh-token/ (note the trailing slash), or set APPEND_SLASH=False in your Django settings.
ERROR 2026-06-10 03:39:07,896 log 89752 6152499200 Internal Server Error: /api/users/refresh-token
Traceback (most recent call last):
  File "/Users/grizzly/.pyenv/versions/mt/lib/python3.12/site-packages/django/core/handlers/exception.py", line 55, in inner
    response = get_response(request)
               ^^^^^^^^^^^^^^^^^^^^^
  File "/Users/grizzly/.pyenv/versions/mt/lib/python3.12/site-packages/django/utils/deprecation.py", line 311, in __call__
    response = self.process_response(request, response)
               ^^^^^^^^^^^^^^^^^^^^^^^^^^^^^^^^^^^^^^^^
  File "/Users/grizzly/.pyenv/versions/mt/lib/python3.12/site-packages/django/middleware/common.py", line 109, in process_response
    self.get_full_path_with_slash(request)
  File "/Users/grizzly/.pyenv/versions/mt/lib/python3.12/site-packages/django/middleware/common.py", line 87, in get_full_path_with_slash
    raise RuntimeError(
RuntimeError: You called this URL via POST, but the URL doesn't end in a slash and you have APPEND_SLASH set. Django can't redirect to the slash URL while maintaining POST data. Change your form to point to localhost:8000/api/users/refresh-token/ (note the trailing slash), or set APPEND_SLASH=False in your Django settings.
WARNING 2026-06-10 04:18:57,237 log 89752 6135672832 Unauthorized: /api/transactions/transactions/
WARNING 2026-06-10 04:18:57,242 log 89752 6169899008 Unauthorized: /api/users/profile/
WARNING 2026-06-10 04:18:57,247 log 89752 6152499200 Unauthorized: /api/transactions/transactions/
WARNING 2026-06-10 04:18:57,258 log 89752 6135672832 Unauthorized: /api/users/profile/
WARNING 2026-06-10 04:18:57,261 log 89752 6169899008 Unauthorized: /api/transactions/transactions/
WARNING 2026-06-10 04:18:57,266 log 89752 6186725376 Unauthorized: /api/users/profile/
WARNING 2026-06-10 04:18:57,273 log 89752 6152499200 Unauthorized: /api/transactions/transactions/
WARNING 2026-06-10 04:18:57,274 log 89752 6220378112 Unauthorized: /api/users/profile/
ERROR 2026-06-10 04:18:57,329 log 89752 6135672832 Internal Server Error: /api/users/refresh-token
Traceback (most recent call last):
  File "/Users/grizzly/.pyenv/versions/mt/lib/python3.12/site-packages/django/core/handlers/exception.py", line 55, in inner
    response = get_response(request)
               ^^^^^^^^^^^^^^^^^^^^^
  File "/Users/grizzly/.pyenv/versions/mt/lib/python3.12/site-packages/django/utils/deprecation.py", line 311, in __call__
    response = self.process_response(request, response)
               ^^^^^^^^^^^^^^^^^^^^^^^^^^^^^^^^^^^^^^^^
  File "/Users/grizzly/.pyenv/versions/mt/lib/python3.12/site-packages/django/middleware/common.py", line 109, in process_response
    self.get_full_path_with_slash(request)
  File "/Users/grizzly/.pyenv/versions/mt/lib/python3.12/site-packages/django/middleware/common.py", line 87, in get_full_path_with_slash
    raise RuntimeError(
RuntimeError: You called this URL via POST, but the URL doesn't end in a slash and you have APPEND_SLASH set. Django can't redirect to the slash URL while maintaining POST data. Change your form to point to localhost:8000/api/users/refresh-token/ (note the trailing slash), or set APPEND_SLASH=False in your Django settings.
ERROR 2026-06-10 04:18:57,338 log 89752 6169899008 Internal Server Error: /api/users/refresh-token
Traceback (most recent call last):
  File "/Users/grizzly/.pyenv/versions/mt/lib/python3.12/site-packages/django/core/handlers/exception.py", line 55, in inner
    response = get_response(request)
               ^^^^^^^^^^^^^^^^^^^^^
  File "/Users/grizzly/.pyenv/versions/mt/lib/python3.12/site-packages/django/utils/deprecation.py", line 311, in __call__
    response = self.process_response(request, response)
               ^^^^^^^^^^^^^^^^^^^^^^^^^^^^^^^^^^^^^^^^
  File "/Users/grizzly/.pyenv/versions/mt/lib/python3.12/site-packages/django/middleware/common.py", line 109, in process_response
    self.get_full_path_with_slash(request)
  File "/Users/grizzly/.pyenv/versions/mt/lib/python3.12/site-packages/django/middleware/common.py", line 87, in get_full_path_with_slash
    raise RuntimeError(
RuntimeError: You called this URL via POST, but the URL doesn't end in a slash and you have APPEND_SLASH set. Django can't redirect to the slash URL while maintaining POST data. Change your form to point to localhost:8000/api/users/refresh-token/ (note the trailing slash), or set APPEND_SLASH=False in your Django settings.
ERROR 2026-06-10 04:18:57,348 log 89752 6203551744 Internal Server Error: /api/users/refresh-token
Traceback (most recent call last):
  File "/Users/grizzly/.pyenv/versions/mt/lib/python3.12/site-packages/django/core/handlers/exception.py", line 55, in inner
    response = get_response(request)
               ^^^^^^^^^^^^^^^^^^^^^
  File "/Users/grizzly/.pyenv/versions/mt/lib/python3.12/site-packages/django/utils/deprecation.py", line 311, in __call__
    response = self.process_response(request, response)
               ^^^^^^^^^^^^^^^^^^^^^^^^^^^^^^^^^^^^^^^^
  File "/Users/grizzly/.pyenv/versions/mt/lib/python3.12/site-packages/django/middleware/common.py", line 109, in process_response
    self.get_full_path_with_slash(request)
  File "/Users/grizzly/.pyenv/versions/mt/lib/python3.12/site-packages/django/middleware/common.py", line 87, in get_full_path_with_slash
    raise RuntimeError(
RuntimeError: You called this URL via POST, but the URL doesn't end in a slash and you have APPEND_SLASH set. Django can't redirect to the slash URL while maintaining POST data. Change your form to point to localhost:8000/api/users/refresh-token/ (note the trailing slash), or set APPEND_SLASH=False in your Django settings.
ERROR 2026-06-10 04:18:57,354 log 89752 6152499200 Internal Server Error: /api/users/refresh-token
Traceback (most recent call last):
  File "/Users/grizzly/.pyenv/versions/mt/lib/python3.12/site-packages/django/core/handlers/exception.py", line 55, in inner
    response = get_response(request)
               ^^^^^^^^^^^^^^^^^^^^^
  File "/Users/grizzly/.pyenv/versions/mt/lib/python3.12/site-packages/django/utils/deprecation.py", line 311, in __call__
    response = self.process_response(request, response)
               ^^^^^^^^^^^^^^^^^^^^^^^^^^^^^^^^^^^^^^^^
  File "/Users/grizzly/.pyenv/versions/mt/lib/python3.12/site-packages/django/middleware/common.py", line 109, in process_response
    self.get_full_path_with_slash(request)
  File "/Users/grizzly/.pyenv/versions/mt/lib/python3.12/site-packages/django/middleware/common.py", line 87, in get_full_path_with_slash
    raise RuntimeError(
RuntimeError: You called this URL via POST, but the URL doesn't end in a slash and you have APPEND_SLASH set. Django can't redirect to the slash URL while maintaining POST data. Change your form to point to localhost:8000/api/users/refresh-token/ (note the trailing slash), or set APPEND_SLASH=False in your Django settings.
ERROR 2026-06-10 04:18:57,362 log 89752 6186725376 Internal Server Error: /api/users/refresh-token
Traceback (most recent call last):
  File "/Users/grizzly/.pyenv/versions/mt/lib/python3.12/site-packages/django/core/handlers/exception.py", line 55, in inner
    response = get_response(request)
               ^^^^^^^^^^^^^^^^^^^^^
  File "/Users/grizzly/.pyenv/versions/mt/lib/python3.12/site-packages/django/utils/deprecation.py", line 311, in __call__
    response = self.process_response(request, response)
               ^^^^^^^^^^^^^^^^^^^^^^^^^^^^^^^^^^^^^^^^
  File "/Users/grizzly/.pyenv/versions/mt/lib/python3.12/site-packages/django/middleware/common.py", line 109, in process_response
    self.get_full_path_with_slash(request)
  File "/Users/grizzly/.pyenv/versions/mt/lib/python3.12/site-packages/django/middleware/common.py", line 87, in get_full_path_with_slash
    raise RuntimeError(
RuntimeError: You called this URL via POST, but the URL doesn't end in a slash and you have APPEND_SLASH set. Django can't redirect to the slash URL while maintaining POST data. Change your form to point to localhost:8000/api/users/refresh-token/ (note the trailing slash), or set APPEND_SLASH=False in your Django settings.
ERROR 2026-06-10 04:18:57,370 log 89752 6220378112 Internal Server Error: /api/users/refresh-token
Traceback (most recent call last):
  File "/Users/grizzly/.pyenv/versions/mt/lib/python3.12/site-packages/django/core/handlers/exception.py", line 55, in inner
    response = get_response(request)
               ^^^^^^^^^^^^^^^^^^^^^
  File "/Users/grizzly/.pyenv/versions/mt/lib/python3.12/site-packages/django/utils/deprecation.py", line 311, in __call__
    response = self.process_response(request, response)
               ^^^^^^^^^^^^^^^^^^^^^^^^^^^^^^^^^^^^^^^^
  File "/Users/grizzly/.pyenv/versions/mt/lib/python3.12/site-packages/django/middleware/common.py", line 109, in process_response
    self.get_full_path_with_slash(request)
  File "/Users/grizzly/.pyenv/versions/mt/lib/python3.12/site-packages/django/middleware/common.py", line 87, in get_full_path_with_slash
    raise RuntimeError(
RuntimeError: You called this URL via POST, but the URL doesn't end in a slash and you have APPEND_SLASH set. Django can't redirect to the slash URL while maintaining POST data. Change your form to point to localhost:8000/api/users/refresh-token/ (note the trailing slash), or set APPEND_SLASH=False in your Django settings.
ERROR 2026-06-10 04:18:57,395 log 89752 6135672832 Internal Server Error: /api/users/refresh-token
Traceback (most recent call last):
  File "/Users/grizzly/.pyenv/versions/mt/lib/python3.12/site-packages/django/core/handlers/exception.py", line 55, in inner
    response = get_response(request)
               ^^^^^^^^^^^^^^^^^^^^^
  File "/Users/grizzly/.pyenv/versions/mt/lib/python3.12/site-packages/django/utils/deprecation.py", line 311, in __call__
    response = self.process_response(request, response)
               ^^^^^^^^^^^^^^^^^^^^^^^^^^^^^^^^^^^^^^^^
  File "/Users/grizzly/.pyenv/versions/mt/lib/python3.12/site-packages/django/middleware/common.py", line 109, in process_response
    self.get_full_path_with_slash(request)
  File "/Users/grizzly/.pyenv/versions/mt/lib/python3.12/site-packages/django/middleware/common.py", line 87, in get_full_path_with_slash
    raise RuntimeError(
RuntimeError: You called this URL via POST, but the URL doesn't end in a slash and you have APPEND_SLASH set. Django can't redirect to the slash URL while maintaining POST data. Change your form to point to localhost:8000/api/users/refresh-token/ (note the trailing slash), or set APPEND_SLASH=False in your Django settings.
ERROR 2026-06-10 04:18:57,402 log 89752 6169899008 Internal Server Error: /api/users/refresh-token
Traceback (most recent call last):
  File "/Users/grizzly/.pyenv/versions/mt/lib/python3.12/site-packages/django/core/handlers/exception.py", line 55, in inner
    response = get_response(request)
               ^^^^^^^^^^^^^^^^^^^^^
  File "/Users/grizzly/.pyenv/versions/mt/lib/python3.12/site-packages/django/utils/deprecation.py", line 311, in __call__
    response = self.process_response(request, response)
               ^^^^^^^^^^^^^^^^^^^^^^^^^^^^^^^^^^^^^^^^
  File "/Users/grizzly/.pyenv/versions/mt/lib/python3.12/site-packages/django/middleware/common.py", line 109, in process_response
    self.get_full_path_with_slash(request)
  File "/Users/grizzly/.pyenv/versions/mt/lib/python3.12/site-packages/django/middleware/common.py", line 87, in get_full_path_with_slash
    raise RuntimeError(
RuntimeError: You called this URL via POST, but the URL doesn't end in a slash and you have APPEND_SLASH set. Django can't redirect to the slash URL while maintaining POST data. Change your form to point to localhost:8000/api/users/refresh-token/ (note the trailing slash), or set APPEND_SLASH=False in your Django settings.
WARNING 2026-06-10 04:24:48,921 log 89752 6135672832 Unauthorized: /api/transactions/transactions/
WARNING 2026-06-10 04:24:48,921 log 89752 6152499200 Unauthorized: /api/users/profile/
WARNING 2026-06-10 04:24:48,926 log 89752 6152499200 Unauthorized: /api/users/profile/
WARNING 2026-06-10 04:24:48,927 log 89752 6135672832 Unauthorized: /api/transactions/transactions/
WARNING 2026-06-10 04:24:48,930 log 89752 6169899008 Unauthorized: /api/users/profile/
WARNING 2026-06-10 04:24:48,939 log 89752 6186725376 Unauthorized: /api/users/profile/
WARNING 2026-06-10 04:24:48,939 log 89752 6152499200 Unauthorized: /api/transactions/transactions/
WARNING 2026-06-10 04:24:48,946 log 89752 6169899008 Unauthorized: /api/transactions/transactions/
ERROR 2026-06-10 04:24:48,997 log 89752 6220378112 Internal Server Error: /api/users/refresh-token
Traceback (most recent call last):
  File "/Users/grizzly/.pyenv/versions/mt/lib/python3.12/site-packages/django/core/handlers/exception.py", line 55, in inner
    response = get_response(request)
               ^^^^^^^^^^^^^^^^^^^^^
  File "/Users/grizzly/.pyenv/versions/mt/lib/python3.12/site-packages/django/utils/deprecation.py", line 311, in __call__
    response = self.process_response(request, response)
               ^^^^^^^^^^^^^^^^^^^^^^^^^^^^^^^^^^^^^^^^
  File "/Users/grizzly/.pyenv/versions/mt/lib/python3.12/site-packages/django/middleware/common.py", line 109, in process_response
    self.get_full_path_with_slash(request)
  File "/Users/grizzly/.pyenv/versions/mt/lib/python3.12/site-packages/django/middleware/common.py", line 87, in get_full_path_with_slash
    raise RuntimeError(
RuntimeError: You called this URL via POST, but the URL doesn't end in a slash and you have APPEND_SLASH set. Django can't redirect to the slash URL while maintaining POST data. Change your form to point to localhost:8000/api/users/refresh-token/ (note the trailing slash), or set APPEND_SLASH=False in your Django settings.
ERROR 2026-06-10 04:24:49,005 log 89752 6152499200 Internal Server Error: /api/users/refresh-token
Traceback (most recent call last):
  File "/Users/grizzly/.pyenv/versions/mt/lib/python3.12/site-packages/django/core/handlers/exception.py", line 55, in inner
    response = get_response(request)
               ^^^^^^^^^^^^^^^^^^^^^
  File "/Users/grizzly/.pyenv/versions/mt/lib/python3.12/site-packages/django/utils/deprecation.py", line 311, in __call__
    response = self.process_response(request, response)
               ^^^^^^^^^^^^^^^^^^^^^^^^^^^^^^^^^^^^^^^^
  File "/Users/grizzly/.pyenv/versions/mt/lib/python3.12/site-packages/django/middleware/common.py", line 109, in process_response
    self.get_full_path_with_slash(request)
  File "/Users/grizzly/.pyenv/versions/mt/lib/python3.12/site-packages/django/middleware/common.py", line 87, in get_full_path_with_slash
    raise RuntimeError(
RuntimeError: You called this URL via POST, but the URL doesn't end in a slash and you have APPEND_SLASH set. Django can't redirect to the slash URL while maintaining POST data. Change your form to point to localhost:8000/api/users/refresh-token/ (note the trailing slash), or set APPEND_SLASH=False in your Django settings.
ERROR 2026-06-10 04:24:49,013 log 89752 6169899008 Internal Server Error: /api/users/refresh-token
Traceback (most recent call last):
  File "/Users/grizzly/.pyenv/versions/mt/lib/python3.12/site-packages/django/core/handlers/exception.py", line 55, in inner
    response = get_response(request)
               ^^^^^^^^^^^^^^^^^^^^^
  File "/Users/grizzly/.pyenv/versions/mt/lib/python3.12/site-packages/django/utils/deprecation.py", line 311, in __call__
    response = self.process_response(request, response)
               ^^^^^^^^^^^^^^^^^^^^^^^^^^^^^^^^^^^^^^^^
  File "/Users/grizzly/.pyenv/versions/mt/lib/python3.12/site-packages/django/middleware/common.py", line 109, in process_response
    self.get_full_path_with_slash(request)
  File "/Users/grizzly/.pyenv/versions/mt/lib/python3.12/site-packages/django/middleware/common.py", line 87, in get_full_path_with_slash
    raise RuntimeError(
RuntimeError: You called this URL via POST, but the URL doesn't end in a slash and you have APPEND_SLASH set. Django can't redirect to the slash URL while maintaining POST data. Change your form to point to localhost:8000/api/users/refresh-token/ (note the trailing slash), or set APPEND_SLASH=False in your Django settings.
ERROR 2026-06-10 04:24:49,024 log 89752 6186725376 Internal Server Error: /api/users/refresh-token
Traceback (most recent call last):
  File "/Users/grizzly/.pyenv/versions/mt/lib/python3.12/site-packages/django/core/handlers/exception.py", line 55, in inner
    response = get_response(request)
               ^^^^^^^^^^^^^^^^^^^^^
  File "/Users/grizzly/.pyenv/versions/mt/lib/python3.12/site-packages/django/utils/deprecation.py", line 311, in __call__
    response = self.process_response(request, response)
               ^^^^^^^^^^^^^^^^^^^^^^^^^^^^^^^^^^^^^^^^
  File "/Users/grizzly/.pyenv/versions/mt/lib/python3.12/site-packages/django/middleware/common.py", line 109, in process_response
    self.get_full_path_with_slash(request)
  File "/Users/grizzly/.pyenv/versions/mt/lib/python3.12/site-packages/django/middleware/common.py", line 87, in get_full_path_with_slash
    raise RuntimeError(
RuntimeError: You called this URL via POST, but the URL doesn't end in a slash and you have APPEND_SLASH set. Django can't redirect to the slash URL while maintaining POST data. Change your form to point to localhost:8000/api/users/refresh-token/ (note the trailing slash), or set APPEND_SLASH=False in your Django settings.
ERROR 2026-06-10 04:24:49,025 log 89752 6135672832 Internal Server Error: /api/users/refresh-token
Traceback (most recent call last):
  File "/Users/grizzly/.pyenv/versions/mt/lib/python3.12/site-packages/django/core/handlers/exception.py", line 55, in inner
    response = get_response(request)
               ^^^^^^^^^^^^^^^^^^^^^
  File "/Users/grizzly/.pyenv/versions/mt/lib/python3.12/site-packages/django/utils/deprecation.py", line 311, in __call__
    response = self.process_response(request, response)
               ^^^^^^^^^^^^^^^^^^^^^^^^^^^^^^^^^^^^^^^^
  File "/Users/grizzly/.pyenv/versions/mt/lib/python3.12/site-packages/django/middleware/common.py", line 109, in process_response
    self.get_full_path_with_slash(request)
  File "/Users/grizzly/.pyenv/versions/mt/lib/python3.12/site-packages/django/middleware/common.py", line 87, in get_full_path_with_slash
    raise RuntimeError(
RuntimeError: You called this URL via POST, but the URL doesn't end in a slash and you have APPEND_SLASH set. Django can't redirect to the slash URL while maintaining POST data. Change your form to point to localhost:8000/api/users/refresh-token/ (note the trailing slash), or set APPEND_SLASH=False in your Django settings.
ERROR 2026-06-10 04:24:49,035 log 89752 6203551744 Internal Server Error: /api/users/refresh-token
Traceback (most recent call last):
  File "/Users/grizzly/.pyenv/versions/mt/lib/python3.12/site-packages/django/core/handlers/exception.py", line 55, in inner
    response = get_response(request)
               ^^^^^^^^^^^^^^^^^^^^^
  File "/Users/grizzly/.pyenv/versions/mt/lib/python3.12/site-packages/django/utils/deprecation.py", line 311, in __call__
    response = self.process_response(request, response)
               ^^^^^^^^^^^^^^^^^^^^^^^^^^^^^^^^^^^^^^^^
  File "/Users/grizzly/.pyenv/versions/mt/lib/python3.12/site-packages/django/middleware/common.py", line 109, in process_response
    self.get_full_path_with_slash(request)
  File "/Users/grizzly/.pyenv/versions/mt/lib/python3.12/site-packages/django/middleware/common.py", line 87, in get_full_path_with_slash
    raise RuntimeError(
RuntimeError: You called this URL via POST, but the URL doesn't end in a slash and you have APPEND_SLASH set. Django can't redirect to the slash URL while maintaining POST data. Change your form to point to localhost:8000/api/users/refresh-token/ (note the trailing slash), or set APPEND_SLASH=False in your Django settings.
ERROR 2026-06-10 04:24:49,065 log 89752 6152499200 Internal Server Error: /api/users/refresh-token
Traceback (most recent call last):
  File "/Users/grizzly/.pyenv/versions/mt/lib/python3.12/site-packages/django/core/handlers/exception.py", line 55, in inner
    response = get_response(request)
               ^^^^^^^^^^^^^^^^^^^^^
  File "/Users/grizzly/.pyenv/versions/mt/lib/python3.12/site-packages/django/utils/deprecation.py", line 311, in __call__
    response = self.process_response(request, response)
               ^^^^^^^^^^^^^^^^^^^^^^^^^^^^^^^^^^^^^^^^
  File "/Users/grizzly/.pyenv/versions/mt/lib/python3.12/site-packages/django/middleware/common.py", line 109, in process_response
    self.get_full_path_with_slash(request)
  File "/Users/grizzly/.pyenv/versions/mt/lib/python3.12/site-packages/django/middleware/common.py", line 87, in get_full_path_with_slash
    raise RuntimeError(
RuntimeError: You called this URL via POST, but the URL doesn't end in a slash and you have APPEND_SLASH set. Django can't redirect to the slash URL while maintaining POST data. Change your form to point to localhost:8000/api/users/refresh-token/ (note the trailing slash), or set APPEND_SLASH=False in your Django settings.
ERROR 2026-06-10 04:24:49,071 log 89752 6220378112 Internal Server Error: /api/users/refresh-token
Traceback (most recent call last):
  File "/Users/grizzly/.pyenv/versions/mt/lib/python3.12/site-packages/django/core/handlers/exception.py", line 55, in inner
    response = get_response(request)
               ^^^^^^^^^^^^^^^^^^^^^
  File "/Users/grizzly/.pyenv/versions/mt/lib/python3.12/site-packages/django/utils/deprecation.py", line 311, in __call__
    response = self.process_response(request, response)
               ^^^^^^^^^^^^^^^^^^^^^^^^^^^^^^^^^^^^^^^^
  File "/Users/grizzly/.pyenv/versions/mt/lib/python3.12/site-packages/django/middleware/common.py", line 109, in process_response
    self.get_full_path_with_slash(request)
  File "/Users/grizzly/.pyenv/versions/mt/lib/python3.12/site-packages/django/middleware/common.py", line 87, in get_full_path_with_slash
    raise RuntimeError(
RuntimeError: You called this URL via POST, but the URL doesn't end in a slash and you have APPEND_SLASH set. Django can't redirect to the slash URL while maintaining POST data. Change your form to point to localhost:8000/api/users/refresh-token/ (note the trailing slash), or set APPEND_SLASH=False in your Django settings.
WARNING 2026-06-10 04:41:15,229 log 89752 6135672832 Unauthorized: /api/transactions/transactions/
WARNING 2026-06-10 04:41:15,232 log 89752 6152499200 Unauthorized: /api/users/profile/
WARNING 2026-06-10 04:41:15,242 log 89752 6135672832 Unauthorized: /api/transactions/transactions/
WARNING 2026-06-10 04:41:15,244 log 89752 6152499200 Unauthorized: /api/transactions/transactions/
WARNING 2026-06-10 04:41:15,245 log 89752 6169899008 Unauthorized: /api/users/profile/
WARNING 2026-06-10 04:41:15,248 log 89752 6135672832 Unauthorized: /api/transactions/transactions/
WARNING 2026-06-10 04:41:15,248 log 89752 6152499200 Unauthorized: /api/users/profile/
WARNING 2026-06-10 04:41:15,252 log 89752 6135672832 Unauthorized: /api/users/profile/
ERROR 2026-06-10 04:41:15,316 log 89752 6152499200 Internal Server Error: /api/users/refresh-token
Traceback (most recent call last):
  File "/Users/grizzly/.pyenv/versions/mt/lib/python3.12/site-packages/django/core/handlers/exception.py", line 55, in inner
    response = get_response(request)
               ^^^^^^^^^^^^^^^^^^^^^
  File "/Users/grizzly/.pyenv/versions/mt/lib/python3.12/site-packages/django/utils/deprecation.py", line 311, in __call__
    response = self.process_response(request, response)
               ^^^^^^^^^^^^^^^^^^^^^^^^^^^^^^^^^^^^^^^^
  File "/Users/grizzly/.pyenv/versions/mt/lib/python3.12/site-packages/django/middleware/common.py", line 109, in process_response
    self.get_full_path_with_slash(request)
  File "/Users/grizzly/.pyenv/versions/mt/lib/python3.12/site-packages/django/middleware/common.py", line 87, in get_full_path_with_slash
    raise RuntimeError(
RuntimeError: You called this URL via POST, but the URL doesn't end in a slash and you have APPEND_SLASH set. Django can't redirect to the slash URL while maintaining POST data. Change your form to point to localhost:8000/api/users/refresh-token/ (note the trailing slash), or set APPEND_SLASH=False in your Django settings.
ERROR 2026-06-10 04:41:15,325 log 89752 6203551744 Internal Server Error: /api/users/refresh-token
Traceback (most recent call last):
  File "/Users/grizzly/.pyenv/versions/mt/lib/python3.12/site-packages/django/core/handlers/exception.py", line 55, in inner
    response = get_response(request)
               ^^^^^^^^^^^^^^^^^^^^^
  File "/Users/grizzly/.pyenv/versions/mt/lib/python3.12/site-packages/django/utils/deprecation.py", line 311, in __call__
    response = self.process_response(request, response)
               ^^^^^^^^^^^^^^^^^^^^^^^^^^^^^^^^^^^^^^^^
  File "/Users/grizzly/.pyenv/versions/mt/lib/python3.12/site-packages/django/middleware/common.py", line 109, in process_response
    self.get_full_path_with_slash(request)
  File "/Users/grizzly/.pyenv/versions/mt/lib/python3.12/site-packages/django/middleware/common.py", line 87, in get_full_path_with_slash
    raise RuntimeError(
RuntimeError: You called this URL via POST, but the URL doesn't end in a slash and you have APPEND_SLASH set. Django can't redirect to the slash URL while maintaining POST data. Change your form to point to localhost:8000/api/users/refresh-token/ (note the trailing slash), or set APPEND_SLASH=False in your Django settings.
ERROR 2026-06-10 04:41:15,340 log 89752 6169899008 Internal Server Error: /api/users/refresh-token
Traceback (most recent call last):
  File "/Users/grizzly/.pyenv/versions/mt/lib/python3.12/site-packages/django/core/handlers/exception.py", line 55, in inner
    response = get_response(request)
               ^^^^^^^^^^^^^^^^^^^^^
  File "/Users/grizzly/.pyenv/versions/mt/lib/python3.12/site-packages/django/utils/deprecation.py", line 311, in __call__
    response = self.process_response(request, response)
               ^^^^^^^^^^^^^^^^^^^^^^^^^^^^^^^^^^^^^^^^
  File "/Users/grizzly/.pyenv/versions/mt/lib/python3.12/site-packages/django/middleware/common.py", line 109, in process_response
    self.get_full_path_with_slash(request)
  File "/Users/grizzly/.pyenv/versions/mt/lib/python3.12/site-packages/django/middleware/common.py", line 87, in get_full_path_with_slash
    raise RuntimeError(
RuntimeError: You called this URL via POST, but the URL doesn't end in a slash and you have APPEND_SLASH set. Django can't redirect to the slash URL while maintaining POST data. Change your form to point to localhost:8000/api/users/refresh-token/ (note the trailing slash), or set APPEND_SLASH=False in your Django settings.
ERROR 2026-06-10 04:41:15,341 log 89752 6135672832 Internal Server Error: /api/users/refresh-token
Traceback (most recent call last):
  File "/Users/grizzly/.pyenv/versions/mt/lib/python3.12/site-packages/django/core/handlers/exception.py", line 55, in inner
    response = get_response(request)
               ^^^^^^^^^^^^^^^^^^^^^
  File "/Users/grizzly/.pyenv/versions/mt/lib/python3.12/site-packages/django/utils/deprecation.py", line 311, in __call__
    response = self.process_response(request, response)
               ^^^^^^^^^^^^^^^^^^^^^^^^^^^^^^^^^^^^^^^^
  File "/Users/grizzly/.pyenv/versions/mt/lib/python3.12/site-packages/django/middleware/common.py", line 109, in process_response
    self.get_full_path_with_slash(request)
  File "/Users/grizzly/.pyenv/versions/mt/lib/python3.12/site-packages/django/middleware/common.py", line 87, in get_full_path_with_slash
    raise RuntimeError(
RuntimeError: You called this URL via POST, but the URL doesn't end in a slash and you have APPEND_SLASH set. Django can't redirect to the slash URL while maintaining POST data. Change your form to point to localhost:8000/api/users/refresh-token/ (note the trailing slash), or set APPEND_SLASH=False in your Django settings.
ERROR 2026-06-10 04:41:15,347 log 89752 6186725376 Internal Server Error: /api/users/refresh-token
Traceback (most recent call last):
  File "/Users/grizzly/.pyenv/versions/mt/lib/python3.12/site-packages/django/core/handlers/exception.py", line 55, in inner
    response = get_response(request)
               ^^^^^^^^^^^^^^^^^^^^^
  File "/Users/grizzly/.pyenv/versions/mt/lib/python3.12/site-packages/django/utils/deprecation.py", line 311, in __call__
    response = self.process_response(request, response)
               ^^^^^^^^^^^^^^^^^^^^^^^^^^^^^^^^^^^^^^^^
  File "/Users/grizzly/.pyenv/versions/mt/lib/python3.12/site-packages/django/middleware/common.py", line 109, in process_response
    self.get_full_path_with_slash(request)
  File "/Users/grizzly/.pyenv/versions/mt/lib/python3.12/site-packages/django/middleware/common.py", line 87, in get_full_path_with_slash
    raise RuntimeError(
RuntimeError: You called this URL via POST, but the URL doesn't end in a slash and you have APPEND_SLASH set. Django can't redirect to the slash URL while maintaining POST data. Change your form to point to localhost:8000/api/users/refresh-token/ (note the trailing slash), or set APPEND_SLASH=False in your Django settings.
ERROR 2026-06-10 04:41:15,353 log 89752 6220378112 Internal Server Error: /api/users/refresh-token
Traceback (most recent call last):
  File "/Users/grizzly/.pyenv/versions/mt/lib/python3.12/site-packages/django/core/handlers/exception.py", line 55, in inner
    response = get_response(request)
               ^^^^^^^^^^^^^^^^^^^^^
  File "/Users/grizzly/.pyenv/versions/mt/lib/python3.12/site-packages/django/utils/deprecation.py", line 311, in __call__
    response = self.process_response(request, response)
               ^^^^^^^^^^^^^^^^^^^^^^^^^^^^^^^^^^^^^^^^
  File "/Users/grizzly/.pyenv/versions/mt/lib/python3.12/site-packages/django/middleware/common.py", line 109, in process_response
    self.get_full_path_with_slash(request)
  File "/Users/grizzly/.pyenv/versions/mt/lib/python3.12/site-packages/django/middleware/common.py", line 87, in get_full_path_with_slash
    raise RuntimeError(
RuntimeError: You called this URL via POST, but the URL doesn't end in a slash and you have APPEND_SLASH set. Django can't redirect to the slash URL while maintaining POST data. Change your form to point to localhost:8000/api/users/refresh-token/ (note the trailing slash), or set APPEND_SLASH=False in your Django settings.
ERROR 2026-06-10 04:41:15,439 log 89752 6135672832 Internal Server Error: /api/users/refresh-token
Traceback (most recent call last):
  File "/Users/grizzly/.pyenv/versions/mt/lib/python3.12/site-packages/django/core/handlers/exception.py", line 55, in inner
    response = get_response(request)
               ^^^^^^^^^^^^^^^^^^^^^
  File "/Users/grizzly/.pyenv/versions/mt/lib/python3.12/site-packages/django/utils/deprecation.py", line 311, in __call__
    response = self.process_response(request, response)
               ^^^^^^^^^^^^^^^^^^^^^^^^^^^^^^^^^^^^^^^^
  File "/Users/grizzly/.pyenv/versions/mt/lib/python3.12/site-packages/django/middleware/common.py", line 109, in process_response
    self.get_full_path_with_slash(request)
  File "/Users/grizzly/.pyenv/versions/mt/lib/python3.12/site-packages/django/middleware/common.py", line 87, in get_full_path_with_slash
    raise RuntimeError(
RuntimeError: You called this URL via POST, but the URL doesn't end in a slash and you have APPEND_SLASH set. Django can't redirect to the slash URL while maintaining POST data. Change your form to point to localhost:8000/api/users/refresh-token/ (note the trailing slash), or set APPEND_SLASH=False in your Django settings.
ERROR 2026-06-10 04:41:15,447 log 89752 6152499200 Internal Server Error: /api/users/refresh-token
Traceback (most recent call last):
  File "/Users/grizzly/.pyenv/versions/mt/lib/python3.12/site-packages/django/core/handlers/exception.py", line 55, in inner
    response = get_response(request)
               ^^^^^^^^^^^^^^^^^^^^^
  File "/Users/grizzly/.pyenv/versions/mt/lib/python3.12/site-packages/django/utils/deprecation.py", line 311, in __call__
    response = self.process_response(request, response)
               ^^^^^^^^^^^^^^^^^^^^^^^^^^^^^^^^^^^^^^^^
  File "/Users/grizzly/.pyenv/versions/mt/lib/python3.12/site-packages/django/middleware/common.py", line 109, in process_response
    self.get_full_path_with_slash(request)
  File "/Users/grizzly/.pyenv/versions/mt/lib/python3.12/site-packages/django/middleware/common.py", line 87, in get_full_path_with_slash
    raise RuntimeError(
RuntimeError: You called this URL via POST, but the URL doesn't end in a slash and you have APPEND_SLASH set. Django can't redirect to the slash URL while maintaining POST data. Change your form to point to localhost:8000/api/users/refresh-token/ (note the trailing slash), or set APPEND_SLASH=False in your Django settings.
WARNING 2026-06-10 06:16:00,930 log 89752 6135672832 Unauthorized: /api/transactions/transactions/
WARNING 2026-06-10 06:16:00,935 log 89752 6152499200 Unauthorized: /api/users/profile/
WARNING 2026-06-10 06:16:00,958 log 89752 6135672832 Unauthorized: /api/transactions/transactions/
WARNING 2026-06-10 06:16:00,976 log 89752 6135672832 Unauthorized: /api/transactions/transactions/
WARNING 2026-06-10 06:16:00,994 log 89752 6169899008 Unauthorized: /api/users/profile/
WARNING 2026-06-10 06:16:01,027 log 89752 6203551744 Unauthorized: /api/transactions/transactions/
WARNING 2026-06-10 06:16:01,037 log 89752 6135672832 Unauthorized: /api/users/profile/
WARNING 2026-06-10 06:16:01,110 log 89752 6203551744 Unauthorized: /api/users/profile/
ERROR 2026-06-10 06:16:01,278 log 89752 6152499200 Internal Server Error: /api/users/refresh-token
Traceback (most recent call last):
  File "/Users/grizzly/.pyenv/versions/mt/lib/python3.12/site-packages/django/core/handlers/exception.py", line 55, in inner
    response = get_response(request)
               ^^^^^^^^^^^^^^^^^^^^^
  File "/Users/grizzly/.pyenv/versions/mt/lib/python3.12/site-packages/django/utils/deprecation.py", line 311, in __call__
    response = self.process_response(request, response)
               ^^^^^^^^^^^^^^^^^^^^^^^^^^^^^^^^^^^^^^^^
  File "/Users/grizzly/.pyenv/versions/mt/lib/python3.12/site-packages/django/middleware/common.py", line 109, in process_response
    self.get_full_path_with_slash(request)
  File "/Users/grizzly/.pyenv/versions/mt/lib/python3.12/site-packages/django/middleware/common.py", line 87, in get_full_path_with_slash
    raise RuntimeError(
RuntimeError: You called this URL via POST, but the URL doesn't end in a slash and you have APPEND_SLASH set. Django can't redirect to the slash URL while maintaining POST data. Change your form to point to localhost:8000/api/users/refresh-token/ (note the trailing slash), or set APPEND_SLASH=False in your Django settings.
ERROR 2026-06-10 06:16:01,287 log 89752 6220378112 Internal Server Error: /api/users/refresh-token
Traceback (most recent call last):
  File "/Users/grizzly/.pyenv/versions/mt/lib/python3.12/site-packages/django/core/handlers/exception.py", line 55, in inner
    response = get_response(request)
               ^^^^^^^^^^^^^^^^^^^^^
  File "/Users/grizzly/.pyenv/versions/mt/lib/python3.12/site-packages/django/utils/deprecation.py", line 311, in __call__
    response = self.process_response(request, response)
               ^^^^^^^^^^^^^^^^^^^^^^^^^^^^^^^^^^^^^^^^
  File "/Users/grizzly/.pyenv/versions/mt/lib/python3.12/site-packages/django/middleware/common.py", line 109, in process_response
    self.get_full_path_with_slash(request)
  File "/Users/grizzly/.pyenv/versions/mt/lib/python3.12/site-packages/django/middleware/common.py", line 87, in get_full_path_with_slash
    raise RuntimeError(
RuntimeError: You called this URL via POST, but the URL doesn't end in a slash and you have APPEND_SLASH set. Django can't redirect to the slash URL while maintaining POST data. Change your form to point to localhost:8000/api/users/refresh-token/ (note the trailing slash), or set APPEND_SLASH=False in your Django settings.
ERROR 2026-06-10 06:16:01,344 log 89752 6203551744 Internal Server Error: /api/users/refresh-token
Traceback (most recent call last):
  File "/Users/grizzly/.pyenv/versions/mt/lib/python3.12/site-packages/django/core/handlers/exception.py", line 55, in inner
    response = get_response(request)
               ^^^^^^^^^^^^^^^^^^^^^
  File "/Users/grizzly/.pyenv/versions/mt/lib/python3.12/site-packages/django/utils/deprecation.py", line 311, in __call__
    response = self.process_response(request, response)
               ^^^^^^^^^^^^^^^^^^^^^^^^^^^^^^^^^^^^^^^^
  File "/Users/grizzly/.pyenv/versions/mt/lib/python3.12/site-packages/django/middleware/common.py", line 109, in process_response
    self.get_full_path_with_slash(request)
  File "/Users/grizzly/.pyenv/versions/mt/lib/python3.12/site-packages/django/middleware/common.py", line 87, in get_full_path_with_slash
    raise RuntimeError(
RuntimeError: You called this URL via POST, but the URL doesn't end in a slash and you have APPEND_SLASH set. Django can't redirect to the slash URL while maintaining POST data. Change your form to point to localhost:8000/api/users/refresh-token/ (note the trailing slash), or set APPEND_SLASH=False in your Django settings.
ERROR 2026-06-10 06:16:01,358 log 89752 6186725376 Internal Server Error: /api/users/refresh-token
Traceback (most recent call last):
  File "/Users/grizzly/.pyenv/versions/mt/lib/python3.12/site-packages/django/core/handlers/exception.py", line 55, in inner
    response = get_response(request)
               ^^^^^^^^^^^^^^^^^^^^^
  File "/Users/grizzly/.pyenv/versions/mt/lib/python3.12/site-packages/django/utils/deprecation.py", line 311, in __call__
    response = self.process_response(request, response)
               ^^^^^^^^^^^^^^^^^^^^^^^^^^^^^^^^^^^^^^^^
  File "/Users/grizzly/.pyenv/versions/mt/lib/python3.12/site-packages/django/middleware/common.py", line 109, in process_response
    self.get_full_path_with_slash(request)
  File "/Users/grizzly/.pyenv/versions/mt/lib/python3.12/site-packages/django/middleware/common.py", line 87, in get_full_path_with_slash
    raise RuntimeError(
RuntimeError: You called this URL via POST, but the URL doesn't end in a slash and you have APPEND_SLASH set. Django can't redirect to the slash URL while maintaining POST data. Change your form to point to localhost:8000/api/users/refresh-token/ (note the trailing slash), or set APPEND_SLASH=False in your Django settings.
ERROR 2026-06-10 06:16:01,366 log 89752 6135672832 Internal Server Error: /api/users/refresh-token
Traceback (most recent call last):
  File "/Users/grizzly/.pyenv/versions/mt/lib/python3.12/site-packages/django/core/handlers/exception.py", line 55, in inner
    response = get_response(request)
               ^^^^^^^^^^^^^^^^^^^^^
  File "/Users/grizzly/.pyenv/versions/mt/lib/python3.12/site-packages/django/utils/deprecation.py", line 311, in __call__
    response = self.process_response(request, response)
               ^^^^^^^^^^^^^^^^^^^^^^^^^^^^^^^^^^^^^^^^
  File "/Users/grizzly/.pyenv/versions/mt/lib/python3.12/site-packages/django/middleware/common.py", line 109, in process_response
    self.get_full_path_with_slash(request)
  File "/Users/grizzly/.pyenv/versions/mt/lib/python3.12/site-packages/django/middleware/common.py", line 87, in get_full_path_with_slash
    raise RuntimeError(
RuntimeError: You called this URL via POST, but the URL doesn't end in a slash and you have APPEND_SLASH set. Django can't redirect to the slash URL while maintaining POST data. Change your form to point to localhost:8000/api/users/refresh-token/ (note the trailing slash), or set APPEND_SLASH=False in your Django settings.
ERROR 2026-06-10 06:16:01,399 log 89752 6169899008 Internal Server Error: /api/users/refresh-token
Traceback (most recent call last):
  File "/Users/grizzly/.pyenv/versions/mt/lib/python3.12/site-packages/django/core/handlers/exception.py", line 55, in inner
    response = get_response(request)
               ^^^^^^^^^^^^^^^^^^^^^
  File "/Users/grizzly/.pyenv/versions/mt/lib/python3.12/site-packages/django/utils/deprecation.py", line 311, in __call__
    response = self.process_response(request, response)
               ^^^^^^^^^^^^^^^^^^^^^^^^^^^^^^^^^^^^^^^^
  File "/Users/grizzly/.pyenv/versions/mt/lib/python3.12/site-packages/django/middleware/common.py", line 109, in process_response
    self.get_full_path_with_slash(request)
  File "/Users/grizzly/.pyenv/versions/mt/lib/python3.12/site-packages/django/middleware/common.py", line 87, in get_full_path_with_slash
    raise RuntimeError(
RuntimeError: You called this URL via POST, but the URL doesn't end in a slash and you have APPEND_SLASH set. Django can't redirect to the slash URL while maintaining POST data. Change your form to point to localhost:8000/api/users/refresh-token/ (note the trailing slash), or set APPEND_SLASH=False in your Django settings.
ERROR 2026-06-10 06:16:01,470 log 89752 6152499200 Internal Server Error: /api/users/refresh-token
Traceback (most recent call last):
  File "/Users/grizzly/.pyenv/versions/mt/lib/python3.12/site-packages/django/core/handlers/exception.py", line 55, in inner
    response = get_response(request)
               ^^^^^^^^^^^^^^^^^^^^^
  File "/Users/grizzly/.pyenv/versions/mt/lib/python3.12/site-packages/django/utils/deprecation.py", line 311, in __call__
    response = self.process_response(request, response)
               ^^^^^^^^^^^^^^^^^^^^^^^^^^^^^^^^^^^^^^^^
  File "/Users/grizzly/.pyenv/versions/mt/lib/python3.12/site-packages/django/middleware/common.py", line 109, in process_response
    self.get_full_path_with_slash(request)
  File "/Users/grizzly/.pyenv/versions/mt/lib/python3.12/site-packages/django/middleware/common.py", line 87, in get_full_path_with_slash
    raise RuntimeError(
RuntimeError: You called this URL via POST, but the URL doesn't end in a slash and you have APPEND_SLASH set. Django can't redirect to the slash URL while maintaining POST data. Change your form to point to localhost:8000/api/users/refresh-token/ (note the trailing slash), or set APPEND_SLASH=False in your Django settings.
ERROR 2026-06-10 06:16:01,522 log 89752 6203551744 Internal Server Error: /api/users/refresh-token
Traceback (most recent call last):
  File "/Users/grizzly/.pyenv/versions/mt/lib/python3.12/site-packages/django/core/handlers/exception.py", line 55, in inner
    response = get_response(request)
               ^^^^^^^^^^^^^^^^^^^^^
  File "/Users/grizzly/.pyenv/versions/mt/lib/python3.12/site-packages/django/utils/deprecation.py", line 311, in __call__
    response = self.process_response(request, response)
               ^^^^^^^^^^^^^^^^^^^^^^^^^^^^^^^^^^^^^^^^
  File "/Users/grizzly/.pyenv/versions/mt/lib/python3.12/site-packages/django/middleware/common.py", line 109, in process_response
    self.get_full_path_with_slash(request)
  File "/Users/grizzly/.pyenv/versions/mt/lib/python3.12/site-packages/django/middleware/common.py", line 87, in get_full_path_with_slash
    raise RuntimeError(
RuntimeError: You called this URL via POST, but the URL doesn't end in a slash and you have APPEND_SLASH set. Django can't redirect to the slash URL while maintaining POST data. Change your form to point to localhost:8000/api/users/refresh-token/ (note the trailing slash), or set APPEND_SLASH=False in your Django settings.
WARNING 2026-06-10 07:58:52,653 log 89752 6186725376 Unauthorized: /api/transactions/transactions/
WARNING 2026-06-10 07:58:52,655 log 89752 6169899008 Unauthorized: /api/users/profile/
WARNING 2026-06-10 07:58:52,659 log 89752 6152499200 Unauthorized: /api/users/profile/
WARNING 2026-06-10 07:58:52,659 log 89752 6169899008 Unauthorized: /api/transactions/transactions/
WARNING 2026-06-10 07:58:52,661 log 89752 6186725376 Unauthorized: /api/users/profile/
WARNING 2026-06-10 07:58:52,666 log 89752 6203551744 Unauthorized: /api/users/profile/
WARNING 2026-06-10 07:58:52,672 log 89752 6203551744 Unauthorized: /api/transactions/transactions/
ERROR 2026-06-10 07:58:52,748 log 89752 6186725376 Internal Server Error: /api/users/refresh-token
Traceback (most recent call last):
  File "/Users/grizzly/.pyenv/versions/mt/lib/python3.12/site-packages/django/core/handlers/exception.py", line 55, in inner
    response = get_response(request)
               ^^^^^^^^^^^^^^^^^^^^^
  File "/Users/grizzly/.pyenv/versions/mt/lib/python3.12/site-packages/django/utils/deprecation.py", line 311, in __call__
    response = self.process_response(request, response)
               ^^^^^^^^^^^^^^^^^^^^^^^^^^^^^^^^^^^^^^^^
  File "/Users/grizzly/.pyenv/versions/mt/lib/python3.12/site-packages/django/middleware/common.py", line 109, in process_response
    self.get_full_path_with_slash(request)
  File "/Users/grizzly/.pyenv/versions/mt/lib/python3.12/site-packages/django/middleware/common.py", line 87, in get_full_path_with_slash
    raise RuntimeError(
RuntimeError: You called this URL via POST, but the URL doesn't end in a slash and you have APPEND_SLASH set. Django can't redirect to the slash URL while maintaining POST data. Change your form to point to localhost:8000/api/users/refresh-token/ (note the trailing slash), or set APPEND_SLASH=False in your Django settings.
ERROR 2026-06-10 07:58:52,748 log 89752 6220378112 Internal Server Error: /api/users/refresh-token
Traceback (most recent call last):
  File "/Users/grizzly/.pyenv/versions/mt/lib/python3.12/site-packages/django/core/handlers/exception.py", line 55, in inner
    response = get_response(request)
               ^^^^^^^^^^^^^^^^^^^^^
  File "/Users/grizzly/.pyenv/versions/mt/lib/python3.12/site-packages/django/utils/deprecation.py", line 311, in __call__
    response = self.process_response(request, response)
               ^^^^^^^^^^^^^^^^^^^^^^^^^^^^^^^^^^^^^^^^
  File "/Users/grizzly/.pyenv/versions/mt/lib/python3.12/site-packages/django/middleware/common.py", line 109, in process_response
    self.get_full_path_with_slash(request)
  File "/Users/grizzly/.pyenv/versions/mt/lib/python3.12/site-packages/django/middleware/common.py", line 87, in get_full_path_with_slash
    raise RuntimeError(
RuntimeError: You called this URL via POST, but the URL doesn't end in a slash and you have APPEND_SLASH set. Django can't redirect to the slash URL while maintaining POST data. Change your form to point to localhost:8000/api/users/refresh-token/ (note the trailing slash), or set APPEND_SLASH=False in your Django settings.
ERROR 2026-06-10 07:58:52,762 log 89752 6152499200 Internal Server Error: /api/users/refresh-token
Traceback (most recent call last):
  File "/Users/grizzly/.pyenv/versions/mt/lib/python3.12/site-packages/django/core/handlers/exception.py", line 55, in inner
    response = get_response(request)
               ^^^^^^^^^^^^^^^^^^^^^
  File "/Users/grizzly/.pyenv/versions/mt/lib/python3.12/site-packages/django/utils/deprecation.py", line 311, in __call__
    response = self.process_response(request, response)
               ^^^^^^^^^^^^^^^^^^^^^^^^^^^^^^^^^^^^^^^^
  File "/Users/grizzly/.pyenv/versions/mt/lib/python3.12/site-packages/django/middleware/common.py", line 109, in process_response
    self.get_full_path_with_slash(request)
  File "/Users/grizzly/.pyenv/versions/mt/lib/python3.12/site-packages/django/middleware/common.py", line 87, in get_full_path_with_slash
    raise RuntimeError(
RuntimeError: You called this URL via POST, but the URL doesn't end in a slash and you have APPEND_SLASH set. Django can't redirect to the slash URL while maintaining POST data. Change your form to point to localhost:8000/api/users/refresh-token/ (note the trailing slash), or set APPEND_SLASH=False in your Django settings.
ERROR 2026-06-10 07:58:52,764 log 89752 6135672832 Internal Server Error: /api/users/refresh-token
Traceback (most recent call last):
  File "/Users/grizzly/.pyenv/versions/mt/lib/python3.12/site-packages/django/core/handlers/exception.py", line 55, in inner
    response = get_response(request)
               ^^^^^^^^^^^^^^^^^^^^^
  File "/Users/grizzly/.pyenv/versions/mt/lib/python3.12/site-packages/django/utils/deprecation.py", line 311, in __call__
    response = self.process_response(request, response)
               ^^^^^^^^^^^^^^^^^^^^^^^^^^^^^^^^^^^^^^^^
  File "/Users/grizzly/.pyenv/versions/mt/lib/python3.12/site-packages/django/middleware/common.py", line 109, in process_response
    self.get_full_path_with_slash(request)
  File "/Users/grizzly/.pyenv/versions/mt/lib/python3.12/site-packages/django/middleware/common.py", line 87, in get_full_path_with_slash
    raise RuntimeError(
RuntimeError: You called this URL via POST, but the URL doesn't end in a slash and you have APPEND_SLASH set. Django can't redirect to the slash URL while maintaining POST data. Change your form to point to localhost:8000/api/users/refresh-token/ (note the trailing slash), or set APPEND_SLASH=False in your Django settings.
ERROR 2026-06-10 07:58:52,770 log 89752 6169899008 Internal Server Error: /api/users/refresh-token
Traceback (most recent call last):
  File "/Users/grizzly/.pyenv/versions/mt/lib/python3.12/site-packages/django/core/handlers/exception.py", line 55, in inner
    response = get_response(request)
               ^^^^^^^^^^^^^^^^^^^^^
  File "/Users/grizzly/.pyenv/versions/mt/lib/python3.12/site-packages/django/utils/deprecation.py", line 311, in __call__
    response = self.process_response(request, response)
               ^^^^^^^^^^^^^^^^^^^^^^^^^^^^^^^^^^^^^^^^
  File "/Users/grizzly/.pyenv/versions/mt/lib/python3.12/site-packages/django/middleware/common.py", line 109, in process_response
    self.get_full_path_with_slash(request)
  File "/Users/grizzly/.pyenv/versions/mt/lib/python3.12/site-packages/django/middleware/common.py", line 87, in get_full_path_with_slash
    raise RuntimeError(
RuntimeError: You called this URL via POST, but the URL doesn't end in a slash and you have APPEND_SLASH set. Django can't redirect to the slash URL while maintaining POST data. Change your form to point to localhost:8000/api/users/refresh-token/ (note the trailing slash), or set APPEND_SLASH=False in your Django settings.
ERROR 2026-06-10 07:58:52,779 log 89752 6203551744 Internal Server Error: /api/users/refresh-token
Traceback (most recent call last):
  File "/Users/grizzly/.pyenv/versions/mt/lib/python3.12/site-packages/django/core/handlers/exception.py", line 55, in inner
    response = get_response(request)
               ^^^^^^^^^^^^^^^^^^^^^
  File "/Users/grizzly/.pyenv/versions/mt/lib/python3.12/site-packages/django/utils/deprecation.py", line 311, in __call__
    response = self.process_response(request, response)
               ^^^^^^^^^^^^^^^^^^^^^^^^^^^^^^^^^^^^^^^^
  File "/Users/grizzly/.pyenv/versions/mt/lib/python3.12/site-packages/django/middleware/common.py", line 109, in process_response
    self.get_full_path_with_slash(request)
  File "/Users/grizzly/.pyenv/versions/mt/lib/python3.12/site-packages/django/middleware/common.py", line 87, in get_full_path_with_slash
    raise RuntimeError(
RuntimeError: You called this URL via POST, but the URL doesn't end in a slash and you have APPEND_SLASH set. Django can't redirect to the slash URL while maintaining POST data. Change your form to point to localhost:8000/api/users/refresh-token/ (note the trailing slash), or set APPEND_SLASH=False in your Django settings.
WARNING 2026-06-10 07:58:52,783 log 89752 6220378112 Unauthorized: /api/transactions/transactions/
ERROR 2026-06-10 07:58:52,805 log 89752 6135672832 Internal Server Error: /api/users/refresh-token
Traceback (most recent call last):
  File "/Users/grizzly/.pyenv/versions/mt/lib/python3.12/site-packages/django/core/handlers/exception.py", line 55, in inner
    response = get_response(request)
               ^^^^^^^^^^^^^^^^^^^^^
  File "/Users/grizzly/.pyenv/versions/mt/lib/python3.12/site-packages/django/utils/deprecation.py", line 311, in __call__
    response = self.process_response(request, response)
               ^^^^^^^^^^^^^^^^^^^^^^^^^^^^^^^^^^^^^^^^
  File "/Users/grizzly/.pyenv/versions/mt/lib/python3.12/site-packages/django/middleware/common.py", line 109, in process_response
    self.get_full_path_with_slash(request)
  File "/Users/grizzly/.pyenv/versions/mt/lib/python3.12/site-packages/django/middleware/common.py", line 87, in get_full_path_with_slash
    raise RuntimeError(
RuntimeError: You called this URL via POST, but the URL doesn't end in a slash and you have APPEND_SLASH set. Django can't redirect to the slash URL while maintaining POST data. Change your form to point to localhost:8000/api/users/refresh-token/ (note the trailing slash), or set APPEND_SLASH=False in your Django settings.
ERROR 2026-06-10 07:58:52,811 log 89752 6220378112 Internal Server Error: /api/users/refresh-token
Traceback (most recent call last):
  File "/Users/grizzly/.pyenv/versions/mt/lib/python3.12/site-packages/django/core/handlers/exception.py", line 55, in inner
    response = get_response(request)
               ^^^^^^^^^^^^^^^^^^^^^
  File "/Users/grizzly/.pyenv/versions/mt/lib/python3.12/site-packages/django/utils/deprecation.py", line 311, in __call__
    response = self.process_response(request, response)
               ^^^^^^^^^^^^^^^^^^^^^^^^^^^^^^^^^^^^^^^^
  File "/Users/grizzly/.pyenv/versions/mt/lib/python3.12/site-packages/django/middleware/common.py", line 109, in process_response
    self.get_full_path_with_slash(request)
  File "/Users/grizzly/.pyenv/versions/mt/lib/python3.12/site-packages/django/middleware/common.py", line 87, in get_full_path_with_slash
    raise RuntimeError(
RuntimeError: You called this URL via POST, but the URL doesn't end in a slash and you have APPEND_SLASH set. Django can't redirect to the slash URL while maintaining POST data. Change your form to point to localhost:8000/api/users/refresh-token/ (note the trailing slash), or set APPEND_SLASH=False in your Django settings.
WARNING 2026-06-10 08:07:29,619 log 89752 6152499200 Unauthorized: /api/users/profile/
WARNING 2026-06-10 08:07:29,621 log 89752 6135672832 Unauthorized: /api/transactions/transactions/
WARNING 2026-06-10 08:07:29,631 log 89752 6135672832 Unauthorized: /api/transactions/transactions/
WARNING 2026-06-10 08:07:29,636 log 89752 6169899008 Unauthorized: /api/users/profile/
WARNING 2026-06-10 08:07:29,653 log 89752 6135672832 Unauthorized: /api/transactions/transactions/
WARNING 2026-06-10 08:07:29,658 log 89752 6203551744 Unauthorized: /api/users/profile/
WARNING 2026-06-10 08:07:29,671 log 89752 6169899008 Unauthorized: /api/transactions/transactions/
WARNING 2026-06-10 08:07:29,675 log 89752 6135672832 Unauthorized: /api/users/profile/
ERROR 2026-06-10 08:07:29,724 log 89752 6152499200 Internal Server Error: /api/users/refresh-token
Traceback (most recent call last):
  File "/Users/grizzly/.pyenv/versions/mt/lib/python3.12/site-packages/django/core/handlers/exception.py", line 55, in inner
    response = get_response(request)
               ^^^^^^^^^^^^^^^^^^^^^
  File "/Users/grizzly/.pyenv/versions/mt/lib/python3.12/site-packages/django/utils/deprecation.py", line 311, in __call__
    response = self.process_response(request, response)
               ^^^^^^^^^^^^^^^^^^^^^^^^^^^^^^^^^^^^^^^^
  File "/Users/grizzly/.pyenv/versions/mt/lib/python3.12/site-packages/django/middleware/common.py", line 109, in process_response
    self.get_full_path_with_slash(request)
  File "/Users/grizzly/.pyenv/versions/mt/lib/python3.12/site-packages/django/middleware/common.py", line 87, in get_full_path_with_slash
    raise RuntimeError(
RuntimeError: You called this URL via POST, but the URL doesn't end in a slash and you have APPEND_SLASH set. Django can't redirect to the slash URL while maintaining POST data. Change your form to point to localhost:8000/api/users/refresh-token/ (note the trailing slash), or set APPEND_SLASH=False in your Django settings.
ERROR 2026-06-10 08:07:29,738 log 89752 6169899008 Internal Server Error: /api/users/refresh-token
Traceback (most recent call last):
  File "/Users/grizzly/.pyenv/versions/mt/lib/python3.12/site-packages/django/core/handlers/exception.py", line 55, in inner
    response = get_response(request)
               ^^^^^^^^^^^^^^^^^^^^^
  File "/Users/grizzly/.pyenv/versions/mt/lib/python3.12/site-packages/django/utils/deprecation.py", line 311, in __call__
    response = self.process_response(request, response)
               ^^^^^^^^^^^^^^^^^^^^^^^^^^^^^^^^^^^^^^^^
  File "/Users/grizzly/.pyenv/versions/mt/lib/python3.12/site-packages/django/middleware/common.py", line 109, in process_response
    self.get_full_path_with_slash(request)
  File "/Users/grizzly/.pyenv/versions/mt/lib/python3.12/site-packages/django/middleware/common.py", line 87, in get_full_path_with_slash
    raise RuntimeError(
RuntimeError: You called this URL via POST, but the URL doesn't end in a slash and you have APPEND_SLASH set. Django can't redirect to the slash URL while maintaining POST data. Change your form to point to localhost:8000/api/users/refresh-token/ (note the trailing slash), or set APPEND_SLASH=False in your Django settings.
ERROR 2026-06-10 08:07:29,740 log 89752 6203551744 Internal Server Error: /api/users/refresh-token
Traceback (most recent call last):
  File "/Users/grizzly/.pyenv/versions/mt/lib/python3.12/site-packages/django/core/handlers/exception.py", line 55, in inner
    response = get_response(request)
               ^^^^^^^^^^^^^^^^^^^^^
  File "/Users/grizzly/.pyenv/versions/mt/lib/python3.12/site-packages/django/utils/deprecation.py", line 311, in __call__
    response = self.process_response(request, response)
               ^^^^^^^^^^^^^^^^^^^^^^^^^^^^^^^^^^^^^^^^
  File "/Users/grizzly/.pyenv/versions/mt/lib/python3.12/site-packages/django/middleware/common.py", line 109, in process_response
    self.get_full_path_with_slash(request)
  File "/Users/grizzly/.pyenv/versions/mt/lib/python3.12/site-packages/django/middleware/common.py", line 87, in get_full_path_with_slash
    raise RuntimeError(
RuntimeError: You called this URL via POST, but the URL doesn't end in a slash and you have APPEND_SLASH set. Django can't redirect to the slash URL while maintaining POST data. Change your form to point to localhost:8000/api/users/refresh-token/ (note the trailing slash), or set APPEND_SLASH=False in your Django settings.
ERROR 2026-06-10 08:07:29,755 log 89752 6220378112 Internal Server Error: /api/users/refresh-token
Traceback (most recent call last):
  File "/Users/grizzly/.pyenv/versions/mt/lib/python3.12/site-packages/django/core/handlers/exception.py", line 55, in inner
    response = get_response(request)
               ^^^^^^^^^^^^^^^^^^^^^
  File "/Users/grizzly/.pyenv/versions/mt/lib/python3.12/site-packages/django/utils/deprecation.py", line 311, in __call__
    response = self.process_response(request, response)
               ^^^^^^^^^^^^^^^^^^^^^^^^^^^^^^^^^^^^^^^^
  File "/Users/grizzly/.pyenv/versions/mt/lib/python3.12/site-packages/django/middleware/common.py", line 109, in process_response
    self.get_full_path_with_slash(request)
  File "/Users/grizzly/.pyenv/versions/mt/lib/python3.12/site-packages/django/middleware/common.py", line 87, in get_full_path_with_slash
    raise RuntimeError(
RuntimeError: You called this URL via POST, but the URL doesn't end in a slash and you have APPEND_SLASH set. Django can't redirect to the slash URL while maintaining POST data. Change your form to point to localhost:8000/api/users/refresh-token/ (note the trailing slash), or set APPEND_SLASH=False in your Django settings.
ERROR 2026-06-10 08:07:29,757 log 89752 6186725376 Internal Server Error: /api/users/refresh-token
Traceback (most recent call last):
  File "/Users/grizzly/.pyenv/versions/mt/lib/python3.12/site-packages/django/core/handlers/exception.py", line 55, in inner
    response = get_response(request)
               ^^^^^^^^^^^^^^^^^^^^^
  File "/Users/grizzly/.pyenv/versions/mt/lib/python3.12/site-packages/django/utils/deprecation.py", line 311, in __call__
    response = self.process_response(request, response)
               ^^^^^^^^^^^^^^^^^^^^^^^^^^^^^^^^^^^^^^^^
  File "/Users/grizzly/.pyenv/versions/mt/lib/python3.12/site-packages/django/middleware/common.py", line 109, in process_response
    self.get_full_path_with_slash(request)
  File "/Users/grizzly/.pyenv/versions/mt/lib/python3.12/site-packages/django/middleware/common.py", line 87, in get_full_path_with_slash
    raise RuntimeError(
RuntimeError: You called this URL via POST, but the URL doesn't end in a slash and you have APPEND_SLASH set. Django can't redirect to the slash URL while maintaining POST data. Change your form to point to localhost:8000/api/users/refresh-token/ (note the trailing slash), or set APPEND_SLASH=False in your Django settings.
ERROR 2026-06-10 08:07:29,765 log 89752 6135672832 Internal Server Error: /api/users/refresh-token
Traceback (most recent call last):
  File "/Users/grizzly/.pyenv/versions/mt/lib/python3.12/site-packages/django/core/handlers/exception.py", line 55, in inner
    response = get_response(request)
               ^^^^^^^^^^^^^^^^^^^^^
  File "/Users/grizzly/.pyenv/versions/mt/lib/python3.12/site-packages/django/utils/deprecation.py", line 311, in __call__
    response = self.process_response(request, response)
               ^^^^^^^^^^^^^^^^^^^^^^^^^^^^^^^^^^^^^^^^
  File "/Users/grizzly/.pyenv/versions/mt/lib/python3.12/site-packages/django/middleware/common.py", line 109, in process_response
    self.get_full_path_with_slash(request)
  File "/Users/grizzly/.pyenv/versions/mt/lib/python3.12/site-packages/django/middleware/common.py", line 87, in get_full_path_with_slash
    raise RuntimeError(
RuntimeError: You called this URL via POST, but the URL doesn't end in a slash and you have APPEND_SLASH set. Django can't redirect to the slash URL while maintaining POST data. Change your form to point to localhost:8000/api/users/refresh-token/ (note the trailing slash), or set APPEND_SLASH=False in your Django settings.
ERROR 2026-06-10 08:07:29,786 log 89752 6152499200 Internal Server Error: /api/users/refresh-token
Traceback (most recent call last):
  File "/Users/grizzly/.pyenv/versions/mt/lib/python3.12/site-packages/django/core/handlers/exception.py", line 55, in inner
    response = get_response(request)
               ^^^^^^^^^^^^^^^^^^^^^
  File "/Users/grizzly/.pyenv/versions/mt/lib/python3.12/site-packages/django/utils/deprecation.py", line 311, in __call__
    response = self.process_response(request, response)
               ^^^^^^^^^^^^^^^^^^^^^^^^^^^^^^^^^^^^^^^^
  File "/Users/grizzly/.pyenv/versions/mt/lib/python3.12/site-packages/django/middleware/common.py", line 109, in process_response
    self.get_full_path_with_slash(request)
  File "/Users/grizzly/.pyenv/versions/mt/lib/python3.12/site-packages/django/middleware/common.py", line 87, in get_full_path_with_slash
    raise RuntimeError(
RuntimeError: You called this URL via POST, but the URL doesn't end in a slash and you have APPEND_SLASH set. Django can't redirect to the slash URL while maintaining POST data. Change your form to point to localhost:8000/api/users/refresh-token/ (note the trailing slash), or set APPEND_SLASH=False in your Django settings.
ERROR 2026-06-10 08:07:29,796 log 89752 6169899008 Internal Server Error: /api/users/refresh-token
Traceback (most recent call last):
  File "/Users/grizzly/.pyenv/versions/mt/lib/python3.12/site-packages/django/core/handlers/exception.py", line 55, in inner
    response = get_response(request)
               ^^^^^^^^^^^^^^^^^^^^^
  File "/Users/grizzly/.pyenv/versions/mt/lib/python3.12/site-packages/django/utils/deprecation.py", line 311, in __call__
    response = self.process_response(request, response)
               ^^^^^^^^^^^^^^^^^^^^^^^^^^^^^^^^^^^^^^^^
  File "/Users/grizzly/.pyenv/versions/mt/lib/python3.12/site-packages/django/middleware/common.py", line 109, in process_response
    self.get_full_path_with_slash(request)
  File "/Users/grizzly/.pyenv/versions/mt/lib/python3.12/site-packages/django/middleware/common.py", line 87, in get_full_path_with_slash
    raise RuntimeError(
RuntimeError: You called this URL via POST, but the URL doesn't end in a slash and you have APPEND_SLASH set. Django can't redirect to the slash URL while maintaining POST data. Change your form to point to localhost:8000/api/users/refresh-token/ (note the trailing slash), or set APPEND_SLASH=False in your Django settings.
WARNING 2026-06-10 12:09:53,119 log 89752 6186725376 Unauthorized: /api/users/profile/
WARNING 2026-06-10 12:09:53,121 log 89752 6169899008 Unauthorized: /api/transactions/transactions/
WARNING 2026-06-10 12:09:53,129 log 89752 6220378112 Unauthorized: /api/transactions/transactions/
WARNING 2026-06-10 12:09:53,130 log 89752 6152499200 Unauthorized: /api/users/profile/
WARNING 2026-06-10 12:09:53,136 log 89752 6203551744 Unauthorized: /api/transactions/transactions/
WARNING 2026-06-10 12:09:53,139 log 89752 6220378112 Unauthorized: /api/users/profile/
WARNING 2026-06-10 12:09:53,150 log 89752 6220378112 Unauthorized: /api/users/profile/
WARNING 2026-06-10 12:09:53,155 log 89752 6203551744 Unauthorized: /api/transactions/transactions/
ERROR 2026-06-10 12:09:53,195 log 89752 6186725376 Internal Server Error: /api/users/refresh-token
Traceback (most recent call last):
  File "/Users/grizzly/.pyenv/versions/mt/lib/python3.12/site-packages/django/core/handlers/exception.py", line 55, in inner
    response = get_response(request)
               ^^^^^^^^^^^^^^^^^^^^^
  File "/Users/grizzly/.pyenv/versions/mt/lib/python3.12/site-packages/django/utils/deprecation.py", line 311, in __call__
    response = self.process_response(request, response)
               ^^^^^^^^^^^^^^^^^^^^^^^^^^^^^^^^^^^^^^^^
  File "/Users/grizzly/.pyenv/versions/mt/lib/python3.12/site-packages/django/middleware/common.py", line 109, in process_response
    self.get_full_path_with_slash(request)
  File "/Users/grizzly/.pyenv/versions/mt/lib/python3.12/site-packages/django/middleware/common.py", line 87, in get_full_path_with_slash
    raise RuntimeError(
RuntimeError: You called this URL via POST, but the URL doesn't end in a slash and you have APPEND_SLASH set. Django can't redirect to the slash URL while maintaining POST data. Change your form to point to localhost:8000/api/users/refresh-token/ (note the trailing slash), or set APPEND_SLASH=False in your Django settings.
ERROR 2026-06-10 12:09:53,202 log 89752 6135672832 Internal Server Error: /api/users/refresh-token
Traceback (most recent call last):
  File "/Users/grizzly/.pyenv/versions/mt/lib/python3.12/site-packages/django/core/handlers/exception.py", line 55, in inner
    response = get_response(request)
               ^^^^^^^^^^^^^^^^^^^^^
  File "/Users/grizzly/.pyenv/versions/mt/lib/python3.12/site-packages/django/utils/deprecation.py", line 311, in __call__
    response = self.process_response(request, response)
               ^^^^^^^^^^^^^^^^^^^^^^^^^^^^^^^^^^^^^^^^
  File "/Users/grizzly/.pyenv/versions/mt/lib/python3.12/site-packages/django/middleware/common.py", line 109, in process_response
    self.get_full_path_with_slash(request)
  File "/Users/grizzly/.pyenv/versions/mt/lib/python3.12/site-packages/django/middleware/common.py", line 87, in get_full_path_with_slash
    raise RuntimeError(
RuntimeError: You called this URL via POST, but the URL doesn't end in a slash and you have APPEND_SLASH set. Django can't redirect to the slash URL while maintaining POST data. Change your form to point to localhost:8000/api/users/refresh-token/ (note the trailing slash), or set APPEND_SLASH=False in your Django settings.
ERROR 2026-06-10 12:09:53,208 log 89752 6220378112 Internal Server Error: /api/users/refresh-token
Traceback (most recent call last):
  File "/Users/grizzly/.pyenv/versions/mt/lib/python3.12/site-packages/django/core/handlers/exception.py", line 55, in inner
    response = get_response(request)
               ^^^^^^^^^^^^^^^^^^^^^
  File "/Users/grizzly/.pyenv/versions/mt/lib/python3.12/site-packages/django/utils/deprecation.py", line 311, in __call__
    response = self.process_response(request, response)
               ^^^^^^^^^^^^^^^^^^^^^^^^^^^^^^^^^^^^^^^^
  File "/Users/grizzly/.pyenv/versions/mt/lib/python3.12/site-packages/django/middleware/common.py", line 109, in process_response
    self.get_full_path_with_slash(request)
  File "/Users/grizzly/.pyenv/versions/mt/lib/python3.12/site-packages/django/middleware/common.py", line 87, in get_full_path_with_slash
    raise RuntimeError(
RuntimeError: You called this URL via POST, but the URL doesn't end in a slash and you have APPEND_SLASH set. Django can't redirect to the slash URL while maintaining POST data. Change your form to point to localhost:8000/api/users/refresh-token/ (note the trailing slash), or set APPEND_SLASH=False in your Django settings.
ERROR 2026-06-10 12:09:53,214 log 89752 6169899008 Internal Server Error: /api/users/refresh-token
Traceback (most recent call last):
  File "/Users/grizzly/.pyenv/versions/mt/lib/python3.12/site-packages/django/core/handlers/exception.py", line 55, in inner
    response = get_response(request)
               ^^^^^^^^^^^^^^^^^^^^^
  File "/Users/grizzly/.pyenv/versions/mt/lib/python3.12/site-packages/django/utils/deprecation.py", line 311, in __call__
    response = self.process_response(request, response)
               ^^^^^^^^^^^^^^^^^^^^^^^^^^^^^^^^^^^^^^^^
  File "/Users/grizzly/.pyenv/versions/mt/lib/python3.12/site-packages/django/middleware/common.py", line 109, in process_response
    self.get_full_path_with_slash(request)
  File "/Users/grizzly/.pyenv/versions/mt/lib/python3.12/site-packages/django/middleware/common.py", line 87, in get_full_path_with_slash
    raise RuntimeError(
RuntimeError: You called this URL via POST, but the URL doesn't end in a slash and you have APPEND_SLASH set. Django can't redirect to the slash URL while maintaining POST data. Change your form to point to localhost:8000/api/users/refresh-token/ (note the trailing slash), or set APPEND_SLASH=False in your Django settings.
ERROR 2026-06-10 12:09:53,220 log 89752 6152499200 Internal Server Error: /api/users/refresh-token
Traceback (most recent call last):
  File "/Users/grizzly/.pyenv/versions/mt/lib/python3.12/site-packages/django/core/handlers/exception.py", line 55, in inner
    response = get_response(request)
               ^^^^^^^^^^^^^^^^^^^^^
  File "/Users/grizzly/.pyenv/versions/mt/lib/python3.12/site-packages/django/utils/deprecation.py", line 311, in __call__
    response = self.process_response(request, response)
               ^^^^^^^^^^^^^^^^^^^^^^^^^^^^^^^^^^^^^^^^
  File "/Users/grizzly/.pyenv/versions/mt/lib/python3.12/site-packages/django/middleware/common.py", line 109, in process_response
    self.get_full_path_with_slash(request)
  File "/Users/grizzly/.pyenv/versions/mt/lib/python3.12/site-packages/django/middleware/common.py", line 87, in get_full_path_with_slash
    raise RuntimeError(
RuntimeError: You called this URL via POST, but the URL doesn't end in a slash and you have APPEND_SLASH set. Django can't redirect to the slash URL while maintaining POST data. Change your form to point to localhost:8000/api/users/refresh-token/ (note the trailing slash), or set APPEND_SLASH=False in your Django settings.
ERROR 2026-06-10 12:09:53,226 log 89752 6203551744 Internal Server Error: /api/users/refresh-token
Traceback (most recent call last):
  File "/Users/grizzly/.pyenv/versions/mt/lib/python3.12/site-packages/django/core/handlers/exception.py", line 55, in inner
    response = get_response(request)
               ^^^^^^^^^^^^^^^^^^^^^
  File "/Users/grizzly/.pyenv/versions/mt/lib/python3.12/site-packages/django/utils/deprecation.py", line 311, in __call__
    response = self.process_response(request, response)
               ^^^^^^^^^^^^^^^^^^^^^^^^^^^^^^^^^^^^^^^^
  File "/Users/grizzly/.pyenv/versions/mt/lib/python3.12/site-packages/django/middleware/common.py", line 109, in process_response
    self.get_full_path_with_slash(request)
  File "/Users/grizzly/.pyenv/versions/mt/lib/python3.12/site-packages/django/middleware/common.py", line 87, in get_full_path_with_slash
    raise RuntimeError(
RuntimeError: You called this URL via POST, but the URL doesn't end in a slash and you have APPEND_SLASH set. Django can't redirect to the slash URL while maintaining POST data. Change your form to point to localhost:8000/api/users/refresh-token/ (note the trailing slash), or set APPEND_SLASH=False in your Django settings.
ERROR 2026-06-10 12:09:53,252 log 89752 6152499200 Internal Server Error: /api/users/refresh-token
Traceback (most recent call last):
  File "/Users/grizzly/.pyenv/versions/mt/lib/python3.12/site-packages/django/core/handlers/exception.py", line 55, in inner
    response = get_response(request)
               ^^^^^^^^^^^^^^^^^^^^^
  File "/Users/grizzly/.pyenv/versions/mt/lib/python3.12/site-packages/django/utils/deprecation.py", line 311, in __call__
    response = self.process_response(request, response)
               ^^^^^^^^^^^^^^^^^^^^^^^^^^^^^^^^^^^^^^^^
  File "/Users/grizzly/.pyenv/versions/mt/lib/python3.12/site-packages/django/middleware/common.py", line 109, in process_response
    self.get_full_path_with_slash(request)
  File "/Users/grizzly/.pyenv/versions/mt/lib/python3.12/site-packages/django/middleware/common.py", line 87, in get_full_path_with_slash
    raise RuntimeError(
RuntimeError: You called this URL via POST, but the URL doesn't end in a slash and you have APPEND_SLASH set. Django can't redirect to the slash URL while maintaining POST data. Change your form to point to localhost:8000/api/users/refresh-token/ (note the trailing slash), or set APPEND_SLASH=False in your Django settings.
ERROR 2026-06-10 12:09:53,258 log 89752 6135672832 Internal Server Error: /api/users/refresh-token
Traceback (most recent call last):
  File "/Users/grizzly/.pyenv/versions/mt/lib/python3.12/site-packages/django/core/handlers/exception.py", line 55, in inner
    response = get_response(request)
               ^^^^^^^^^^^^^^^^^^^^^
  File "/Users/grizzly/.pyenv/versions/mt/lib/python3.12/site-packages/django/utils/deprecation.py", line 311, in __call__
    response = self.process_response(request, response)
               ^^^^^^^^^^^^^^^^^^^^^^^^^^^^^^^^^^^^^^^^
  File "/Users/grizzly/.pyenv/versions/mt/lib/python3.12/site-packages/django/middleware/common.py", line 109, in process_response
    self.get_full_path_with_slash(request)
  File "/Users/grizzly/.pyenv/versions/mt/lib/python3.12/site-packages/django/middleware/common.py", line 87, in get_full_path_with_slash
    raise RuntimeError(
RuntimeError: You called this URL via POST, but the URL doesn't end in a slash and you have APPEND_SLASH set. Django can't redirect to the slash URL while maintaining POST data. Change your form to point to localhost:8000/api/users/refresh-token/ (note the trailing slash), or set APPEND_SLASH=False in your Django settings.
WARNING 2026-06-10 13:38:31,696 log 89752 6135672832 Unauthorized: /api/transactions/transactions/
WARNING 2026-06-10 13:38:31,698 log 89752 6152499200 Unauthorized: /api/users/profile/
WARNING 2026-06-10 13:38:31,705 log 89752 6135672832 Unauthorized: /api/transactions/transactions/
WARNING 2026-06-10 13:38:31,707 log 89752 6152499200 Unauthorized: /api/users/profile/
WARNING 2026-06-10 13:38:31,728 log 89752 6152499200 Unauthorized: /api/users/profile/
WARNING 2026-06-10 13:38:31,745 log 89752 6203551744 Unauthorized: /api/transactions/transactions/
WARNING 2026-06-10 13:38:31,746 log 89752 6152499200 Unauthorized: /api/users/profile/
ERROR 2026-06-10 13:38:31,788 log 89752 6135672832 Internal Server Error: /api/users/refresh-token
Traceback (most recent call last):
  File "/Users/grizzly/.pyenv/versions/mt/lib/python3.12/site-packages/django/core/handlers/exception.py", line 55, in inner
    response = get_response(request)
               ^^^^^^^^^^^^^^^^^^^^^
  File "/Users/grizzly/.pyenv/versions/mt/lib/python3.12/site-packages/django/utils/deprecation.py", line 311, in __call__
    response = self.process_response(request, response)
               ^^^^^^^^^^^^^^^^^^^^^^^^^^^^^^^^^^^^^^^^
  File "/Users/grizzly/.pyenv/versions/mt/lib/python3.12/site-packages/django/middleware/common.py", line 109, in process_response
    self.get_full_path_with_slash(request)
  File "/Users/grizzly/.pyenv/versions/mt/lib/python3.12/site-packages/django/middleware/common.py", line 87, in get_full_path_with_slash
    raise RuntimeError(
RuntimeError: You called this URL via POST, but the URL doesn't end in a slash and you have APPEND_SLASH set. Django can't redirect to the slash URL while maintaining POST data. Change your form to point to localhost:8000/api/users/refresh-token/ (note the trailing slash), or set APPEND_SLASH=False in your Django settings.
ERROR 2026-06-10 13:38:31,791 log 89752 6169899008 Internal Server Error: /api/users/refresh-token
Traceback (most recent call last):
  File "/Users/grizzly/.pyenv/versions/mt/lib/python3.12/site-packages/django/core/handlers/exception.py", line 55, in inner
    response = get_response(request)
               ^^^^^^^^^^^^^^^^^^^^^
  File "/Users/grizzly/.pyenv/versions/mt/lib/python3.12/site-packages/django/utils/deprecation.py", line 311, in __call__
    response = self.process_response(request, response)
               ^^^^^^^^^^^^^^^^^^^^^^^^^^^^^^^^^^^^^^^^
  File "/Users/grizzly/.pyenv/versions/mt/lib/python3.12/site-packages/django/middleware/common.py", line 109, in process_response
    self.get_full_path_with_slash(request)
  File "/Users/grizzly/.pyenv/versions/mt/lib/python3.12/site-packages/django/middleware/common.py", line 87, in get_full_path_with_slash
    raise RuntimeError(
RuntimeError: You called this URL via POST, but the URL doesn't end in a slash and you have APPEND_SLASH set. Django can't redirect to the slash URL while maintaining POST data. Change your form to point to localhost:8000/api/users/refresh-token/ (note the trailing slash), or set APPEND_SLASH=False in your Django settings.
WARNING 2026-06-10 13:38:31,792 log 89752 6152499200 Unauthorized: /api/transactions/transactions/
ERROR 2026-06-10 13:38:31,897 log 89752 6186725376 Internal Server Error: /api/users/refresh-token
Traceback (most recent call last):
  File "/Users/grizzly/.pyenv/versions/mt/lib/python3.12/site-packages/django/core/handlers/exception.py", line 55, in inner
    response = get_response(request)
               ^^^^^^^^^^^^^^^^^^^^^
  File "/Users/grizzly/.pyenv/versions/mt/lib/python3.12/site-packages/django/utils/deprecation.py", line 311, in __call__
    response = self.process_response(request, response)
               ^^^^^^^^^^^^^^^^^^^^^^^^^^^^^^^^^^^^^^^^
  File "/Users/grizzly/.pyenv/versions/mt/lib/python3.12/site-packages/django/middleware/common.py", line 109, in process_response
    self.get_full_path_with_slash(request)
  File "/Users/grizzly/.pyenv/versions/mt/lib/python3.12/site-packages/django/middleware/common.py", line 87, in get_full_path_with_slash
    raise RuntimeError(
RuntimeError: You called this URL via POST, but the URL doesn't end in a slash and you have APPEND_SLASH set. Django can't redirect to the slash URL while maintaining POST data. Change your form to point to localhost:8000/api/users/refresh-token/ (note the trailing slash), or set APPEND_SLASH=False in your Django settings.
ERROR 2026-06-10 13:38:31,907 log 89752 6220378112 Internal Server Error: /api/users/refresh-token
Traceback (most recent call last):
  File "/Users/grizzly/.pyenv/versions/mt/lib/python3.12/site-packages/django/core/handlers/exception.py", line 55, in inner
    response = get_response(request)
               ^^^^^^^^^^^^^^^^^^^^^
  File "/Users/grizzly/.pyenv/versions/mt/lib/python3.12/site-packages/django/utils/deprecation.py", line 311, in __call__
    response = self.process_response(request, response)
               ^^^^^^^^^^^^^^^^^^^^^^^^^^^^^^^^^^^^^^^^
  File "/Users/grizzly/.pyenv/versions/mt/lib/python3.12/site-packages/django/middleware/common.py", line 109, in process_response
    self.get_full_path_with_slash(request)
  File "/Users/grizzly/.pyenv/versions/mt/lib/python3.12/site-packages/django/middleware/common.py", line 87, in get_full_path_with_slash
    raise RuntimeError(
RuntimeError: You called this URL via POST, but the URL doesn't end in a slash and you have APPEND_SLASH set. Django can't redirect to the slash URL while maintaining POST data. Change your form to point to localhost:8000/api/users/refresh-token/ (note the trailing slash), or set APPEND_SLASH=False in your Django settings.
ERROR 2026-06-10 13:38:31,914 log 89752 6203551744 Internal Server Error: /api/users/refresh-token
Traceback (most recent call last):
  File "/Users/grizzly/.pyenv/versions/mt/lib/python3.12/site-packages/django/core/handlers/exception.py", line 55, in inner
    response = get_response(request)
               ^^^^^^^^^^^^^^^^^^^^^
  File "/Users/grizzly/.pyenv/versions/mt/lib/python3.12/site-packages/django/utils/deprecation.py", line 311, in __call__
    response = self.process_response(request, response)
               ^^^^^^^^^^^^^^^^^^^^^^^^^^^^^^^^^^^^^^^^
  File "/Users/grizzly/.pyenv/versions/mt/lib/python3.12/site-packages/django/middleware/common.py", line 109, in process_response
    self.get_full_path_with_slash(request)
  File "/Users/grizzly/.pyenv/versions/mt/lib/python3.12/site-packages/django/middleware/common.py", line 87, in get_full_path_with_slash
    raise RuntimeError(
RuntimeError: You called this URL via POST, but the URL doesn't end in a slash and you have APPEND_SLASH set. Django can't redirect to the slash URL while maintaining POST data. Change your form to point to localhost:8000/api/users/refresh-token/ (note the trailing slash), or set APPEND_SLASH=False in your Django settings.
ERROR 2026-06-10 13:38:31,943 log 89752 6237204480 Internal Server Error: /api/users/refresh-token
Traceback (most recent call last):
  File "/Users/grizzly/.pyenv/versions/mt/lib/python3.12/site-packages/django/core/handlers/exception.py", line 55, in inner
    response = get_response(request)
               ^^^^^^^^^^^^^^^^^^^^^
  File "/Users/grizzly/.pyenv/versions/mt/lib/python3.12/site-packages/django/utils/deprecation.py", line 311, in __call__
    response = self.process_response(request, response)
               ^^^^^^^^^^^^^^^^^^^^^^^^^^^^^^^^^^^^^^^^
  File "/Users/grizzly/.pyenv/versions/mt/lib/python3.12/site-packages/django/middleware/common.py", line 109, in process_response
    self.get_full_path_with_slash(request)
  File "/Users/grizzly/.pyenv/versions/mt/lib/python3.12/site-packages/django/middleware/common.py", line 87, in get_full_path_with_slash
    raise RuntimeError(
RuntimeError: You called this URL via POST, but the URL doesn't end in a slash and you have APPEND_SLASH set. Django can't redirect to the slash URL while maintaining POST data. Change your form to point to localhost:8000/api/users/refresh-token/ (note the trailing slash), or set APPEND_SLASH=False in your Django settings.
ERROR 2026-06-10 13:38:31,951 log 89752 6152499200 Internal Server Error: /api/users/refresh-token
Traceback (most recent call last):
  File "/Users/grizzly/.pyenv/versions/mt/lib/python3.12/site-packages/django/core/handlers/exception.py", line 55, in inner
    response = get_response(request)
               ^^^^^^^^^^^^^^^^^^^^^
  File "/Users/grizzly/.pyenv/versions/mt/lib/python3.12/site-packages/django/utils/deprecation.py", line 311, in __call__
    response = self.process_response(request, response)
               ^^^^^^^^^^^^^^^^^^^^^^^^^^^^^^^^^^^^^^^^
  File "/Users/grizzly/.pyenv/versions/mt/lib/python3.12/site-packages/django/middleware/common.py", line 109, in process_response
    self.get_full_path_with_slash(request)
  File "/Users/grizzly/.pyenv/versions/mt/lib/python3.12/site-packages/django/middleware/common.py", line 87, in get_full_path_with_slash
    raise RuntimeError(
RuntimeError: You called this URL via POST, but the URL doesn't end in a slash and you have APPEND_SLASH set. Django can't redirect to the slash URL while maintaining POST data. Change your form to point to localhost:8000/api/users/refresh-token/ (note the trailing slash), or set APPEND_SLASH=False in your Django settings.
ERROR 2026-06-10 13:38:31,958 log 89752 6135672832 Internal Server Error: /api/users/refresh-token
Traceback (most recent call last):
  File "/Users/grizzly/.pyenv/versions/mt/lib/python3.12/site-packages/django/core/handlers/exception.py", line 55, in inner
    response = get_response(request)
               ^^^^^^^^^^^^^^^^^^^^^
  File "/Users/grizzly/.pyenv/versions/mt/lib/python3.12/site-packages/django/utils/deprecation.py", line 311, in __call__
    response = self.process_response(request, response)
               ^^^^^^^^^^^^^^^^^^^^^^^^^^^^^^^^^^^^^^^^
  File "/Users/grizzly/.pyenv/versions/mt/lib/python3.12/site-packages/django/middleware/common.py", line 109, in process_response
    self.get_full_path_with_slash(request)
  File "/Users/grizzly/.pyenv/versions/mt/lib/python3.12/site-packages/django/middleware/common.py", line 87, in get_full_path_with_slash
    raise RuntimeError(
RuntimeError: You called this URL via POST, but the URL doesn't end in a slash and you have APPEND_SLASH set. Django can't redirect to the slash URL while maintaining POST data. Change your form to point to localhost:8000/api/users/refresh-token/ (note the trailing slash), or set APPEND_SLASH=False in your Django settings.
WARNING 2026-06-10 13:40:33,788 log 89752 6152499200 Unauthorized: /api/users/profile/
WARNING 2026-06-10 13:40:33,789 log 89752 6135672832 Unauthorized: /api/transactions/transactions/
WARNING 2026-06-10 13:40:33,794 log 89752 6152499200 Unauthorized: /api/users/profile/
WARNING 2026-06-10 13:40:33,794 log 89752 6135672832 Unauthorized: /api/transactions/transactions/
WARNING 2026-06-10 13:40:33,798 log 89752 6169899008 Unauthorized: /api/users/profile/
WARNING 2026-06-10 13:40:33,798 log 89752 6186725376 Unauthorized: /api/transactions/transactions/
WARNING 2026-06-10 13:40:33,801 log 89752 6135672832 Unauthorized: /api/users/profile/
WARNING 2026-06-10 13:40:33,803 log 89752 6152499200 Unauthorized: /api/transactions/transactions/
ERROR 2026-06-10 13:40:33,858 log 89752 6203551744 Internal Server Error: /api/users/refresh-token
Traceback (most recent call last):
  File "/Users/grizzly/.pyenv/versions/mt/lib/python3.12/site-packages/django/core/handlers/exception.py", line 55, in inner
    response = get_response(request)
               ^^^^^^^^^^^^^^^^^^^^^
  File "/Users/grizzly/.pyenv/versions/mt/lib/python3.12/site-packages/django/utils/deprecation.py", line 311, in __call__
    response = self.process_response(request, response)
               ^^^^^^^^^^^^^^^^^^^^^^^^^^^^^^^^^^^^^^^^
  File "/Users/grizzly/.pyenv/versions/mt/lib/python3.12/site-packages/django/middleware/common.py", line 109, in process_response
    self.get_full_path_with_slash(request)
  File "/Users/grizzly/.pyenv/versions/mt/lib/python3.12/site-packages/django/middleware/common.py", line 87, in get_full_path_with_slash
    raise RuntimeError(
RuntimeError: You called this URL via POST, but the URL doesn't end in a slash and you have APPEND_SLASH set. Django can't redirect to the slash URL while maintaining POST data. Change your form to point to localhost:8000/api/users/refresh-token/ (note the trailing slash), or set APPEND_SLASH=False in your Django settings.
ERROR 2026-06-10 13:40:33,865 log 89752 6152499200 Internal Server Error: /api/users/refresh-token
Traceback (most recent call last):
  File "/Users/grizzly/.pyenv/versions/mt/lib/python3.12/site-packages/django/core/handlers/exception.py", line 55, in inner
    response = get_response(request)
               ^^^^^^^^^^^^^^^^^^^^^
  File "/Users/grizzly/.pyenv/versions/mt/lib/python3.12/site-packages/django/utils/deprecation.py", line 311, in __call__
    response = self.process_response(request, response)
               ^^^^^^^^^^^^^^^^^^^^^^^^^^^^^^^^^^^^^^^^
  File "/Users/grizzly/.pyenv/versions/mt/lib/python3.12/site-packages/django/middleware/common.py", line 109, in process_response
    self.get_full_path_with_slash(request)
  File "/Users/grizzly/.pyenv/versions/mt/lib/python3.12/site-packages/django/middleware/common.py", line 87, in get_full_path_with_slash
    raise RuntimeError(
RuntimeError: You called this URL via POST, but the URL doesn't end in a slash and you have APPEND_SLASH set. Django can't redirect to the slash URL while maintaining POST data. Change your form to point to localhost:8000/api/users/refresh-token/ (note the trailing slash), or set APPEND_SLASH=False in your Django settings.
ERROR 2026-06-10 13:40:33,874 log 89752 6186725376 Internal Server Error: /api/users/refresh-token
Traceback (most recent call last):
  File "/Users/grizzly/.pyenv/versions/mt/lib/python3.12/site-packages/django/core/handlers/exception.py", line 55, in inner
    response = get_response(request)
               ^^^^^^^^^^^^^^^^^^^^^
  File "/Users/grizzly/.pyenv/versions/mt/lib/python3.12/site-packages/django/utils/deprecation.py", line 311, in __call__
    response = self.process_response(request, response)
               ^^^^^^^^^^^^^^^^^^^^^^^^^^^^^^^^^^^^^^^^
  File "/Users/grizzly/.pyenv/versions/mt/lib/python3.12/site-packages/django/middleware/common.py", line 109, in process_response
    self.get_full_path_with_slash(request)
  File "/Users/grizzly/.pyenv/versions/mt/lib/python3.12/site-packages/django/middleware/common.py", line 87, in get_full_path_with_slash
    raise RuntimeError(
RuntimeError: You called this URL via POST, but the URL doesn't end in a slash and you have APPEND_SLASH set. Django can't redirect to the slash URL while maintaining POST data. Change your form to point to localhost:8000/api/users/refresh-token/ (note the trailing slash), or set APPEND_SLASH=False in your Django settings.
ERROR 2026-06-10 13:40:33,881 log 89752 6135672832 Internal Server Error: /api/users/refresh-token
Traceback (most recent call last):
  File "/Users/grizzly/.pyenv/versions/mt/lib/python3.12/site-packages/django/core/handlers/exception.py", line 55, in inner
    response = get_response(request)
               ^^^^^^^^^^^^^^^^^^^^^
  File "/Users/grizzly/.pyenv/versions/mt/lib/python3.12/site-packages/django/utils/deprecation.py", line 311, in __call__
    response = self.process_response(request, response)
               ^^^^^^^^^^^^^^^^^^^^^^^^^^^^^^^^^^^^^^^^
  File "/Users/grizzly/.pyenv/versions/mt/lib/python3.12/site-packages/django/middleware/common.py", line 109, in process_response
    self.get_full_path_with_slash(request)
  File "/Users/grizzly/.pyenv/versions/mt/lib/python3.12/site-packages/django/middleware/common.py", line 87, in get_full_path_with_slash
    raise RuntimeError(
RuntimeError: You called this URL via POST, but the URL doesn't end in a slash and you have APPEND_SLASH set. Django can't redirect to the slash URL while maintaining POST data. Change your form to point to localhost:8000/api/users/refresh-token/ (note the trailing slash), or set APPEND_SLASH=False in your Django settings.
ERROR 2026-06-10 13:40:33,887 log 89752 6169899008 Internal Server Error: /api/users/refresh-token
Traceback (most recent call last):
  File "/Users/grizzly/.pyenv/versions/mt/lib/python3.12/site-packages/django/core/handlers/exception.py", line 55, in inner
    response = get_response(request)
               ^^^^^^^^^^^^^^^^^^^^^
  File "/Users/grizzly/.pyenv/versions/mt/lib/python3.12/site-packages/django/utils/deprecation.py", line 311, in __call__
    response = self.process_response(request, response)
               ^^^^^^^^^^^^^^^^^^^^^^^^^^^^^^^^^^^^^^^^
  File "/Users/grizzly/.pyenv/versions/mt/lib/python3.12/site-packages/django/middleware/common.py", line 109, in process_response
    self.get_full_path_with_slash(request)
  File "/Users/grizzly/.pyenv/versions/mt/lib/python3.12/site-packages/django/middleware/common.py", line 87, in get_full_path_with_slash
    raise RuntimeError(
RuntimeError: You called this URL via POST, but the URL doesn't end in a slash and you have APPEND_SLASH set. Django can't redirect to the slash URL while maintaining POST data. Change your form to point to localhost:8000/api/users/refresh-token/ (note the trailing slash), or set APPEND_SLASH=False in your Django settings.
ERROR 2026-06-10 13:40:33,894 log 89752 6220378112 Internal Server Error: /api/users/refresh-token
Traceback (most recent call last):
  File "/Users/grizzly/.pyenv/versions/mt/lib/python3.12/site-packages/django/core/handlers/exception.py", line 55, in inner
    response = get_response(request)
               ^^^^^^^^^^^^^^^^^^^^^
  File "/Users/grizzly/.pyenv/versions/mt/lib/python3.12/site-packages/django/utils/deprecation.py", line 311, in __call__
    response = self.process_response(request, response)
               ^^^^^^^^^^^^^^^^^^^^^^^^^^^^^^^^^^^^^^^^
  File "/Users/grizzly/.pyenv/versions/mt/lib/python3.12/site-packages/django/middleware/common.py", line 109, in process_response
    self.get_full_path_with_slash(request)
  File "/Users/grizzly/.pyenv/versions/mt/lib/python3.12/site-packages/django/middleware/common.py", line 87, in get_full_path_with_slash
    raise RuntimeError(
RuntimeError: You called this URL via POST, but the URL doesn't end in a slash and you have APPEND_SLASH set. Django can't redirect to the slash URL while maintaining POST data. Change your form to point to localhost:8000/api/users/refresh-token/ (note the trailing slash), or set APPEND_SLASH=False in your Django settings.
ERROR 2026-06-10 13:40:33,925 log 89752 6152499200 Internal Server Error: /api/users/refresh-token
Traceback (most recent call last):
  File "/Users/grizzly/.pyenv/versions/mt/lib/python3.12/site-packages/django/core/handlers/exception.py", line 55, in inner
    response = get_response(request)
               ^^^^^^^^^^^^^^^^^^^^^
  File "/Users/grizzly/.pyenv/versions/mt/lib/python3.12/site-packages/django/utils/deprecation.py", line 311, in __call__
    response = self.process_response(request, response)
               ^^^^^^^^^^^^^^^^^^^^^^^^^^^^^^^^^^^^^^^^
  File "/Users/grizzly/.pyenv/versions/mt/lib/python3.12/site-packages/django/middleware/common.py", line 109, in process_response
    self.get_full_path_with_slash(request)
  File "/Users/grizzly/.pyenv/versions/mt/lib/python3.12/site-packages/django/middleware/common.py", line 87, in get_full_path_with_slash
    raise RuntimeError(
RuntimeError: You called this URL via POST, but the URL doesn't end in a slash and you have APPEND_SLASH set. Django can't redirect to the slash URL while maintaining POST data. Change your form to point to localhost:8000/api/users/refresh-token/ (note the trailing slash), or set APPEND_SLASH=False in your Django settings.
ERROR 2026-06-10 13:40:33,931 log 89752 6203551744 Internal Server Error: /api/users/refresh-token
Traceback (most recent call last):
  File "/Users/grizzly/.pyenv/versions/mt/lib/python3.12/site-packages/django/core/handlers/exception.py", line 55, in inner
    response = get_response(request)
               ^^^^^^^^^^^^^^^^^^^^^
  File "/Users/grizzly/.pyenv/versions/mt/lib/python3.12/site-packages/django/utils/deprecation.py", line 311, in __call__
    response = self.process_response(request, response)
               ^^^^^^^^^^^^^^^^^^^^^^^^^^^^^^^^^^^^^^^^
  File "/Users/grizzly/.pyenv/versions/mt/lib/python3.12/site-packages/django/middleware/common.py", line 109, in process_response
    self.get_full_path_with_slash(request)
  File "/Users/grizzly/.pyenv/versions/mt/lib/python3.12/site-packages/django/middleware/common.py", line 87, in get_full_path_with_slash
    raise RuntimeError(
RuntimeError: You called this URL via POST, but the URL doesn't end in a slash and you have APPEND_SLASH set. Django can't redirect to the slash URL while maintaining POST data. Change your form to point to localhost:8000/api/users/refresh-token/ (note the trailing slash), or set APPEND_SLASH=False in your Django settings.
WARNING 2026-06-10 13:42:15,308 log 89752 6135672832 Unauthorized: /api/transactions/transactions/
WARNING 2026-06-10 13:42:15,313 log 89752 6152499200 Unauthorized: /api/users/profile/
WARNING 2026-06-10 13:42:15,327 log 89752 6169899008 Unauthorized: /api/users/profile/
WARNING 2026-06-10 13:42:15,328 log 89752 6135672832 Unauthorized: /api/transactions/transactions/
WARNING 2026-06-10 13:42:15,332 log 89752 6152499200 Unauthorized: /api/users/profile/
WARNING 2026-06-10 13:42:15,333 log 89752 6186725376 Unauthorized: /api/transactions/transactions/
WARNING 2026-06-10 13:42:15,338 log 89752 6135672832 Unauthorized: /api/transactions/transactions/
WARNING 2026-06-10 13:42:15,341 log 89752 6169899008 Unauthorized: /api/users/profile/
ERROR 2026-06-10 13:42:15,391 log 89752 6169899008 Internal Server Error: /api/users/refresh-token
Traceback (most recent call last):
  File "/Users/grizzly/.pyenv/versions/mt/lib/python3.12/site-packages/django/core/handlers/exception.py", line 55, in inner
    response = get_response(request)
               ^^^^^^^^^^^^^^^^^^^^^
  File "/Users/grizzly/.pyenv/versions/mt/lib/python3.12/site-packages/django/utils/deprecation.py", line 311, in __call__
    response = self.process_response(request, response)
               ^^^^^^^^^^^^^^^^^^^^^^^^^^^^^^^^^^^^^^^^
  File "/Users/grizzly/.pyenv/versions/mt/lib/python3.12/site-packages/django/middleware/common.py", line 109, in process_response
    self.get_full_path_with_slash(request)
  File "/Users/grizzly/.pyenv/versions/mt/lib/python3.12/site-packages/django/middleware/common.py", line 87, in get_full_path_with_slash
    raise RuntimeError(
RuntimeError: You called this URL via POST, but the URL doesn't end in a slash and you have APPEND_SLASH set. Django can't redirect to the slash URL while maintaining POST data. Change your form to point to localhost:8000/api/users/refresh-token/ (note the trailing slash), or set APPEND_SLASH=False in your Django settings.
ERROR 2026-06-10 13:42:15,392 log 89752 6186725376 Internal Server Error: /api/users/refresh-token
Traceback (most recent call last):
  File "/Users/grizzly/.pyenv/versions/mt/lib/python3.12/site-packages/django/core/handlers/exception.py", line 55, in inner
    response = get_response(request)
               ^^^^^^^^^^^^^^^^^^^^^
  File "/Users/grizzly/.pyenv/versions/mt/lib/python3.12/site-packages/django/utils/deprecation.py", line 311, in __call__
    response = self.process_response(request, response)
               ^^^^^^^^^^^^^^^^^^^^^^^^^^^^^^^^^^^^^^^^
  File "/Users/grizzly/.pyenv/versions/mt/lib/python3.12/site-packages/django/middleware/common.py", line 109, in process_response
    self.get_full_path_with_slash(request)
  File "/Users/grizzly/.pyenv/versions/mt/lib/python3.12/site-packages/django/middleware/common.py", line 87, in get_full_path_with_slash
    raise RuntimeError(
RuntimeError: You called this URL via POST, but the URL doesn't end in a slash and you have APPEND_SLASH set. Django can't redirect to the slash URL while maintaining POST data. Change your form to point to localhost:8000/api/users/refresh-token/ (note the trailing slash), or set APPEND_SLASH=False in your Django settings.
ERROR 2026-06-10 13:42:15,399 log 89752 6220378112 Internal Server Error: /api/users/refresh-token
Traceback (most recent call last):
  File "/Users/grizzly/.pyenv/versions/mt/lib/python3.12/site-packages/django/core/handlers/exception.py", line 55, in inner
    response = get_response(request)
               ^^^^^^^^^^^^^^^^^^^^^
  File "/Users/grizzly/.pyenv/versions/mt/lib/python3.12/site-packages/django/utils/deprecation.py", line 311, in __call__
    response = self.process_response(request, response)
               ^^^^^^^^^^^^^^^^^^^^^^^^^^^^^^^^^^^^^^^^
  File "/Users/grizzly/.pyenv/versions/mt/lib/python3.12/site-packages/django/middleware/common.py", line 109, in process_response
    self.get_full_path_with_slash(request)
  File "/Users/grizzly/.pyenv/versions/mt/lib/python3.12/site-packages/django/middleware/common.py", line 87, in get_full_path_with_slash
    raise RuntimeError(
RuntimeError: You called this URL via POST, but the URL doesn't end in a slash and you have APPEND_SLASH set. Django can't redirect to the slash URL while maintaining POST data. Change your form to point to localhost:8000/api/users/refresh-token/ (note the trailing slash), or set APPEND_SLASH=False in your Django settings.
ERROR 2026-06-10 13:42:15,406 log 89752 6135672832 Internal Server Error: /api/users/refresh-token
Traceback (most recent call last):
  File "/Users/grizzly/.pyenv/versions/mt/lib/python3.12/site-packages/django/core/handlers/exception.py", line 55, in inner
    response = get_response(request)
               ^^^^^^^^^^^^^^^^^^^^^
  File "/Users/grizzly/.pyenv/versions/mt/lib/python3.12/site-packages/django/utils/deprecation.py", line 311, in __call__
    response = self.process_response(request, response)
               ^^^^^^^^^^^^^^^^^^^^^^^^^^^^^^^^^^^^^^^^
  File "/Users/grizzly/.pyenv/versions/mt/lib/python3.12/site-packages/django/middleware/common.py", line 109, in process_response
    self.get_full_path_with_slash(request)
  File "/Users/grizzly/.pyenv/versions/mt/lib/python3.12/site-packages/django/middleware/common.py", line 87, in get_full_path_with_slash
    raise RuntimeError(
RuntimeError: You called this URL via POST, but the URL doesn't end in a slash and you have APPEND_SLASH set. Django can't redirect to the slash URL while maintaining POST data. Change your form to point to localhost:8000/api/users/refresh-token/ (note the trailing slash), or set APPEND_SLASH=False in your Django settings.
ERROR 2026-06-10 13:42:15,413 log 89752 6152499200 Internal Server Error: /api/users/refresh-token
Traceback (most recent call last):
  File "/Users/grizzly/.pyenv/versions/mt/lib/python3.12/site-packages/django/core/handlers/exception.py", line 55, in inner
    response = get_response(request)
               ^^^^^^^^^^^^^^^^^^^^^
  File "/Users/grizzly/.pyenv/versions/mt/lib/python3.12/site-packages/django/utils/deprecation.py", line 311, in __call__
    response = self.process_response(request, response)
               ^^^^^^^^^^^^^^^^^^^^^^^^^^^^^^^^^^^^^^^^
  File "/Users/grizzly/.pyenv/versions/mt/lib/python3.12/site-packages/django/middleware/common.py", line 109, in process_response
    self.get_full_path_with_slash(request)
  File "/Users/grizzly/.pyenv/versions/mt/lib/python3.12/site-packages/django/middleware/common.py", line 87, in get_full_path_with_slash
    raise RuntimeError(
RuntimeError: You called this URL via POST, but the URL doesn't end in a slash and you have APPEND_SLASH set. Django can't redirect to the slash URL while maintaining POST data. Change your form to point to localhost:8000/api/users/refresh-token/ (note the trailing slash), or set APPEND_SLASH=False in your Django settings.
ERROR 2026-06-10 13:42:15,420 log 89752 6203551744 Internal Server Error: /api/users/refresh-token
Traceback (most recent call last):
  File "/Users/grizzly/.pyenv/versions/mt/lib/python3.12/site-packages/django/core/handlers/exception.py", line 55, in inner
    response = get_response(request)
               ^^^^^^^^^^^^^^^^^^^^^
  File "/Users/grizzly/.pyenv/versions/mt/lib/python3.12/site-packages/django/utils/deprecation.py", line 311, in __call__
    response = self.process_response(request, response)
               ^^^^^^^^^^^^^^^^^^^^^^^^^^^^^^^^^^^^^^^^
  File "/Users/grizzly/.pyenv/versions/mt/lib/python3.12/site-packages/django/middleware/common.py", line 109, in process_response
    self.get_full_path_with_slash(request)
  File "/Users/grizzly/.pyenv/versions/mt/lib/python3.12/site-packages/django/middleware/common.py", line 87, in get_full_path_with_slash
    raise RuntimeError(
RuntimeError: You called this URL via POST, but the URL doesn't end in a slash and you have APPEND_SLASH set. Django can't redirect to the slash URL while maintaining POST data. Change your form to point to localhost:8000/api/users/refresh-token/ (note the trailing slash), or set APPEND_SLASH=False in your Django settings.
ERROR 2026-06-10 13:42:15,445 log 89752 6186725376 Internal Server Error: /api/users/refresh-token
Traceback (most recent call last):
  File "/Users/grizzly/.pyenv/versions/mt/lib/python3.12/site-packages/django/core/handlers/exception.py", line 55, in inner
    response = get_response(request)
               ^^^^^^^^^^^^^^^^^^^^^
  File "/Users/grizzly/.pyenv/versions/mt/lib/python3.12/site-packages/django/utils/deprecation.py", line 311, in __call__
    response = self.process_response(request, response)
               ^^^^^^^^^^^^^^^^^^^^^^^^^^^^^^^^^^^^^^^^
  File "/Users/grizzly/.pyenv/versions/mt/lib/python3.12/site-packages/django/middleware/common.py", line 109, in process_response
    self.get_full_path_with_slash(request)
  File "/Users/grizzly/.pyenv/versions/mt/lib/python3.12/site-packages/django/middleware/common.py", line 87, in get_full_path_with_slash
    raise RuntimeError(
RuntimeError: You called this URL via POST, but the URL doesn't end in a slash and you have APPEND_SLASH set. Django can't redirect to the slash URL while maintaining POST data. Change your form to point to localhost:8000/api/users/refresh-token/ (note the trailing slash), or set APPEND_SLASH=False in your Django settings.
ERROR 2026-06-10 13:42:15,451 log 89752 6169899008 Internal Server Error: /api/users/refresh-token
Traceback (most recent call last):
  File "/Users/grizzly/.pyenv/versions/mt/lib/python3.12/site-packages/django/core/handlers/exception.py", line 55, in inner
    response = get_response(request)
               ^^^^^^^^^^^^^^^^^^^^^
  File "/Users/grizzly/.pyenv/versions/mt/lib/python3.12/site-packages/django/utils/deprecation.py", line 311, in __call__
    response = self.process_response(request, response)
               ^^^^^^^^^^^^^^^^^^^^^^^^^^^^^^^^^^^^^^^^
  File "/Users/grizzly/.pyenv/versions/mt/lib/python3.12/site-packages/django/middleware/common.py", line 109, in process_response
    self.get_full_path_with_slash(request)
  File "/Users/grizzly/.pyenv/versions/mt/lib/python3.12/site-packages/django/middleware/common.py", line 87, in get_full_path_with_slash
    raise RuntimeError(
RuntimeError: You called this URL via POST, but the URL doesn't end in a slash and you have APPEND_SLASH set. Django can't redirect to the slash URL while maintaining POST data. Change your form to point to localhost:8000/api/users/refresh-token/ (note the trailing slash), or set APPEND_SLASH=False in your Django settings.
WARNING 2026-06-10 15:00:15,826 log 89752 6135672832 Unauthorized: /api/transactions/transactions/
WARNING 2026-06-10 15:00:15,829 log 89752 6152499200 Unauthorized: /api/users/profile/
WARNING 2026-06-10 15:00:15,839 log 89752 6135672832 Unauthorized: /api/transactions/transactions/
WARNING 2026-06-10 15:00:15,842 log 89752 6169899008 Unauthorized: /api/users/profile/
WARNING 2026-06-10 15:00:15,855 log 89752 6135672832 Unauthorized: /api/users/profile/
WARNING 2026-06-10 15:00:15,867 log 89752 6152499200 Unauthorized: /api/transactions/transactions/
WARNING 2026-06-10 15:00:15,875 log 89752 6220378112 Unauthorized: /api/users/profile/
WARNING 2026-06-10 15:00:15,881 log 89752 6135672832 Unauthorized: /api/transactions/transactions/
ERROR 2026-06-10 15:00:15,929 log 89752 6186725376 Internal Server Error: /api/users/refresh-token
Traceback (most recent call last):
  File "/Users/grizzly/.pyenv/versions/mt/lib/python3.12/site-packages/django/core/handlers/exception.py", line 55, in inner
    response = get_response(request)
               ^^^^^^^^^^^^^^^^^^^^^
  File "/Users/grizzly/.pyenv/versions/mt/lib/python3.12/site-packages/django/utils/deprecation.py", line 311, in __call__
    response = self.process_response(request, response)
               ^^^^^^^^^^^^^^^^^^^^^^^^^^^^^^^^^^^^^^^^
  File "/Users/grizzly/.pyenv/versions/mt/lib/python3.12/site-packages/django/middleware/common.py", line 109, in process_response
    self.get_full_path_with_slash(request)
  File "/Users/grizzly/.pyenv/versions/mt/lib/python3.12/site-packages/django/middleware/common.py", line 87, in get_full_path_with_slash
    raise RuntimeError(
RuntimeError: You called this URL via POST, but the URL doesn't end in a slash and you have APPEND_SLASH set. Django can't redirect to the slash URL while maintaining POST data. Change your form to point to localhost:8000/api/users/refresh-token/ (note the trailing slash), or set APPEND_SLASH=False in your Django settings.
ERROR 2026-06-10 15:00:15,936 log 89752 6220378112 Internal Server Error: /api/users/refresh-token
Traceback (most recent call last):
  File "/Users/grizzly/.pyenv/versions/mt/lib/python3.12/site-packages/django/core/handlers/exception.py", line 55, in inner
    response = get_response(request)
               ^^^^^^^^^^^^^^^^^^^^^
  File "/Users/grizzly/.pyenv/versions/mt/lib/python3.12/site-packages/django/utils/deprecation.py", line 311, in __call__
    response = self.process_response(request, response)
               ^^^^^^^^^^^^^^^^^^^^^^^^^^^^^^^^^^^^^^^^
  File "/Users/grizzly/.pyenv/versions/mt/lib/python3.12/site-packages/django/middleware/common.py", line 109, in process_response
    self.get_full_path_with_slash(request)
  File "/Users/grizzly/.pyenv/versions/mt/lib/python3.12/site-packages/django/middleware/common.py", line 87, in get_full_path_with_slash
    raise RuntimeError(
RuntimeError: You called this URL via POST, but the URL doesn't end in a slash and you have APPEND_SLASH set. Django can't redirect to the slash URL while maintaining POST data. Change your form to point to localhost:8000/api/users/refresh-token/ (note the trailing slash), or set APPEND_SLASH=False in your Django settings.
ERROR 2026-06-10 15:00:15,944 log 89752 6203551744 Internal Server Error: /api/users/refresh-token
Traceback (most recent call last):
  File "/Users/grizzly/.pyenv/versions/mt/lib/python3.12/site-packages/django/core/handlers/exception.py", line 55, in inner
    response = get_response(request)
               ^^^^^^^^^^^^^^^^^^^^^
  File "/Users/grizzly/.pyenv/versions/mt/lib/python3.12/site-packages/django/utils/deprecation.py", line 311, in __call__
    response = self.process_response(request, response)
               ^^^^^^^^^^^^^^^^^^^^^^^^^^^^^^^^^^^^^^^^
  File "/Users/grizzly/.pyenv/versions/mt/lib/python3.12/site-packages/django/middleware/common.py", line 109, in process_response
    self.get_full_path_with_slash(request)
  File "/Users/grizzly/.pyenv/versions/mt/lib/python3.12/site-packages/django/middleware/common.py", line 87, in get_full_path_with_slash
    raise RuntimeError(
RuntimeError: You called this URL via POST, but the URL doesn't end in a slash and you have APPEND_SLASH set. Django can't redirect to the slash URL while maintaining POST data. Change your form to point to localhost:8000/api/users/refresh-token/ (note the trailing slash), or set APPEND_SLASH=False in your Django settings.
ERROR 2026-06-10 15:00:15,950 log 89752 6169899008 Internal Server Error: /api/users/refresh-token
Traceback (most recent call last):
  File "/Users/grizzly/.pyenv/versions/mt/lib/python3.12/site-packages/django/core/handlers/exception.py", line 55, in inner
    response = get_response(request)
               ^^^^^^^^^^^^^^^^^^^^^
  File "/Users/grizzly/.pyenv/versions/mt/lib/python3.12/site-packages/django/utils/deprecation.py", line 311, in __call__
    response = self.process_response(request, response)
               ^^^^^^^^^^^^^^^^^^^^^^^^^^^^^^^^^^^^^^^^
  File "/Users/grizzly/.pyenv/versions/mt/lib/python3.12/site-packages/django/middleware/common.py", line 109, in process_response
    self.get_full_path_with_slash(request)
  File "/Users/grizzly/.pyenv/versions/mt/lib/python3.12/site-packages/django/middleware/common.py", line 87, in get_full_path_with_slash
    raise RuntimeError(
RuntimeError: You called this URL via POST, but the URL doesn't end in a slash and you have APPEND_SLASH set. Django can't redirect to the slash URL while maintaining POST data. Change your form to point to localhost:8000/api/users/refresh-token/ (note the trailing slash), or set APPEND_SLASH=False in your Django settings.
ERROR 2026-06-10 15:00:15,957 log 89752 6135672832 Internal Server Error: /api/users/refresh-token
Traceback (most recent call last):
  File "/Users/grizzly/.pyenv/versions/mt/lib/python3.12/site-packages/django/core/handlers/exception.py", line 55, in inner
    response = get_response(request)
               ^^^^^^^^^^^^^^^^^^^^^
  File "/Users/grizzly/.pyenv/versions/mt/lib/python3.12/site-packages/django/utils/deprecation.py", line 311, in __call__
    response = self.process_response(request, response)
               ^^^^^^^^^^^^^^^^^^^^^^^^^^^^^^^^^^^^^^^^
  File "/Users/grizzly/.pyenv/versions/mt/lib/python3.12/site-packages/django/middleware/common.py", line 109, in process_response
    self.get_full_path_with_slash(request)
  File "/Users/grizzly/.pyenv/versions/mt/lib/python3.12/site-packages/django/middleware/common.py", line 87, in get_full_path_with_slash
    raise RuntimeError(
RuntimeError: You called this URL via POST, but the URL doesn't end in a slash and you have APPEND_SLASH set. Django can't redirect to the slash URL while maintaining POST data. Change your form to point to localhost:8000/api/users/refresh-token/ (note the trailing slash), or set APPEND_SLASH=False in your Django settings.
ERROR 2026-06-10 15:00:15,963 log 89752 6152499200 Internal Server Error: /api/users/refresh-token
Traceback (most recent call last):
  File "/Users/grizzly/.pyenv/versions/mt/lib/python3.12/site-packages/django/core/handlers/exception.py", line 55, in inner
    response = get_response(request)
               ^^^^^^^^^^^^^^^^^^^^^
  File "/Users/grizzly/.pyenv/versions/mt/lib/python3.12/site-packages/django/utils/deprecation.py", line 311, in __call__
    response = self.process_response(request, response)
               ^^^^^^^^^^^^^^^^^^^^^^^^^^^^^^^^^^^^^^^^
  File "/Users/grizzly/.pyenv/versions/mt/lib/python3.12/site-packages/django/middleware/common.py", line 109, in process_response
    self.get_full_path_with_slash(request)
  File "/Users/grizzly/.pyenv/versions/mt/lib/python3.12/site-packages/django/middleware/common.py", line 87, in get_full_path_with_slash
    raise RuntimeError(
RuntimeError: You called this URL via POST, but the URL doesn't end in a slash and you have APPEND_SLASH set. Django can't redirect to the slash URL while maintaining POST data. Change your form to point to localhost:8000/api/users/refresh-token/ (note the trailing slash), or set APPEND_SLASH=False in your Django settings.
ERROR 2026-06-10 15:00:15,987 log 89752 6186725376 Internal Server Error: /api/users/refresh-token
Traceback (most recent call last):
  File "/Users/grizzly/.pyenv/versions/mt/lib/python3.12/site-packages/django/core/handlers/exception.py", line 55, in inner
    response = get_response(request)
               ^^^^^^^^^^^^^^^^^^^^^
  File "/Users/grizzly/.pyenv/versions/mt/lib/python3.12/site-packages/django/utils/deprecation.py", line 311, in __call__
    response = self.process_response(request, response)
               ^^^^^^^^^^^^^^^^^^^^^^^^^^^^^^^^^^^^^^^^
  File "/Users/grizzly/.pyenv/versions/mt/lib/python3.12/site-packages/django/middleware/common.py", line 109, in process_response
    self.get_full_path_with_slash(request)
  File "/Users/grizzly/.pyenv/versions/mt/lib/python3.12/site-packages/django/middleware/common.py", line 87, in get_full_path_with_slash
    raise RuntimeError(
RuntimeError: You called this URL via POST, but the URL doesn't end in a slash and you have APPEND_SLASH set. Django can't redirect to the slash URL while maintaining POST data. Change your form to point to localhost:8000/api/users/refresh-token/ (note the trailing slash), or set APPEND_SLASH=False in your Django settings.
ERROR 2026-06-10 15:00:15,994 log 89752 6203551744 Internal Server Error: /api/users/refresh-token
Traceback (most recent call last):
  File "/Users/grizzly/.pyenv/versions/mt/lib/python3.12/site-packages/django/core/handlers/exception.py", line 55, in inner
    response = get_response(request)
               ^^^^^^^^^^^^^^^^^^^^^
  File "/Users/grizzly/.pyenv/versions/mt/lib/python3.12/site-packages/django/utils/deprecation.py", line 311, in __call__
    response = self.process_response(request, response)
               ^^^^^^^^^^^^^^^^^^^^^^^^^^^^^^^^^^^^^^^^
  File "/Users/grizzly/.pyenv/versions/mt/lib/python3.12/site-packages/django/middleware/common.py", line 109, in process_response
    self.get_full_path_with_slash(request)
  File "/Users/grizzly/.pyenv/versions/mt/lib/python3.12/site-packages/django/middleware/common.py", line 87, in get_full_path_with_slash
    raise RuntimeError(
RuntimeError: You called this URL via POST, but the URL doesn't end in a slash and you have APPEND_SLASH set. Django can't redirect to the slash URL while maintaining POST data. Change your form to point to localhost:8000/api/users/refresh-token/ (note the trailing slash), or set APPEND_SLASH=False in your Django settings.
WARNING 2026-06-10 15:42:44,438 log 89752 6135672832 Unauthorized: /api/users/profile/
WARNING 2026-06-10 15:42:44,440 log 89752 6152499200 Unauthorized: /api/transactions/transactions/
WARNING 2026-06-10 15:42:44,452 log 89752 6186725376 Unauthorized: /api/users/profile/
WARNING 2026-06-10 15:42:44,453 log 89752 6135672832 Unauthorized: /api/transactions/transactions/
WARNING 2026-06-10 15:42:44,466 log 89752 6220378112 Unauthorized: /api/transactions/transactions/
WARNING 2026-06-10 15:42:44,467 log 89752 6203551744 Unauthorized: /api/users/profile/
WARNING 2026-06-10 15:42:44,486 log 89752 6135672832 Unauthorized: /api/transactions/transactions/
WARNING 2026-06-10 15:42:44,487 log 89752 6220378112 Unauthorized: /api/users/profile/
ERROR 2026-06-10 15:42:44,543 log 89752 6135672832 Internal Server Error: /api/users/refresh-token
Traceback (most recent call last):
  File "/Users/grizzly/.pyenv/versions/mt/lib/python3.12/site-packages/django/core/handlers/exception.py", line 55, in inner
    response = get_response(request)
               ^^^^^^^^^^^^^^^^^^^^^
  File "/Users/grizzly/.pyenv/versions/mt/lib/python3.12/site-packages/django/utils/deprecation.py", line 311, in __call__
    response = self.process_response(request, response)
               ^^^^^^^^^^^^^^^^^^^^^^^^^^^^^^^^^^^^^^^^
  File "/Users/grizzly/.pyenv/versions/mt/lib/python3.12/site-packages/django/middleware/common.py", line 109, in process_response
    self.get_full_path_with_slash(request)
  File "/Users/grizzly/.pyenv/versions/mt/lib/python3.12/site-packages/django/middleware/common.py", line 87, in get_full_path_with_slash
    raise RuntimeError(
RuntimeError: You called this URL via POST, but the URL doesn't end in a slash and you have APPEND_SLASH set. Django can't redirect to the slash URL while maintaining POST data. Change your form to point to localhost:8000/api/users/refresh-token/ (note the trailing slash), or set APPEND_SLASH=False in your Django settings.
ERROR 2026-06-10 15:42:44,548 log 89752 6169899008 Internal Server Error: /api/users/refresh-token
Traceback (most recent call last):
  File "/Users/grizzly/.pyenv/versions/mt/lib/python3.12/site-packages/django/core/handlers/exception.py", line 55, in inner
    response = get_response(request)
               ^^^^^^^^^^^^^^^^^^^^^
  File "/Users/grizzly/.pyenv/versions/mt/lib/python3.12/site-packages/django/utils/deprecation.py", line 311, in __call__
    response = self.process_response(request, response)
               ^^^^^^^^^^^^^^^^^^^^^^^^^^^^^^^^^^^^^^^^
  File "/Users/grizzly/.pyenv/versions/mt/lib/python3.12/site-packages/django/middleware/common.py", line 109, in process_response
    self.get_full_path_with_slash(request)
  File "/Users/grizzly/.pyenv/versions/mt/lib/python3.12/site-packages/django/middleware/common.py", line 87, in get_full_path_with_slash
    raise RuntimeError(
RuntimeError: You called this URL via POST, but the URL doesn't end in a slash and you have APPEND_SLASH set. Django can't redirect to the slash URL while maintaining POST data. Change your form to point to localhost:8000/api/users/refresh-token/ (note the trailing slash), or set APPEND_SLASH=False in your Django settings.
ERROR 2026-06-10 15:42:44,554 log 89752 6186725376 Internal Server Error: /api/users/refresh-token
Traceback (most recent call last):
  File "/Users/grizzly/.pyenv/versions/mt/lib/python3.12/site-packages/django/core/handlers/exception.py", line 55, in inner
    response = get_response(request)
               ^^^^^^^^^^^^^^^^^^^^^
  File "/Users/grizzly/.pyenv/versions/mt/lib/python3.12/site-packages/django/utils/deprecation.py", line 311, in __call__
    response = self.process_response(request, response)
               ^^^^^^^^^^^^^^^^^^^^^^^^^^^^^^^^^^^^^^^^
  File "/Users/grizzly/.pyenv/versions/mt/lib/python3.12/site-packages/django/middleware/common.py", line 109, in process_response
    self.get_full_path_with_slash(request)
  File "/Users/grizzly/.pyenv/versions/mt/lib/python3.12/site-packages/django/middleware/common.py", line 87, in get_full_path_with_slash
    raise RuntimeError(
RuntimeError: You called this URL via POST, but the URL doesn't end in a slash and you have APPEND_SLASH set. Django can't redirect to the slash URL while maintaining POST data. Change your form to point to localhost:8000/api/users/refresh-token/ (note the trailing slash), or set APPEND_SLASH=False in your Django settings.
ERROR 2026-06-10 15:42:44,559 log 89752 6203551744 Internal Server Error: /api/users/refresh-token
Traceback (most recent call last):
  File "/Users/grizzly/.pyenv/versions/mt/lib/python3.12/site-packages/django/core/handlers/exception.py", line 55, in inner
    response = get_response(request)
               ^^^^^^^^^^^^^^^^^^^^^
  File "/Users/grizzly/.pyenv/versions/mt/lib/python3.12/site-packages/django/utils/deprecation.py", line 311, in __call__
    response = self.process_response(request, response)
               ^^^^^^^^^^^^^^^^^^^^^^^^^^^^^^^^^^^^^^^^
  File "/Users/grizzly/.pyenv/versions/mt/lib/python3.12/site-packages/django/middleware/common.py", line 109, in process_response
    self.get_full_path_with_slash(request)
  File "/Users/grizzly/.pyenv/versions/mt/lib/python3.12/site-packages/django/middleware/common.py", line 87, in get_full_path_with_slash
    raise RuntimeError(
RuntimeError: You called this URL via POST, but the URL doesn't end in a slash and you have APPEND_SLASH set. Django can't redirect to the slash URL while maintaining POST data. Change your form to point to localhost:8000/api/users/refresh-token/ (note the trailing slash), or set APPEND_SLASH=False in your Django settings.
ERROR 2026-06-10 15:42:44,566 log 89752 6152499200 Internal Server Error: /api/users/refresh-token
Traceback (most recent call last):
  File "/Users/grizzly/.pyenv/versions/mt/lib/python3.12/site-packages/django/core/handlers/exception.py", line 55, in inner
    response = get_response(request)
               ^^^^^^^^^^^^^^^^^^^^^
  File "/Users/grizzly/.pyenv/versions/mt/lib/python3.12/site-packages/django/utils/deprecation.py", line 311, in __call__
    response = self.process_response(request, response)
               ^^^^^^^^^^^^^^^^^^^^^^^^^^^^^^^^^^^^^^^^
  File "/Users/grizzly/.pyenv/versions/mt/lib/python3.12/site-packages/django/middleware/common.py", line 109, in process_response
    self.get_full_path_with_slash(request)
  File "/Users/grizzly/.pyenv/versions/mt/lib/python3.12/site-packages/django/middleware/common.py", line 87, in get_full_path_with_slash
    raise RuntimeError(
RuntimeError: You called this URL via POST, but the URL doesn't end in a slash and you have APPEND_SLASH set. Django can't redirect to the slash URL while maintaining POST data. Change your form to point to localhost:8000/api/users/refresh-token/ (note the trailing slash), or set APPEND_SLASH=False in your Django settings.
ERROR 2026-06-10 15:42:44,576 log 89752 6220378112 Internal Server Error: /api/users/refresh-token
Traceback (most recent call last):
  File "/Users/grizzly/.pyenv/versions/mt/lib/python3.12/site-packages/django/core/handlers/exception.py", line 55, in inner
    response = get_response(request)
               ^^^^^^^^^^^^^^^^^^^^^
  File "/Users/grizzly/.pyenv/versions/mt/lib/python3.12/site-packages/django/utils/deprecation.py", line 311, in __call__
    response = self.process_response(request, response)
               ^^^^^^^^^^^^^^^^^^^^^^^^^^^^^^^^^^^^^^^^
  File "/Users/grizzly/.pyenv/versions/mt/lib/python3.12/site-packages/django/middleware/common.py", line 109, in process_response
    self.get_full_path_with_slash(request)
  File "/Users/grizzly/.pyenv/versions/mt/lib/python3.12/site-packages/django/middleware/common.py", line 87, in get_full_path_with_slash
    raise RuntimeError(
RuntimeError: You called this URL via POST, but the URL doesn't end in a slash and you have APPEND_SLASH set. Django can't redirect to the slash URL while maintaining POST data. Change your form to point to localhost:8000/api/users/refresh-token/ (note the trailing slash), or set APPEND_SLASH=False in your Django settings.
ERROR 2026-06-10 15:42:44,601 log 89752 6169899008 Internal Server Error: /api/users/refresh-token
Traceback (most recent call last):
  File "/Users/grizzly/.pyenv/versions/mt/lib/python3.12/site-packages/django/core/handlers/exception.py", line 55, in inner
    response = get_response(request)
               ^^^^^^^^^^^^^^^^^^^^^
  File "/Users/grizzly/.pyenv/versions/mt/lib/python3.12/site-packages/django/utils/deprecation.py", line 311, in __call__
    response = self.process_response(request, response)
               ^^^^^^^^^^^^^^^^^^^^^^^^^^^^^^^^^^^^^^^^
  File "/Users/grizzly/.pyenv/versions/mt/lib/python3.12/site-packages/django/middleware/common.py", line 109, in process_response
    self.get_full_path_with_slash(request)
  File "/Users/grizzly/.pyenv/versions/mt/lib/python3.12/site-packages/django/middleware/common.py", line 87, in get_full_path_with_slash
    raise RuntimeError(
RuntimeError: You called this URL via POST, but the URL doesn't end in a slash and you have APPEND_SLASH set. Django can't redirect to the slash URL while maintaining POST data. Change your form to point to localhost:8000/api/users/refresh-token/ (note the trailing slash), or set APPEND_SLASH=False in your Django settings.
ERROR 2026-06-10 15:42:44,608 log 89752 6135672832 Internal Server Error: /api/users/refresh-token
Traceback (most recent call last):
  File "/Users/grizzly/.pyenv/versions/mt/lib/python3.12/site-packages/django/core/handlers/exception.py", line 55, in inner
    response = get_response(request)
               ^^^^^^^^^^^^^^^^^^^^^
  File "/Users/grizzly/.pyenv/versions/mt/lib/python3.12/site-packages/django/utils/deprecation.py", line 311, in __call__
    response = self.process_response(request, response)
               ^^^^^^^^^^^^^^^^^^^^^^^^^^^^^^^^^^^^^^^^
  File "/Users/grizzly/.pyenv/versions/mt/lib/python3.12/site-packages/django/middleware/common.py", line 109, in process_response
    self.get_full_path_with_slash(request)
  File "/Users/grizzly/.pyenv/versions/mt/lib/python3.12/site-packages/django/middleware/common.py", line 87, in get_full_path_with_slash
    raise RuntimeError(
RuntimeError: You called this URL via POST, but the URL doesn't end in a slash and you have APPEND_SLASH set. Django can't redirect to the slash URL while maintaining POST data. Change your form to point to localhost:8000/api/users/refresh-token/ (note the trailing slash), or set APPEND_SLASH=False in your Django settings.
WARNING 2026-06-10 15:46:02,508 log 89752 6135672832 Unauthorized: /api/transactions/transactions/
WARNING 2026-06-10 15:46:02,509 log 89752 6152499200 Unauthorized: /api/users/profile/
WARNING 2026-06-10 15:46:02,519 log 89752 6152499200 Unauthorized: /api/users/profile/
WARNING 2026-06-10 15:46:02,526 log 89752 6135672832 Unauthorized: /api/transactions/transactions/
WARNING 2026-06-10 15:46:02,527 log 89752 6169899008 Unauthorized: /api/users/profile/
WARNING 2026-06-10 15:46:02,532 log 89752 6186725376 Unauthorized: /api/users/profile/
WARNING 2026-06-10 15:46:02,533 log 89752 6152499200 Unauthorized: /api/transactions/transactions/
WARNING 2026-06-10 15:46:02,536 log 89752 6169899008 Unauthorized: /api/transactions/transactions/
ERROR 2026-06-10 15:46:02,662 log 89752 6220378112 Internal Server Error: /api/users/refresh-token
Traceback (most recent call last):
  File "/Users/grizzly/.pyenv/versions/mt/lib/python3.12/site-packages/django/core/handlers/exception.py", line 55, in inner
    response = get_response(request)
               ^^^^^^^^^^^^^^^^^^^^^
  File "/Users/grizzly/.pyenv/versions/mt/lib/python3.12/site-packages/django/utils/deprecation.py", line 311, in __call__
    response = self.process_response(request, response)
               ^^^^^^^^^^^^^^^^^^^^^^^^^^^^^^^^^^^^^^^^
  File "/Users/grizzly/.pyenv/versions/mt/lib/python3.12/site-packages/django/middleware/common.py", line 109, in process_response
    self.get_full_path_with_slash(request)
  File "/Users/grizzly/.pyenv/versions/mt/lib/python3.12/site-packages/django/middleware/common.py", line 87, in get_full_path_with_slash
    raise RuntimeError(
RuntimeError: You called this URL via POST, but the URL doesn't end in a slash and you have APPEND_SLASH set. Django can't redirect to the slash URL while maintaining POST data. Change your form to point to localhost:8000/api/users/refresh-token/ (note the trailing slash), or set APPEND_SLASH=False in your Django settings.
ERROR 2026-06-10 15:46:02,668 log 89752 6169899008 Internal Server Error: /api/users/refresh-token
Traceback (most recent call last):
  File "/Users/grizzly/.pyenv/versions/mt/lib/python3.12/site-packages/django/core/handlers/exception.py", line 55, in inner
    response = get_response(request)
               ^^^^^^^^^^^^^^^^^^^^^
  File "/Users/grizzly/.pyenv/versions/mt/lib/python3.12/site-packages/django/utils/deprecation.py", line 311, in __call__
    response = self.process_response(request, response)
               ^^^^^^^^^^^^^^^^^^^^^^^^^^^^^^^^^^^^^^^^
  File "/Users/grizzly/.pyenv/versions/mt/lib/python3.12/site-packages/django/middleware/common.py", line 109, in process_response
    self.get_full_path_with_slash(request)
  File "/Users/grizzly/.pyenv/versions/mt/lib/python3.12/site-packages/django/middleware/common.py", line 87, in get_full_path_with_slash
    raise RuntimeError(
RuntimeError: You called this URL via POST, but the URL doesn't end in a slash and you have APPEND_SLASH set. Django can't redirect to the slash URL while maintaining POST data. Change your form to point to localhost:8000/api/users/refresh-token/ (note the trailing slash), or set APPEND_SLASH=False in your Django settings.
ERROR 2026-06-10 15:46:02,675 log 89752 6203551744 Internal Server Error: /api/users/refresh-token
Traceback (most recent call last):
  File "/Users/grizzly/.pyenv/versions/mt/lib/python3.12/site-packages/django/core/handlers/exception.py", line 55, in inner
    response = get_response(request)
               ^^^^^^^^^^^^^^^^^^^^^
  File "/Users/grizzly/.pyenv/versions/mt/lib/python3.12/site-packages/django/utils/deprecation.py", line 311, in __call__
    response = self.process_response(request, response)
               ^^^^^^^^^^^^^^^^^^^^^^^^^^^^^^^^^^^^^^^^
  File "/Users/grizzly/.pyenv/versions/mt/lib/python3.12/site-packages/django/middleware/common.py", line 109, in process_response
    self.get_full_path_with_slash(request)
  File "/Users/grizzly/.pyenv/versions/mt/lib/python3.12/site-packages/django/middleware/common.py", line 87, in get_full_path_with_slash
    raise RuntimeError(
RuntimeError: You called this URL via POST, but the URL doesn't end in a slash and you have APPEND_SLASH set. Django can't redirect to the slash URL while maintaining POST data. Change your form to point to localhost:8000/api/users/refresh-token/ (note the trailing slash), or set APPEND_SLASH=False in your Django settings.
ERROR 2026-06-10 15:46:02,682 log 89752 6135672832 Internal Server Error: /api/users/refresh-token
Traceback (most recent call last):
  File "/Users/grizzly/.pyenv/versions/mt/lib/python3.12/site-packages/django/core/handlers/exception.py", line 55, in inner
    response = get_response(request)
               ^^^^^^^^^^^^^^^^^^^^^
  File "/Users/grizzly/.pyenv/versions/mt/lib/python3.12/site-packages/django/utils/deprecation.py", line 311, in __call__
    response = self.process_response(request, response)
               ^^^^^^^^^^^^^^^^^^^^^^^^^^^^^^^^^^^^^^^^
  File "/Users/grizzly/.pyenv/versions/mt/lib/python3.12/site-packages/django/middleware/common.py", line 109, in process_response
    self.get_full_path_with_slash(request)
  File "/Users/grizzly/.pyenv/versions/mt/lib/python3.12/site-packages/django/middleware/common.py", line 87, in get_full_path_with_slash
    raise RuntimeError(
RuntimeError: You called this URL via POST, but the URL doesn't end in a slash and you have APPEND_SLASH set. Django can't redirect to the slash URL while maintaining POST data. Change your form to point to localhost:8000/api/users/refresh-token/ (note the trailing slash), or set APPEND_SLASH=False in your Django settings.
ERROR 2026-06-10 15:46:02,696 log 89752 6152499200 Internal Server Error: /api/users/refresh-token
Traceback (most recent call last):
  File "/Users/grizzly/.pyenv/versions/mt/lib/python3.12/site-packages/django/core/handlers/exception.py", line 55, in inner
    response = get_response(request)
               ^^^^^^^^^^^^^^^^^^^^^
  File "/Users/grizzly/.pyenv/versions/mt/lib/python3.12/site-packages/django/utils/deprecation.py", line 311, in __call__
    response = self.process_response(request, response)
               ^^^^^^^^^^^^^^^^^^^^^^^^^^^^^^^^^^^^^^^^
  File "/Users/grizzly/.pyenv/versions/mt/lib/python3.12/site-packages/django/middleware/common.py", line 109, in process_response
    self.get_full_path_with_slash(request)
  File "/Users/grizzly/.pyenv/versions/mt/lib/python3.12/site-packages/django/middleware/common.py", line 87, in get_full_path_with_slash
    raise RuntimeError(
RuntimeError: You called this URL via POST, but the URL doesn't end in a slash and you have APPEND_SLASH set. Django can't redirect to the slash URL while maintaining POST data. Change your form to point to localhost:8000/api/users/refresh-token/ (note the trailing slash), or set APPEND_SLASH=False in your Django settings.
ERROR 2026-06-10 15:46:02,697 log 89752 6186725376 Internal Server Error: /api/users/refresh-token
Traceback (most recent call last):
  File "/Users/grizzly/.pyenv/versions/mt/lib/python3.12/site-packages/django/core/handlers/exception.py", line 55, in inner
    response = get_response(request)
               ^^^^^^^^^^^^^^^^^^^^^
  File "/Users/grizzly/.pyenv/versions/mt/lib/python3.12/site-packages/django/utils/deprecation.py", line 311, in __call__
    response = self.process_response(request, response)
               ^^^^^^^^^^^^^^^^^^^^^^^^^^^^^^^^^^^^^^^^
  File "/Users/grizzly/.pyenv/versions/mt/lib/python3.12/site-packages/django/middleware/common.py", line 109, in process_response
    self.get_full_path_with_slash(request)
  File "/Users/grizzly/.pyenv/versions/mt/lib/python3.12/site-packages/django/middleware/common.py", line 87, in get_full_path_with_slash
    raise RuntimeError(
RuntimeError: You called this URL via POST, but the URL doesn't end in a slash and you have APPEND_SLASH set. Django can't redirect to the slash URL while maintaining POST data. Change your form to point to localhost:8000/api/users/refresh-token/ (note the trailing slash), or set APPEND_SLASH=False in your Django settings.
ERROR 2026-06-10 15:46:02,723 log 89752 6152499200 Internal Server Error: /api/users/refresh-token
Traceback (most recent call last):
  File "/Users/grizzly/.pyenv/versions/mt/lib/python3.12/site-packages/django/core/handlers/exception.py", line 55, in inner
    response = get_response(request)
               ^^^^^^^^^^^^^^^^^^^^^
  File "/Users/grizzly/.pyenv/versions/mt/lib/python3.12/site-packages/django/utils/deprecation.py", line 311, in __call__
    response = self.process_response(request, response)
               ^^^^^^^^^^^^^^^^^^^^^^^^^^^^^^^^^^^^^^^^
  File "/Users/grizzly/.pyenv/versions/mt/lib/python3.12/site-packages/django/middleware/common.py", line 109, in process_response
    self.get_full_path_with_slash(request)
  File "/Users/grizzly/.pyenv/versions/mt/lib/python3.12/site-packages/django/middleware/common.py", line 87, in get_full_path_with_slash
    raise RuntimeError(
RuntimeError: You called this URL via POST, but the URL doesn't end in a slash and you have APPEND_SLASH set. Django can't redirect to the slash URL while maintaining POST data. Change your form to point to localhost:8000/api/users/refresh-token/ (note the trailing slash), or set APPEND_SLASH=False in your Django settings.
ERROR 2026-06-10 15:46:02,730 log 89752 6169899008 Internal Server Error: /api/users/refresh-token
Traceback (most recent call last):
  File "/Users/grizzly/.pyenv/versions/mt/lib/python3.12/site-packages/django/core/handlers/exception.py", line 55, in inner
    response = get_response(request)
               ^^^^^^^^^^^^^^^^^^^^^
  File "/Users/grizzly/.pyenv/versions/mt/lib/python3.12/site-packages/django/utils/deprecation.py", line 311, in __call__
    response = self.process_response(request, response)
               ^^^^^^^^^^^^^^^^^^^^^^^^^^^^^^^^^^^^^^^^
  File "/Users/grizzly/.pyenv/versions/mt/lib/python3.12/site-packages/django/middleware/common.py", line 109, in process_response
    self.get_full_path_with_slash(request)
  File "/Users/grizzly/.pyenv/versions/mt/lib/python3.12/site-packages/django/middleware/common.py", line 87, in get_full_path_with_slash
    raise RuntimeError(
RuntimeError: You called this URL via POST, but the URL doesn't end in a slash and you have APPEND_SLASH set. Django can't redirect to the slash URL while maintaining POST data. Change your form to point to localhost:8000/api/users/refresh-token/ (note the trailing slash), or set APPEND_SLASH=False in your Django settings.
WARNING 2026-06-10 17:10:04,483 log 89752 6152499200 Unauthorized: /api/users/profile/
WARNING 2026-06-10 17:10:04,484 log 89752 6135672832 Unauthorized: /api/transactions/transactions/
WARNING 2026-06-10 17:10:04,497 log 89752 6169899008 Unauthorized: /api/transactions/transactions/
WARNING 2026-06-10 17:10:04,502 log 89752 6169899008 Unauthorized: /api/transactions/transactions/
WARNING 2026-06-10 17:10:04,505 log 89752 6186725376 Unauthorized: /api/users/profile/
WARNING 2026-06-10 17:10:04,517 log 89752 6152499200 Unauthorized: /api/users/profile/
WARNING 2026-06-10 17:10:04,535 log 89752 6169899008 Unauthorized: /api/transactions/transactions/
WARNING 2026-06-10 17:10:04,553 log 89752 6169899008 Unauthorized: /api/users/profile/
ERROR 2026-06-10 17:10:04,567 log 89752 6135672832 Internal Server Error: /api/users/refresh-token
Traceback (most recent call last):
  File "/Users/grizzly/.pyenv/versions/mt/lib/python3.12/site-packages/django/core/handlers/exception.py", line 55, in inner
    response = get_response(request)
               ^^^^^^^^^^^^^^^^^^^^^
  File "/Users/grizzly/.pyenv/versions/mt/lib/python3.12/site-packages/django/utils/deprecation.py", line 311, in __call__
    response = self.process_response(request, response)
               ^^^^^^^^^^^^^^^^^^^^^^^^^^^^^^^^^^^^^^^^
  File "/Users/grizzly/.pyenv/versions/mt/lib/python3.12/site-packages/django/middleware/common.py", line 109, in process_response
    self.get_full_path_with_slash(request)
  File "/Users/grizzly/.pyenv/versions/mt/lib/python3.12/site-packages/django/middleware/common.py", line 87, in get_full_path_with_slash
    raise RuntimeError(
RuntimeError: You called this URL via POST, but the URL doesn't end in a slash and you have APPEND_SLASH set. Django can't redirect to the slash URL while maintaining POST data. Change your form to point to localhost:8000/api/users/refresh-token/ (note the trailing slash), or set APPEND_SLASH=False in your Django settings.
ERROR 2026-06-10 17:10:04,583 log 89752 6203551744 Internal Server Error: /api/users/refresh-token
Traceback (most recent call last):
  File "/Users/grizzly/.pyenv/versions/mt/lib/python3.12/site-packages/django/core/handlers/exception.py", line 55, in inner
    response = get_response(request)
               ^^^^^^^^^^^^^^^^^^^^^
  File "/Users/grizzly/.pyenv/versions/mt/lib/python3.12/site-packages/django/utils/deprecation.py", line 311, in __call__
    response = self.process_response(request, response)
               ^^^^^^^^^^^^^^^^^^^^^^^^^^^^^^^^^^^^^^^^
  File "/Users/grizzly/.pyenv/versions/mt/lib/python3.12/site-packages/django/middleware/common.py", line 109, in process_response
    self.get_full_path_with_slash(request)
  File "/Users/grizzly/.pyenv/versions/mt/lib/python3.12/site-packages/django/middleware/common.py", line 87, in get_full_path_with_slash
    raise RuntimeError(
RuntimeError: You called this URL via POST, but the URL doesn't end in a slash and you have APPEND_SLASH set. Django can't redirect to the slash URL while maintaining POST data. Change your form to point to localhost:8000/api/users/refresh-token/ (note the trailing slash), or set APPEND_SLASH=False in your Django settings.
ERROR 2026-06-10 17:10:04,596 log 89752 6220378112 Internal Server Error: /api/users/refresh-token
Traceback (most recent call last):
  File "/Users/grizzly/.pyenv/versions/mt/lib/python3.12/site-packages/django/core/handlers/exception.py", line 55, in inner
    response = get_response(request)
               ^^^^^^^^^^^^^^^^^^^^^
  File "/Users/grizzly/.pyenv/versions/mt/lib/python3.12/site-packages/django/utils/deprecation.py", line 311, in __call__
    response = self.process_response(request, response)
               ^^^^^^^^^^^^^^^^^^^^^^^^^^^^^^^^^^^^^^^^
  File "/Users/grizzly/.pyenv/versions/mt/lib/python3.12/site-packages/django/middleware/common.py", line 109, in process_response
    self.get_full_path_with_slash(request)
  File "/Users/grizzly/.pyenv/versions/mt/lib/python3.12/site-packages/django/middleware/common.py", line 87, in get_full_path_with_slash
    raise RuntimeError(
RuntimeError: You called this URL via POST, but the URL doesn't end in a slash and you have APPEND_SLASH set. Django can't redirect to the slash URL while maintaining POST data. Change your form to point to localhost:8000/api/users/refresh-token/ (note the trailing slash), or set APPEND_SLASH=False in your Django settings.
ERROR 2026-06-10 17:10:04,598 log 89752 6186725376 Internal Server Error: /api/users/refresh-token
Traceback (most recent call last):
  File "/Users/grizzly/.pyenv/versions/mt/lib/python3.12/site-packages/django/core/handlers/exception.py", line 55, in inner
    response = get_response(request)
               ^^^^^^^^^^^^^^^^^^^^^
  File "/Users/grizzly/.pyenv/versions/mt/lib/python3.12/site-packages/django/utils/deprecation.py", line 311, in __call__
    response = self.process_response(request, response)
               ^^^^^^^^^^^^^^^^^^^^^^^^^^^^^^^^^^^^^^^^
  File "/Users/grizzly/.pyenv/versions/mt/lib/python3.12/site-packages/django/middleware/common.py", line 109, in process_response
    self.get_full_path_with_slash(request)
  File "/Users/grizzly/.pyenv/versions/mt/lib/python3.12/site-packages/django/middleware/common.py", line 87, in get_full_path_with_slash
    raise RuntimeError(
RuntimeError: You called this URL via POST, but the URL doesn't end in a slash and you have APPEND_SLASH set. Django can't redirect to the slash URL while maintaining POST data. Change your form to point to localhost:8000/api/users/refresh-token/ (note the trailing slash), or set APPEND_SLASH=False in your Django settings.
ERROR 2026-06-10 17:10:04,617 log 89752 6152499200 Internal Server Error: /api/users/refresh-token
Traceback (most recent call last):
  File "/Users/grizzly/.pyenv/versions/mt/lib/python3.12/site-packages/django/core/handlers/exception.py", line 55, in inner
    response = get_response(request)
               ^^^^^^^^^^^^^^^^^^^^^
  File "/Users/grizzly/.pyenv/versions/mt/lib/python3.12/site-packages/django/utils/deprecation.py", line 311, in __call__
    response = self.process_response(request, response)
               ^^^^^^^^^^^^^^^^^^^^^^^^^^^^^^^^^^^^^^^^
  File "/Users/grizzly/.pyenv/versions/mt/lib/python3.12/site-packages/django/middleware/common.py", line 109, in process_response
    self.get_full_path_with_slash(request)
  File "/Users/grizzly/.pyenv/versions/mt/lib/python3.12/site-packages/django/middleware/common.py", line 87, in get_full_path_with_slash
    raise RuntimeError(
RuntimeError: You called this URL via POST, but the URL doesn't end in a slash and you have APPEND_SLASH set. Django can't redirect to the slash URL while maintaining POST data. Change your form to point to localhost:8000/api/users/refresh-token/ (note the trailing slash), or set APPEND_SLASH=False in your Django settings.
ERROR 2026-06-10 17:10:04,636 log 89752 6169899008 Internal Server Error: /api/users/refresh-token
Traceback (most recent call last):
  File "/Users/grizzly/.pyenv/versions/mt/lib/python3.12/site-packages/django/core/handlers/exception.py", line 55, in inner
    response = get_response(request)
               ^^^^^^^^^^^^^^^^^^^^^
  File "/Users/grizzly/.pyenv/versions/mt/lib/python3.12/site-packages/django/utils/deprecation.py", line 311, in __call__
    response = self.process_response(request, response)
               ^^^^^^^^^^^^^^^^^^^^^^^^^^^^^^^^^^^^^^^^
  File "/Users/grizzly/.pyenv/versions/mt/lib/python3.12/site-packages/django/middleware/common.py", line 109, in process_response
    self.get_full_path_with_slash(request)
  File "/Users/grizzly/.pyenv/versions/mt/lib/python3.12/site-packages/django/middleware/common.py", line 87, in get_full_path_with_slash
    raise RuntimeError(
RuntimeError: You called this URL via POST, but the URL doesn't end in a slash and you have APPEND_SLASH set. Django can't redirect to the slash URL while maintaining POST data. Change your form to point to localhost:8000/api/users/refresh-token/ (note the trailing slash), or set APPEND_SLASH=False in your Django settings.
ERROR 2026-06-10 17:10:04,648 log 89752 6135672832 Internal Server Error: /api/users/refresh-token
Traceback (most recent call last):
  File "/Users/grizzly/.pyenv/versions/mt/lib/python3.12/site-packages/django/core/handlers/exception.py", line 55, in inner
    response = get_response(request)
               ^^^^^^^^^^^^^^^^^^^^^
  File "/Users/grizzly/.pyenv/versions/mt/lib/python3.12/site-packages/django/utils/deprecation.py", line 311, in __call__
    response = self.process_response(request, response)
               ^^^^^^^^^^^^^^^^^^^^^^^^^^^^^^^^^^^^^^^^
  File "/Users/grizzly/.pyenv/versions/mt/lib/python3.12/site-packages/django/middleware/common.py", line 109, in process_response
    self.get_full_path_with_slash(request)
  File "/Users/grizzly/.pyenv/versions/mt/lib/python3.12/site-packages/django/middleware/common.py", line 87, in get_full_path_with_slash
    raise RuntimeError(
RuntimeError: You called this URL via POST, but the URL doesn't end in a slash and you have APPEND_SLASH set. Django can't redirect to the slash URL while maintaining POST data. Change your form to point to localhost:8000/api/users/refresh-token/ (note the trailing slash), or set APPEND_SLASH=False in your Django settings.
ERROR 2026-06-10 17:10:04,658 log 89752 6186725376 Internal Server Error: /api/users/refresh-token
Traceback (most recent call last):
  File "/Users/grizzly/.pyenv/versions/mt/lib/python3.12/site-packages/django/core/handlers/exception.py", line 55, in inner
    response = get_response(request)
               ^^^^^^^^^^^^^^^^^^^^^
  File "/Users/grizzly/.pyenv/versions/mt/lib/python3.12/site-packages/django/utils/deprecation.py", line 311, in __call__
    response = self.process_response(request, response)
               ^^^^^^^^^^^^^^^^^^^^^^^^^^^^^^^^^^^^^^^^
  File "/Users/grizzly/.pyenv/versions/mt/lib/python3.12/site-packages/django/middleware/common.py", line 109, in process_response
    self.get_full_path_with_slash(request)
  File "/Users/grizzly/.pyenv/versions/mt/lib/python3.12/site-packages/django/middleware/common.py", line 87, in get_full_path_with_slash
    raise RuntimeError(
RuntimeError: You called this URL via POST, but the URL doesn't end in a slash and you have APPEND_SLASH set. Django can't redirect to the slash URL while maintaining POST data. Change your form to point to localhost:8000/api/users/refresh-token/ (note the trailing slash), or set APPEND_SLASH=False in your Django settings.
WARNING 2026-06-10 17:10:59,278 log 89752 6135672832 Unauthorized: /api/transactions/transactions/
WARNING 2026-06-10 17:10:59,282 log 89752 6152499200 Unauthorized: /api/users/profile/
WARNING 2026-06-10 17:10:59,318 log 89752 6169899008 Unauthorized: /api/transactions/transactions/
WARNING 2026-06-10 17:10:59,321 log 89752 6152499200 Unauthorized: /api/users/profile/
WARNING 2026-06-10 17:10:59,356 log 89752 6169899008 Unauthorized: /api/transactions/transactions/
WARNING 2026-06-10 17:10:59,418 log 89752 6152499200 Unauthorized: /api/users/profile/
WARNING 2026-06-10 17:10:59,442 log 89752 6169899008 Unauthorized: /api/transactions/transactions/
WARNING 2026-06-10 17:10:59,485 log 89752 6169899008 Unauthorized: /api/users/profile/
ERROR 2026-06-10 17:10:59,511 log 89752 6152499200 Internal Server Error: /api/users/refresh-token
Traceback (most recent call last):
  File "/Users/grizzly/.pyenv/versions/mt/lib/python3.12/site-packages/django/core/handlers/exception.py", line 55, in inner
    response = get_response(request)
               ^^^^^^^^^^^^^^^^^^^^^
  File "/Users/grizzly/.pyenv/versions/mt/lib/python3.12/site-packages/django/utils/deprecation.py", line 311, in __call__
    response = self.process_response(request, response)
               ^^^^^^^^^^^^^^^^^^^^^^^^^^^^^^^^^^^^^^^^
  File "/Users/grizzly/.pyenv/versions/mt/lib/python3.12/site-packages/django/middleware/common.py", line 109, in process_response
    self.get_full_path_with_slash(request)
  File "/Users/grizzly/.pyenv/versions/mt/lib/python3.12/site-packages/django/middleware/common.py", line 87, in get_full_path_with_slash
    raise RuntimeError(
RuntimeError: You called this URL via POST, but the URL doesn't end in a slash and you have APPEND_SLASH set. Django can't redirect to the slash URL while maintaining POST data. Change your form to point to localhost:8000/api/users/refresh-token/ (note the trailing slash), or set APPEND_SLASH=False in your Django settings.
ERROR 2026-06-10 17:10:59,575 log 89752 6220378112 Internal Server Error: /api/users/refresh-token
Traceback (most recent call last):
  File "/Users/grizzly/.pyenv/versions/mt/lib/python3.12/site-packages/django/core/handlers/exception.py", line 55, in inner
    response = get_response(request)
               ^^^^^^^^^^^^^^^^^^^^^
  File "/Users/grizzly/.pyenv/versions/mt/lib/python3.12/site-packages/django/utils/deprecation.py", line 311, in __call__
    response = self.process_response(request, response)
               ^^^^^^^^^^^^^^^^^^^^^^^^^^^^^^^^^^^^^^^^
  File "/Users/grizzly/.pyenv/versions/mt/lib/python3.12/site-packages/django/middleware/common.py", line 109, in process_response
    self.get_full_path_with_slash(request)
  File "/Users/grizzly/.pyenv/versions/mt/lib/python3.12/site-packages/django/middleware/common.py", line 87, in get_full_path_with_slash
    raise RuntimeError(
RuntimeError: You called this URL via POST, but the URL doesn't end in a slash and you have APPEND_SLASH set. Django can't redirect to the slash URL while maintaining POST data. Change your form to point to localhost:8000/api/users/refresh-token/ (note the trailing slash), or set APPEND_SLASH=False in your Django settings.
ERROR 2026-06-10 17:10:59,581 log 89752 6135672832 Internal Server Error: /api/users/refresh-token
Traceback (most recent call last):
  File "/Users/grizzly/.pyenv/versions/mt/lib/python3.12/site-packages/django/core/handlers/exception.py", line 55, in inner
    response = get_response(request)
               ^^^^^^^^^^^^^^^^^^^^^
  File "/Users/grizzly/.pyenv/versions/mt/lib/python3.12/site-packages/django/utils/deprecation.py", line 311, in __call__
    response = self.process_response(request, response)
               ^^^^^^^^^^^^^^^^^^^^^^^^^^^^^^^^^^^^^^^^
  File "/Users/grizzly/.pyenv/versions/mt/lib/python3.12/site-packages/django/middleware/common.py", line 109, in process_response
    self.get_full_path_with_slash(request)
  File "/Users/grizzly/.pyenv/versions/mt/lib/python3.12/site-packages/django/middleware/common.py", line 87, in get_full_path_with_slash
    raise RuntimeError(
RuntimeError: You called this URL via POST, but the URL doesn't end in a slash and you have APPEND_SLASH set. Django can't redirect to the slash URL while maintaining POST data. Change your form to point to localhost:8000/api/users/refresh-token/ (note the trailing slash), or set APPEND_SLASH=False in your Django settings.
ERROR 2026-06-10 17:10:59,593 log 89752 6203551744 Internal Server Error: /api/users/refresh-token
Traceback (most recent call last):
  File "/Users/grizzly/.pyenv/versions/mt/lib/python3.12/site-packages/django/core/handlers/exception.py", line 55, in inner
    response = get_response(request)
               ^^^^^^^^^^^^^^^^^^^^^
  File "/Users/grizzly/.pyenv/versions/mt/lib/python3.12/site-packages/django/utils/deprecation.py", line 311, in __call__
    response = self.process_response(request, response)
               ^^^^^^^^^^^^^^^^^^^^^^^^^^^^^^^^^^^^^^^^
  File "/Users/grizzly/.pyenv/versions/mt/lib/python3.12/site-packages/django/middleware/common.py", line 109, in process_response
    self.get_full_path_with_slash(request)
  File "/Users/grizzly/.pyenv/versions/mt/lib/python3.12/site-packages/django/middleware/common.py", line 87, in get_full_path_with_slash
    raise RuntimeError(
RuntimeError: You called this URL via POST, but the URL doesn't end in a slash and you have APPEND_SLASH set. Django can't redirect to the slash URL while maintaining POST data. Change your form to point to localhost:8000/api/users/refresh-token/ (note the trailing slash), or set APPEND_SLASH=False in your Django settings.
ERROR 2026-06-10 17:10:59,614 log 89752 6186725376 Internal Server Error: /api/users/refresh-token
Traceback (most recent call last):
  File "/Users/grizzly/.pyenv/versions/mt/lib/python3.12/site-packages/django/core/handlers/exception.py", line 55, in inner
    response = get_response(request)
               ^^^^^^^^^^^^^^^^^^^^^
  File "/Users/grizzly/.pyenv/versions/mt/lib/python3.12/site-packages/django/utils/deprecation.py", line 311, in __call__
    response = self.process_response(request, response)
               ^^^^^^^^^^^^^^^^^^^^^^^^^^^^^^^^^^^^^^^^
  File "/Users/grizzly/.pyenv/versions/mt/lib/python3.12/site-packages/django/middleware/common.py", line 109, in process_response
    self.get_full_path_with_slash(request)
  File "/Users/grizzly/.pyenv/versions/mt/lib/python3.12/site-packages/django/middleware/common.py", line 87, in get_full_path_with_slash
    raise RuntimeError(
RuntimeError: You called this URL via POST, but the URL doesn't end in a slash and you have APPEND_SLASH set. Django can't redirect to the slash URL while maintaining POST data. Change your form to point to localhost:8000/api/users/refresh-token/ (note the trailing slash), or set APPEND_SLASH=False in your Django settings.
ERROR 2026-06-10 17:10:59,652 log 89752 6169899008 Internal Server Error: /api/users/refresh-token
Traceback (most recent call last):
  File "/Users/grizzly/.pyenv/versions/mt/lib/python3.12/site-packages/django/core/handlers/exception.py", line 55, in inner
    response = get_response(request)
               ^^^^^^^^^^^^^^^^^^^^^
  File "/Users/grizzly/.pyenv/versions/mt/lib/python3.12/site-packages/django/utils/deprecation.py", line 311, in __call__
    response = self.process_response(request, response)
               ^^^^^^^^^^^^^^^^^^^^^^^^^^^^^^^^^^^^^^^^
  File "/Users/grizzly/.pyenv/versions/mt/lib/python3.12/site-packages/django/middleware/common.py", line 109, in process_response
    self.get_full_path_with_slash(request)
  File "/Users/grizzly/.pyenv/versions/mt/lib/python3.12/site-packages/django/middleware/common.py", line 87, in get_full_path_with_slash
    raise RuntimeError(
RuntimeError: You called this URL via POST, but the URL doesn't end in a slash and you have APPEND_SLASH set. Django can't redirect to the slash URL while maintaining POST data. Change your form to point to localhost:8000/api/users/refresh-token/ (note the trailing slash), or set APPEND_SLASH=False in your Django settings.
ERROR 2026-06-10 17:10:59,675 log 89752 6152499200 Internal Server Error: /api/users/refresh-token
Traceback (most recent call last):
  File "/Users/grizzly/.pyenv/versions/mt/lib/python3.12/site-packages/django/core/handlers/exception.py", line 55, in inner
    response = get_response(request)
               ^^^^^^^^^^^^^^^^^^^^^
  File "/Users/grizzly/.pyenv/versions/mt/lib/python3.12/site-packages/django/utils/deprecation.py", line 311, in __call__
    response = self.process_response(request, response)
               ^^^^^^^^^^^^^^^^^^^^^^^^^^^^^^^^^^^^^^^^
  File "/Users/grizzly/.pyenv/versions/mt/lib/python3.12/site-packages/django/middleware/common.py", line 109, in process_response
    self.get_full_path_with_slash(request)
  File "/Users/grizzly/.pyenv/versions/mt/lib/python3.12/site-packages/django/middleware/common.py", line 87, in get_full_path_with_slash
    raise RuntimeError(
RuntimeError: You called this URL via POST, but the URL doesn't end in a slash and you have APPEND_SLASH set. Django can't redirect to the slash URL while maintaining POST data. Change your form to point to localhost:8000/api/users/refresh-token/ (note the trailing slash), or set APPEND_SLASH=False in your Django settings.
ERROR 2026-06-10 17:10:59,724 log 89752 6135672832 Internal Server Error: /api/users/refresh-token
Traceback (most recent call last):
  File "/Users/grizzly/.pyenv/versions/mt/lib/python3.12/site-packages/django/core/handlers/exception.py", line 55, in inner
    response = get_response(request)
               ^^^^^^^^^^^^^^^^^^^^^
  File "/Users/grizzly/.pyenv/versions/mt/lib/python3.12/site-packages/django/utils/deprecation.py", line 311, in __call__
    response = self.process_response(request, response)
               ^^^^^^^^^^^^^^^^^^^^^^^^^^^^^^^^^^^^^^^^
  File "/Users/grizzly/.pyenv/versions/mt/lib/python3.12/site-packages/django/middleware/common.py", line 109, in process_response
    self.get_full_path_with_slash(request)
  File "/Users/grizzly/.pyenv/versions/mt/lib/python3.12/site-packages/django/middleware/common.py", line 87, in get_full_path_with_slash
    raise RuntimeError(
RuntimeError: You called this URL via POST, but the URL doesn't end in a slash and you have APPEND_SLASH set. Django can't redirect to the slash URL while maintaining POST data. Change your form to point to localhost:8000/api/users/refresh-token/ (note the trailing slash), or set APPEND_SLASH=False in your Django settings.
WARNING 2026-06-11 18:44:40,377 log 89752 6135672832 Unauthorized: /api/users/profile/
WARNING 2026-06-11 18:44:40,378 log 89752 6152499200 Unauthorized: /api/transactions/transactions/
WARNING 2026-06-11 18:44:40,384 log 89752 6135672832 Unauthorized: /api/transactions/transactions/
WARNING 2026-06-11 18:44:40,385 log 89752 6152499200 Unauthorized: /api/users/profile/
ERROR 2026-06-11 18:44:40,434 log 89752 6135672832 Internal Server Error: /api/users/refresh-token
Traceback (most recent call last):
  File "/Users/grizzly/.pyenv/versions/mt/lib/python3.12/site-packages/django/core/handlers/exception.py", line 55, in inner
    response = get_response(request)
               ^^^^^^^^^^^^^^^^^^^^^
  File "/Users/grizzly/.pyenv/versions/mt/lib/python3.12/site-packages/django/utils/deprecation.py", line 311, in __call__
    response = self.process_response(request, response)
               ^^^^^^^^^^^^^^^^^^^^^^^^^^^^^^^^^^^^^^^^
  File "/Users/grizzly/.pyenv/versions/mt/lib/python3.12/site-packages/django/middleware/common.py", line 109, in process_response
    self.get_full_path_with_slash(request)
  File "/Users/grizzly/.pyenv/versions/mt/lib/python3.12/site-packages/django/middleware/common.py", line 87, in get_full_path_with_slash
    raise RuntimeError(
RuntimeError: You called this URL via POST, but the URL doesn't end in a slash and you have APPEND_SLASH set. Django can't redirect to the slash URL while maintaining POST data. Change your form to point to localhost:8000/api/users/refresh-token/ (note the trailing slash), or set APPEND_SLASH=False in your Django settings.
ERROR 2026-06-11 18:44:40,450 log 89752 6152499200 Internal Server Error: /api/users/refresh-token
Traceback (most recent call last):
  File "/Users/grizzly/.pyenv/versions/mt/lib/python3.12/site-packages/django/core/handlers/exception.py", line 55, in inner
    response = get_response(request)
               ^^^^^^^^^^^^^^^^^^^^^
  File "/Users/grizzly/.pyenv/versions/mt/lib/python3.12/site-packages/django/utils/deprecation.py", line 311, in __call__
    response = self.process_response(request, response)
               ^^^^^^^^^^^^^^^^^^^^^^^^^^^^^^^^^^^^^^^^
  File "/Users/grizzly/.pyenv/versions/mt/lib/python3.12/site-packages/django/middleware/common.py", line 109, in process_response
    self.get_full_path_with_slash(request)
  File "/Users/grizzly/.pyenv/versions/mt/lib/python3.12/site-packages/django/middleware/common.py", line 87, in get_full_path_with_slash
    raise RuntimeError(
RuntimeError: You called this URL via POST, but the URL doesn't end in a slash and you have APPEND_SLASH set. Django can't redirect to the slash URL while maintaining POST data. Change your form to point to localhost:8000/api/users/refresh-token/ (note the trailing slash), or set APPEND_SLASH=False in your Django settings.
ERROR 2026-06-11 18:44:40,452 log 89752 6169899008 Internal Server Error: /api/users/refresh-token
Traceback (most recent call last):
  File "/Users/grizzly/.pyenv/versions/mt/lib/python3.12/site-packages/django/core/handlers/exception.py", line 55, in inner
    response = get_response(request)
               ^^^^^^^^^^^^^^^^^^^^^
  File "/Users/grizzly/.pyenv/versions/mt/lib/python3.12/site-packages/django/utils/deprecation.py", line 311, in __call__
    response = self.process_response(request, response)
               ^^^^^^^^^^^^^^^^^^^^^^^^^^^^^^^^^^^^^^^^
  File "/Users/grizzly/.pyenv/versions/mt/lib/python3.12/site-packages/django/middleware/common.py", line 109, in process_response
    self.get_full_path_with_slash(request)
  File "/Users/grizzly/.pyenv/versions/mt/lib/python3.12/site-packages/django/middleware/common.py", line 87, in get_full_path_with_slash
    raise RuntimeError(
RuntimeError: You called this URL via POST, but the URL doesn't end in a slash and you have APPEND_SLASH set. Django can't redirect to the slash URL while maintaining POST data. Change your form to point to localhost:8000/api/users/refresh-token/ (note the trailing slash), or set APPEND_SLASH=False in your Django settings.
ERROR 2026-06-11 18:44:40,462 log 89752 6186725376 Internal Server Error: /api/users/refresh-token
Traceback (most recent call last):
  File "/Users/grizzly/.pyenv/versions/mt/lib/python3.12/site-packages/django/core/handlers/exception.py", line 55, in inner
    response = get_response(request)
               ^^^^^^^^^^^^^^^^^^^^^
  File "/Users/grizzly/.pyenv/versions/mt/lib/python3.12/site-packages/django/utils/deprecation.py", line 311, in __call__
    response = self.process_response(request, response)
               ^^^^^^^^^^^^^^^^^^^^^^^^^^^^^^^^^^^^^^^^
  File "/Users/grizzly/.pyenv/versions/mt/lib/python3.12/site-packages/django/middleware/common.py", line 109, in process_response
    self.get_full_path_with_slash(request)
  File "/Users/grizzly/.pyenv/versions/mt/lib/python3.12/site-packages/django/middleware/common.py", line 87, in get_full_path_with_slash
    raise RuntimeError(
RuntimeError: You called this URL via POST, but the URL doesn't end in a slash and you have APPEND_SLASH set. Django can't redirect to the slash URL while maintaining POST data. Change your form to point to localhost:8000/api/users/refresh-token/ (note the trailing slash), or set APPEND_SLASH=False in your Django settings.
WARNING 2026-06-11 18:44:54,973 log 89752 6169899008 Unauthorized: /api/transactions/transactions/
WARNING 2026-06-11 18:44:54,978 log 89752 6152499200 Unauthorized: /api/users/profile/
WARNING 2026-06-11 18:44:54,984 log 89752 6186725376 Unauthorized: /api/transactions/transactions/
WARNING 2026-06-11 18:44:54,993 log 89752 6169899008 Unauthorized: /api/users/profile/
ERROR 2026-06-11 18:44:55,072 log 89752 6135672832 Internal Server Error: /api/users/refresh-token
Traceback (most recent call last):
  File "/Users/grizzly/.pyenv/versions/mt/lib/python3.12/site-packages/django/core/handlers/exception.py", line 55, in inner
    response = get_response(request)
               ^^^^^^^^^^^^^^^^^^^^^
  File "/Users/grizzly/.pyenv/versions/mt/lib/python3.12/site-packages/django/utils/deprecation.py", line 311, in __call__
    response = self.process_response(request, response)
               ^^^^^^^^^^^^^^^^^^^^^^^^^^^^^^^^^^^^^^^^
  File "/Users/grizzly/.pyenv/versions/mt/lib/python3.12/site-packages/django/middleware/common.py", line 109, in process_response
    self.get_full_path_with_slash(request)
  File "/Users/grizzly/.pyenv/versions/mt/lib/python3.12/site-packages/django/middleware/common.py", line 87, in get_full_path_with_slash
    raise RuntimeError(
RuntimeError: You called this URL via POST, but the URL doesn't end in a slash and you have APPEND_SLASH set. Django can't redirect to the slash URL while maintaining POST data. Change your form to point to localhost:8000/api/users/refresh-token/ (note the trailing slash), or set APPEND_SLASH=False in your Django settings.
ERROR 2026-06-11 18:44:55,093 log 89752 6169899008 Internal Server Error: /api/users/refresh-token
Traceback (most recent call last):
  File "/Users/grizzly/.pyenv/versions/mt/lib/python3.12/site-packages/django/core/handlers/exception.py", line 55, in inner
    response = get_response(request)
               ^^^^^^^^^^^^^^^^^^^^^
  File "/Users/grizzly/.pyenv/versions/mt/lib/python3.12/site-packages/django/utils/deprecation.py", line 311, in __call__
    response = self.process_response(request, response)
               ^^^^^^^^^^^^^^^^^^^^^^^^^^^^^^^^^^^^^^^^
  File "/Users/grizzly/.pyenv/versions/mt/lib/python3.12/site-packages/django/middleware/common.py", line 109, in process_response
    self.get_full_path_with_slash(request)
  File "/Users/grizzly/.pyenv/versions/mt/lib/python3.12/site-packages/django/middleware/common.py", line 87, in get_full_path_with_slash
    raise RuntimeError(
RuntimeError: You called this URL via POST, but the URL doesn't end in a slash and you have APPEND_SLASH set. Django can't redirect to the slash URL while maintaining POST data. Change your form to point to localhost:8000/api/users/refresh-token/ (note the trailing slash), or set APPEND_SLASH=False in your Django settings.
ERROR 2026-06-11 18:44:55,100 log 89752 6186725376 Internal Server Error: /api/users/refresh-token
Traceback (most recent call last):
  File "/Users/grizzly/.pyenv/versions/mt/lib/python3.12/site-packages/django/core/handlers/exception.py", line 55, in inner
    response = get_response(request)
               ^^^^^^^^^^^^^^^^^^^^^
  File "/Users/grizzly/.pyenv/versions/mt/lib/python3.12/site-packages/django/utils/deprecation.py", line 311, in __call__
    response = self.process_response(request, response)
               ^^^^^^^^^^^^^^^^^^^^^^^^^^^^^^^^^^^^^^^^
  File "/Users/grizzly/.pyenv/versions/mt/lib/python3.12/site-packages/django/middleware/common.py", line 109, in process_response
    self.get_full_path_with_slash(request)
  File "/Users/grizzly/.pyenv/versions/mt/lib/python3.12/site-packages/django/middleware/common.py", line 87, in get_full_path_with_slash
    raise RuntimeError(
RuntimeError: You called this URL via POST, but the URL doesn't end in a slash and you have APPEND_SLASH set. Django can't redirect to the slash URL while maintaining POST data. Change your form to point to localhost:8000/api/users/refresh-token/ (note the trailing slash), or set APPEND_SLASH=False in your Django settings.
ERROR 2026-06-11 18:44:55,112 log 89752 6152499200 Internal Server Error: /api/users/refresh-token
Traceback (most recent call last):
  File "/Users/grizzly/.pyenv/versions/mt/lib/python3.12/site-packages/django/core/handlers/exception.py", line 55, in inner
    response = get_response(request)
               ^^^^^^^^^^^^^^^^^^^^^
  File "/Users/grizzly/.pyenv/versions/mt/lib/python3.12/site-packages/django/utils/deprecation.py", line 311, in __call__
    response = self.process_response(request, response)
               ^^^^^^^^^^^^^^^^^^^^^^^^^^^^^^^^^^^^^^^^
  File "/Users/grizzly/.pyenv/versions/mt/lib/python3.12/site-packages/django/middleware/common.py", line 109, in process_response
    self.get_full_path_with_slash(request)
  File "/Users/grizzly/.pyenv/versions/mt/lib/python3.12/site-packages/django/middleware/common.py", line 87, in get_full_path_with_slash
    raise RuntimeError(
RuntimeError: You called this URL via POST, but the URL doesn't end in a slash and you have APPEND_SLASH set. Django can't redirect to the slash URL while maintaining POST data. Change your form to point to localhost:8000/api/users/refresh-token/ (note the trailing slash), or set APPEND_SLASH=False in your Django settings.
WARNING 2026-06-11 18:48:01,370 log 89752 6152499200 Unauthorized: /api/users/profile/
WARNING 2026-06-11 18:48:01,372 log 89752 6135672832 Unauthorized: /api/transactions/transactions/
WARNING 2026-06-11 18:48:01,379 log 89752 6135672832 Unauthorized: /api/transactions/transactions/
WARNING 2026-06-11 18:48:01,382 log 89752 6152499200 Unauthorized: /api/users/profile/
ERROR 2026-06-11 18:48:01,450 log 89752 6169899008 Internal Server Error: /api/users/refresh-token
Traceback (most recent call last):
  File "/Users/grizzly/.pyenv/versions/mt/lib/python3.12/site-packages/django/core/handlers/exception.py", line 55, in inner
    response = get_response(request)
               ^^^^^^^^^^^^^^^^^^^^^
  File "/Users/grizzly/.pyenv/versions/mt/lib/python3.12/site-packages/django/utils/deprecation.py", line 311, in __call__
    response = self.process_response(request, response)
               ^^^^^^^^^^^^^^^^^^^^^^^^^^^^^^^^^^^^^^^^
  File "/Users/grizzly/.pyenv/versions/mt/lib/python3.12/site-packages/django/middleware/common.py", line 109, in process_response
    self.get_full_path_with_slash(request)
  File "/Users/grizzly/.pyenv/versions/mt/lib/python3.12/site-packages/django/middleware/common.py", line 87, in get_full_path_with_slash
    raise RuntimeError(
RuntimeError: You called this URL via POST, but the URL doesn't end in a slash and you have APPEND_SLASH set. Django can't redirect to the slash URL while maintaining POST data. Change your form to point to localhost:8000/api/users/refresh-token/ (note the trailing slash), or set APPEND_SLASH=False in your Django settings.
ERROR 2026-06-11 18:48:01,459 log 89752 6186725376 Internal Server Error: /api/users/refresh-token
Traceback (most recent call last):
  File "/Users/grizzly/.pyenv/versions/mt/lib/python3.12/site-packages/django/core/handlers/exception.py", line 55, in inner
    response = get_response(request)
               ^^^^^^^^^^^^^^^^^^^^^
  File "/Users/grizzly/.pyenv/versions/mt/lib/python3.12/site-packages/django/utils/deprecation.py", line 311, in __call__
    response = self.process_response(request, response)
               ^^^^^^^^^^^^^^^^^^^^^^^^^^^^^^^^^^^^^^^^
  File "/Users/grizzly/.pyenv/versions/mt/lib/python3.12/site-packages/django/middleware/common.py", line 109, in process_response
    self.get_full_path_with_slash(request)
  File "/Users/grizzly/.pyenv/versions/mt/lib/python3.12/site-packages/django/middleware/common.py", line 87, in get_full_path_with_slash
    raise RuntimeError(
RuntimeError: You called this URL via POST, but the URL doesn't end in a slash and you have APPEND_SLASH set. Django can't redirect to the slash URL while maintaining POST data. Change your form to point to localhost:8000/api/users/refresh-token/ (note the trailing slash), or set APPEND_SLASH=False in your Django settings.
ERROR 2026-06-11 18:48:01,477 log 89752 6152499200 Internal Server Error: /api/users/refresh-token
Traceback (most recent call last):
  File "/Users/grizzly/.pyenv/versions/mt/lib/python3.12/site-packages/django/core/handlers/exception.py", line 55, in inner
    response = get_response(request)
               ^^^^^^^^^^^^^^^^^^^^^
  File "/Users/grizzly/.pyenv/versions/mt/lib/python3.12/site-packages/django/utils/deprecation.py", line 311, in __call__
    response = self.process_response(request, response)
               ^^^^^^^^^^^^^^^^^^^^^^^^^^^^^^^^^^^^^^^^
  File "/Users/grizzly/.pyenv/versions/mt/lib/python3.12/site-packages/django/middleware/common.py", line 109, in process_response
    self.get_full_path_with_slash(request)
  File "/Users/grizzly/.pyenv/versions/mt/lib/python3.12/site-packages/django/middleware/common.py", line 87, in get_full_path_with_slash
    raise RuntimeError(
RuntimeError: You called this URL via POST, but the URL doesn't end in a slash and you have APPEND_SLASH set. Django can't redirect to the slash URL while maintaining POST data. Change your form to point to localhost:8000/api/users/refresh-token/ (note the trailing slash), or set APPEND_SLASH=False in your Django settings.
ERROR 2026-06-11 18:48:01,477 log 89752 6135672832 Internal Server Error: /api/users/refresh-token
Traceback (most recent call last):
  File "/Users/grizzly/.pyenv/versions/mt/lib/python3.12/site-packages/django/core/handlers/exception.py", line 55, in inner
    response = get_response(request)
               ^^^^^^^^^^^^^^^^^^^^^
  File "/Users/grizzly/.pyenv/versions/mt/lib/python3.12/site-packages/django/utils/deprecation.py", line 311, in __call__
    response = self.process_response(request, response)
               ^^^^^^^^^^^^^^^^^^^^^^^^^^^^^^^^^^^^^^^^
  File "/Users/grizzly/.pyenv/versions/mt/lib/python3.12/site-packages/django/middleware/common.py", line 109, in process_response
    self.get_full_path_with_slash(request)
  File "/Users/grizzly/.pyenv/versions/mt/lib/python3.12/site-packages/django/middleware/common.py", line 87, in get_full_path_with_slash
    raise RuntimeError(
RuntimeError: You called this URL via POST, but the URL doesn't end in a slash and you have APPEND_SLASH set. Django can't redirect to the slash URL while maintaining POST data. Change your form to point to localhost:8000/api/users/refresh-token/ (note the trailing slash), or set APPEND_SLASH=False in your Django settings.
WARNING 2026-06-13 07:19:35,597 log 89752 6135672832 Unauthorized: /api/transactions/transactions/
WARNING 2026-06-13 07:19:35,601 log 89752 6152499200 Unauthorized: /api/users/profile/
WARNING 2026-06-13 07:19:35,606 log 89752 6135672832 Unauthorized: /api/transactions/transactions/
WARNING 2026-06-13 07:19:35,611 log 89752 6186725376 Unauthorized: /api/users/profile/
ERROR 2026-06-13 07:19:35,653 log 89752 6135672832 Internal Server Error: /api/users/refresh-token
Traceback (most recent call last):
  File "/Users/grizzly/.pyenv/versions/mt/lib/python3.12/site-packages/django/core/handlers/exception.py", line 55, in inner
    response = get_response(request)
               ^^^^^^^^^^^^^^^^^^^^^
  File "/Users/grizzly/.pyenv/versions/mt/lib/python3.12/site-packages/django/utils/deprecation.py", line 311, in __call__
    response = self.process_response(request, response)
               ^^^^^^^^^^^^^^^^^^^^^^^^^^^^^^^^^^^^^^^^
  File "/Users/grizzly/.pyenv/versions/mt/lib/python3.12/site-packages/django/middleware/common.py", line 109, in process_response
    self.get_full_path_with_slash(request)
  File "/Users/grizzly/.pyenv/versions/mt/lib/python3.12/site-packages/django/middleware/common.py", line 87, in get_full_path_with_slash
    raise RuntimeError(
RuntimeError: You called this URL via POST, but the URL doesn't end in a slash and you have APPEND_SLASH set. Django can't redirect to the slash URL while maintaining POST data. Change your form to point to localhost:8000/api/users/refresh-token/ (note the trailing slash), or set APPEND_SLASH=False in your Django settings.
ERROR 2026-06-13 07:19:35,665 log 89752 6186725376 Internal Server Error: /api/users/refresh-token
Traceback (most recent call last):
  File "/Users/grizzly/.pyenv/versions/mt/lib/python3.12/site-packages/django/core/handlers/exception.py", line 55, in inner
    response = get_response(request)
               ^^^^^^^^^^^^^^^^^^^^^
  File "/Users/grizzly/.pyenv/versions/mt/lib/python3.12/site-packages/django/utils/deprecation.py", line 311, in __call__
    response = self.process_response(request, response)
               ^^^^^^^^^^^^^^^^^^^^^^^^^^^^^^^^^^^^^^^^
  File "/Users/grizzly/.pyenv/versions/mt/lib/python3.12/site-packages/django/middleware/common.py", line 109, in process_response
    self.get_full_path_with_slash(request)
  File "/Users/grizzly/.pyenv/versions/mt/lib/python3.12/site-packages/django/middleware/common.py", line 87, in get_full_path_with_slash
    raise RuntimeError(
RuntimeError: You called this URL via POST, but the URL doesn't end in a slash and you have APPEND_SLASH set. Django can't redirect to the slash URL while maintaining POST data. Change your form to point to localhost:8000/api/users/refresh-token/ (note the trailing slash), or set APPEND_SLASH=False in your Django settings.
ERROR 2026-06-13 07:19:35,665 log 89752 6169899008 Internal Server Error: /api/users/refresh-token
Traceback (most recent call last):
  File "/Users/grizzly/.pyenv/versions/mt/lib/python3.12/site-packages/django/core/handlers/exception.py", line 55, in inner
    response = get_response(request)
               ^^^^^^^^^^^^^^^^^^^^^
  File "/Users/grizzly/.pyenv/versions/mt/lib/python3.12/site-packages/django/utils/deprecation.py", line 311, in __call__
    response = self.process_response(request, response)
               ^^^^^^^^^^^^^^^^^^^^^^^^^^^^^^^^^^^^^^^^
  File "/Users/grizzly/.pyenv/versions/mt/lib/python3.12/site-packages/django/middleware/common.py", line 109, in process_response
    self.get_full_path_with_slash(request)
  File "/Users/grizzly/.pyenv/versions/mt/lib/python3.12/site-packages/django/middleware/common.py", line 87, in get_full_path_with_slash
    raise RuntimeError(
RuntimeError: You called this URL via POST, but the URL doesn't end in a slash and you have APPEND_SLASH set. Django can't redirect to the slash URL while maintaining POST data. Change your form to point to localhost:8000/api/users/refresh-token/ (note the trailing slash), or set APPEND_SLASH=False in your Django settings.
ERROR 2026-06-13 07:19:35,674 log 89752 6152499200 Internal Server Error: /api/users/refresh-token
Traceback (most recent call last):
  File "/Users/grizzly/.pyenv/versions/mt/lib/python3.12/site-packages/django/core/handlers/exception.py", line 55, in inner
    response = get_response(request)
               ^^^^^^^^^^^^^^^^^^^^^
  File "/Users/grizzly/.pyenv/versions/mt/lib/python3.12/site-packages/django/utils/deprecation.py", line 311, in __call__
    response = self.process_response(request, response)
               ^^^^^^^^^^^^^^^^^^^^^^^^^^^^^^^^^^^^^^^^
  File "/Users/grizzly/.pyenv/versions/mt/lib/python3.12/site-packages/django/middleware/common.py", line 109, in process_response
    self.get_full_path_with_slash(request)
  File "/Users/grizzly/.pyenv/versions/mt/lib/python3.12/site-packages/django/middleware/common.py", line 87, in get_full_path_with_slash
    raise RuntimeError(
RuntimeError: You called this URL via POST, but the URL doesn't end in a slash and you have APPEND_SLASH set. Django can't redirect to the slash URL while maintaining POST data. Change your form to point to localhost:8000/api/users/refresh-token/ (note the trailing slash), or set APPEND_SLASH=False in your Django settings.
WARNING 2026-06-13 07:31:49,005 log 89752 6135672832 Unauthorized: /api/transactions/transactions/
WARNING 2026-06-13 07:31:49,006 log 89752 6152499200 Unauthorized: /api/users/profile/
WARNING 2026-06-13 07:31:49,010 log 89752 6152499200 Unauthorized: /api/users/profile/
WARNING 2026-06-13 07:31:49,011 log 89752 6135672832 Unauthorized: /api/transactions/transactions/
ERROR 2026-06-13 07:31:49,059 log 89752 6186725376 Internal Server Error: /api/users/refresh-token
Traceback (most recent call last):
  File "/Users/grizzly/.pyenv/versions/mt/lib/python3.12/site-packages/django/core/handlers/exception.py", line 55, in inner
    response = get_response(request)
               ^^^^^^^^^^^^^^^^^^^^^
  File "/Users/grizzly/.pyenv/versions/mt/lib/python3.12/site-packages/django/utils/deprecation.py", line 311, in __call__
    response = self.process_response(request, response)
               ^^^^^^^^^^^^^^^^^^^^^^^^^^^^^^^^^^^^^^^^
  File "/Users/grizzly/.pyenv/versions/mt/lib/python3.12/site-packages/django/middleware/common.py", line 109, in process_response
    self.get_full_path_with_slash(request)
  File "/Users/grizzly/.pyenv/versions/mt/lib/python3.12/site-packages/django/middleware/common.py", line 87, in get_full_path_with_slash
    raise RuntimeError(
RuntimeError: You called this URL via POST, but the URL doesn't end in a slash and you have APPEND_SLASH set. Django can't redirect to the slash URL while maintaining POST data. Change your form to point to localhost:8000/api/users/refresh-token/ (note the trailing slash), or set APPEND_SLASH=False in your Django settings.
ERROR 2026-06-13 07:31:49,068 log 89752 6169899008 Internal Server Error: /api/users/refresh-token
Traceback (most recent call last):
  File "/Users/grizzly/.pyenv/versions/mt/lib/python3.12/site-packages/django/core/handlers/exception.py", line 55, in inner
    response = get_response(request)
               ^^^^^^^^^^^^^^^^^^^^^
  File "/Users/grizzly/.pyenv/versions/mt/lib/python3.12/site-packages/django/utils/deprecation.py", line 311, in __call__
    response = self.process_response(request, response)
               ^^^^^^^^^^^^^^^^^^^^^^^^^^^^^^^^^^^^^^^^
  File "/Users/grizzly/.pyenv/versions/mt/lib/python3.12/site-packages/django/middleware/common.py", line 109, in process_response
    self.get_full_path_with_slash(request)
  File "/Users/grizzly/.pyenv/versions/mt/lib/python3.12/site-packages/django/middleware/common.py", line 87, in get_full_path_with_slash
    raise RuntimeError(
RuntimeError: You called this URL via POST, but the URL doesn't end in a slash and you have APPEND_SLASH set. Django can't redirect to the slash URL while maintaining POST data. Change your form to point to localhost:8000/api/users/refresh-token/ (note the trailing slash), or set APPEND_SLASH=False in your Django settings.
ERROR 2026-06-13 07:31:49,082 log 89752 6135672832 Internal Server Error: /api/users/refresh-token
Traceback (most recent call last):
  File "/Users/grizzly/.pyenv/versions/mt/lib/python3.12/site-packages/django/core/handlers/exception.py", line 55, in inner
    response = get_response(request)
               ^^^^^^^^^^^^^^^^^^^^^
  File "/Users/grizzly/.pyenv/versions/mt/lib/python3.12/site-packages/django/utils/deprecation.py", line 311, in __call__
    response = self.process_response(request, response)
               ^^^^^^^^^^^^^^^^^^^^^^^^^^^^^^^^^^^^^^^^
  File "/Users/grizzly/.pyenv/versions/mt/lib/python3.12/site-packages/django/middleware/common.py", line 109, in process_response
    self.get_full_path_with_slash(request)
  File "/Users/grizzly/.pyenv/versions/mt/lib/python3.12/site-packages/django/middleware/common.py", line 87, in get_full_path_with_slash
    raise RuntimeError(
RuntimeError: You called this URL via POST, but the URL doesn't end in a slash and you have APPEND_SLASH set. Django can't redirect to the slash URL while maintaining POST data. Change your form to point to localhost:8000/api/users/refresh-token/ (note the trailing slash), or set APPEND_SLASH=False in your Django settings.
ERROR 2026-06-13 07:31:49,083 log 89752 6152499200 Internal Server Error: /api/users/refresh-token
Traceback (most recent call last):
  File "/Users/grizzly/.pyenv/versions/mt/lib/python3.12/site-packages/django/core/handlers/exception.py", line 55, in inner
    response = get_response(request)
               ^^^^^^^^^^^^^^^^^^^^^
  File "/Users/grizzly/.pyenv/versions/mt/lib/python3.12/site-packages/django/utils/deprecation.py", line 311, in __call__
    response = self.process_response(request, response)
               ^^^^^^^^^^^^^^^^^^^^^^^^^^^^^^^^^^^^^^^^
  File "/Users/grizzly/.pyenv/versions/mt/lib/python3.12/site-packages/django/middleware/common.py", line 109, in process_response
    self.get_full_path_with_slash(request)
  File "/Users/grizzly/.pyenv/versions/mt/lib/python3.12/site-packages/django/middleware/common.py", line 87, in get_full_path_with_slash
    raise RuntimeError(
RuntimeError: You called this URL via POST, but the URL doesn't end in a slash and you have APPEND_SLASH set. Django can't redirect to the slash URL while maintaining POST data. Change your form to point to localhost:8000/api/users/refresh-token/ (note the trailing slash), or set APPEND_SLASH=False in your Django settings.
WARNING 2026-06-13 07:40:55,882 log 89752 6135672832 Unauthorized: /api/transactions/transactions/
WARNING 2026-06-13 07:40:55,883 log 89752 6152499200 Unauthorized: /api/users/profile/
WARNING 2026-06-13 07:40:55,887 log 89752 6152499200 Unauthorized: /api/users/profile/
WARNING 2026-06-13 07:40:55,887 log 89752 6135672832 Unauthorized: /api/transactions/transactions/
ERROR 2026-06-13 07:40:56,014 log 89752 6186725376 Internal Server Error: /api/users/refresh-token
Traceback (most recent call last):
  File "/Users/grizzly/.pyenv/versions/mt/lib/python3.12/site-packages/django/core/handlers/exception.py", line 55, in inner
    response = get_response(request)
               ^^^^^^^^^^^^^^^^^^^^^
  File "/Users/grizzly/.pyenv/versions/mt/lib/python3.12/site-packages/django/utils/deprecation.py", line 311, in __call__
    response = self.process_response(request, response)
               ^^^^^^^^^^^^^^^^^^^^^^^^^^^^^^^^^^^^^^^^
  File "/Users/grizzly/.pyenv/versions/mt/lib/python3.12/site-packages/django/middleware/common.py", line 109, in process_response
    self.get_full_path_with_slash(request)
  File "/Users/grizzly/.pyenv/versions/mt/lib/python3.12/site-packages/django/middleware/common.py", line 87, in get_full_path_with_slash
    raise RuntimeError(
RuntimeError: You called this URL via POST, but the URL doesn't end in a slash and you have APPEND_SLASH set. Django can't redirect to the slash URL while maintaining POST data. Change your form to point to localhost:8000/api/users/refresh-token/ (note the trailing slash), or set APPEND_SLASH=False in your Django settings.
ERROR 2026-06-13 07:40:56,020 log 89752 6152499200 Internal Server Error: /api/users/refresh-token
Traceback (most recent call last):
  File "/Users/grizzly/.pyenv/versions/mt/lib/python3.12/site-packages/django/core/handlers/exception.py", line 55, in inner
    response = get_response(request)
               ^^^^^^^^^^^^^^^^^^^^^
  File "/Users/grizzly/.pyenv/versions/mt/lib/python3.12/site-packages/django/utils/deprecation.py", line 311, in __call__
    response = self.process_response(request, response)
               ^^^^^^^^^^^^^^^^^^^^^^^^^^^^^^^^^^^^^^^^
  File "/Users/grizzly/.pyenv/versions/mt/lib/python3.12/site-packages/django/middleware/common.py", line 109, in process_response
    self.get_full_path_with_slash(request)
  File "/Users/grizzly/.pyenv/versions/mt/lib/python3.12/site-packages/django/middleware/common.py", line 87, in get_full_path_with_slash
    raise RuntimeError(
RuntimeError: You called this URL via POST, but the URL doesn't end in a slash and you have APPEND_SLASH set. Django can't redirect to the slash URL while maintaining POST data. Change your form to point to localhost:8000/api/users/refresh-token/ (note the trailing slash), or set APPEND_SLASH=False in your Django settings.
ERROR 2026-06-13 07:40:56,036 log 89752 6169899008 Internal Server Error: /api/users/refresh-token
Traceback (most recent call last):
  File "/Users/grizzly/.pyenv/versions/mt/lib/python3.12/site-packages/django/core/handlers/exception.py", line 55, in inner
    response = get_response(request)
               ^^^^^^^^^^^^^^^^^^^^^
  File "/Users/grizzly/.pyenv/versions/mt/lib/python3.12/site-packages/django/utils/deprecation.py", line 311, in __call__
    response = self.process_response(request, response)
               ^^^^^^^^^^^^^^^^^^^^^^^^^^^^^^^^^^^^^^^^
  File "/Users/grizzly/.pyenv/versions/mt/lib/python3.12/site-packages/django/middleware/common.py", line 109, in process_response
    self.get_full_path_with_slash(request)
  File "/Users/grizzly/.pyenv/versions/mt/lib/python3.12/site-packages/django/middleware/common.py", line 87, in get_full_path_with_slash
    raise RuntimeError(
RuntimeError: You called this URL via POST, but the URL doesn't end in a slash and you have APPEND_SLASH set. Django can't redirect to the slash URL while maintaining POST data. Change your form to point to localhost:8000/api/users/refresh-token/ (note the trailing slash), or set APPEND_SLASH=False in your Django settings.
ERROR 2026-06-13 07:40:56,036 log 89752 6135672832 Internal Server Error: /api/users/refresh-token
Traceback (most recent call last):
  File "/Users/grizzly/.pyenv/versions/mt/lib/python3.12/site-packages/django/core/handlers/exception.py", line 55, in inner
    response = get_response(request)
               ^^^^^^^^^^^^^^^^^^^^^
  File "/Users/grizzly/.pyenv/versions/mt/lib/python3.12/site-packages/django/utils/deprecation.py", line 311, in __call__
    response = self.process_response(request, response)
               ^^^^^^^^^^^^^^^^^^^^^^^^^^^^^^^^^^^^^^^^
  File "/Users/grizzly/.pyenv/versions/mt/lib/python3.12/site-packages/django/middleware/common.py", line 109, in process_response
    self.get_full_path_with_slash(request)
  File "/Users/grizzly/.pyenv/versions/mt/lib/python3.12/site-packages/django/middleware/common.py", line 87, in get_full_path_with_slash
    raise RuntimeError(
RuntimeError: You called this URL via POST, but the URL doesn't end in a slash and you have APPEND_SLASH set. Django can't redirect to the slash URL while maintaining POST data. Change your form to point to localhost:8000/api/users/refresh-token/ (note the trailing slash), or set APPEND_SLASH=False in your Django settings.
WARNING 2026-06-13 07:40:59,214 log 89752 6135672832 Unauthorized: /api/users/profile/
WARNING 2026-06-13 07:40:59,218 log 89752 6135672832 Unauthorized: /api/users/profile/
ERROR 2026-06-13 07:40:59,249 log 89752 6135672832 Internal Server Error: /api/users/refresh-token
Traceback (most recent call last):
  File "/Users/grizzly/.pyenv/versions/mt/lib/python3.12/site-packages/django/core/handlers/exception.py", line 55, in inner
    response = get_response(request)
               ^^^^^^^^^^^^^^^^^^^^^
  File "/Users/grizzly/.pyenv/versions/mt/lib/python3.12/site-packages/django/utils/deprecation.py", line 311, in __call__
    response = self.process_response(request, response)
               ^^^^^^^^^^^^^^^^^^^^^^^^^^^^^^^^^^^^^^^^
  File "/Users/grizzly/.pyenv/versions/mt/lib/python3.12/site-packages/django/middleware/common.py", line 109, in process_response
    self.get_full_path_with_slash(request)
  File "/Users/grizzly/.pyenv/versions/mt/lib/python3.12/site-packages/django/middleware/common.py", line 87, in get_full_path_with_slash
    raise RuntimeError(
RuntimeError: You called this URL via POST, but the URL doesn't end in a slash and you have APPEND_SLASH set. Django can't redirect to the slash URL while maintaining POST data. Change your form to point to localhost:8000/api/users/refresh-token/ (note the trailing slash), or set APPEND_SLASH=False in your Django settings.
ERROR 2026-06-13 07:40:59,257 log 89752 6152499200 Internal Server Error: /api/users/refresh-token
Traceback (most recent call last):
  File "/Users/grizzly/.pyenv/versions/mt/lib/python3.12/site-packages/django/core/handlers/exception.py", line 55, in inner
    response = get_response(request)
               ^^^^^^^^^^^^^^^^^^^^^
  File "/Users/grizzly/.pyenv/versions/mt/lib/python3.12/site-packages/django/utils/deprecation.py", line 311, in __call__
    response = self.process_response(request, response)
               ^^^^^^^^^^^^^^^^^^^^^^^^^^^^^^^^^^^^^^^^
  File "/Users/grizzly/.pyenv/versions/mt/lib/python3.12/site-packages/django/middleware/common.py", line 109, in process_response
    self.get_full_path_with_slash(request)
  File "/Users/grizzly/.pyenv/versions/mt/lib/python3.12/site-packages/django/middleware/common.py", line 87, in get_full_path_with_slash
    raise RuntimeError(
RuntimeError: You called this URL via POST, but the URL doesn't end in a slash and you have APPEND_SLASH set. Django can't redirect to the slash URL while maintaining POST data. Change your form to point to localhost:8000/api/users/refresh-token/ (note the trailing slash), or set APPEND_SLASH=False in your Django settings.
INFO 2026-06-13 14:24:01,985 autoreload 89752 8598413504 /Users/grizzly/grizzly/edu/python/django/dmoneytracker/apps/endusers/models.py changed, reloading.
INFO 2026-06-13 14:24:03,585 autoreload 34165 8598413504 Watching for file changes with StatReloader
INFO 2026-06-13 14:24:08,351 autoreload 34165 8598413504 /Users/grizzly/grizzly/edu/python/django/dmoneytracker/apps/endusers/models.py changed, reloading.
INFO 2026-06-13 14:24:08,686 autoreload 34183 8598413504 Watching for file changes with StatReloader
INFO 2026-06-13 14:24:12,069 autoreload 34183 8598413504 /Users/grizzly/grizzly/edu/python/django/dmoneytracker/apps/endusers/models.py changed, reloading.
INFO 2026-06-13 14:24:12,830 autoreload 34189 8598413504 Watching for file changes with StatReloader
INFO 2026-06-13 14:24:22,655 autoreload 34189 8598413504 /Users/grizzly/grizzly/edu/python/django/dmoneytracker/apps/endusers/models.py changed, reloading.
INFO 2026-06-13 14:24:22,984 autoreload 34211 8598413504 Watching for file changes with StatReloader
INFO 2026-06-13 14:25:36,439 autoreload 34211 8598413504 /Users/grizzly/grizzly/edu/python/django/dmoneytracker/apps/endusers/models.py changed, reloading.
INFO 2026-06-13 14:25:36,819 autoreload 34295 8598413504 Watching for file changes with StatReloader
INFO 2026-06-13 14:25:42,192 autoreload 34295 8598413504 /Users/grizzly/grizzly/edu/python/django/dmoneytracker/apps/endusers/models.py changed, reloading.
INFO 2026-06-13 14:25:42,514 autoreload 34309 8598413504 Watching for file changes with StatReloader
INFO 2026-06-13 14:25:45,841 autoreload 34309 8598413504 /Users/grizzly/grizzly/edu/python/django/dmoneytracker/apps/endusers/models.py changed, reloading.
INFO 2026-06-13 14:25:46,056 autoreload 34322 8598413504 Watching for file changes with StatReloader
INFO 2026-06-13 14:25:48,339 autoreload 34322 8598413504 /Users/grizzly/grizzly/edu/python/django/dmoneytracker/apps/endusers/models.py changed, reloading.
INFO 2026-06-13 14:25:48,557 autoreload 34331 8598413504 Watching for file changes with StatReloader
INFO 2026-06-13 14:33:40,987 autoreload 34331 8598413504 /Users/grizzly/grizzly/edu/python/django/dmoneytracker/apps/endusers/models.py changed, reloading.
INFO 2026-06-13 14:33:41,506 autoreload 34553 8598413504 Watching for file changes with StatReloader
INFO 2026-06-13 15:20:41,627 autoreload 34553 8598413504 /Users/grizzly/grizzly/edu/python/django/dmoneytracker/apps/endusers/views.py changed, reloading.
INFO 2026-06-13 15:20:42,126 autoreload 35575 8598413504 Watching for file changes with StatReloader
INFO 2026-06-13 15:20:49,784 autoreload 35575 8598413504 /Users/grizzly/grizzly/edu/python/django/dmoneytracker/apps/endusers/views.py changed, reloading.
INFO 2026-06-13 15:20:50,207 autoreload 35588 8598413504 Watching for file changes with StatReloader
INFO 2026-06-13 15:22:15,299 autoreload 35588 8598413504 /Users/grizzly/grizzly/edu/python/django/dmoneytracker/apps/endusers/views.py changed, reloading.
INFO 2026-06-13 15:22:15,744 autoreload 35644 8598413504 Watching for file changes with StatReloader
INFO 2026-06-13 15:22:19,233 autoreload 35644 8598413504 /Users/grizzly/grizzly/edu/python/django/dmoneytracker/apps/endusers/views.py changed, reloading.
INFO 2026-06-13 15:22:19,480 autoreload 35653 8598413504 Watching for file changes with StatReloader
INFO 2026-06-13 15:22:24,935 autoreload 35653 8598413504 /Users/grizzly/grizzly/edu/python/django/dmoneytracker/apps/endusers/views.py changed, reloading.
INFO 2026-06-13 15:22:25,220 autoreload 35663 8598413504 Watching for file changes with StatReloader
WARNING 2026-06-13 15:48:15,508 log 35663 6232748032 Not Found: /favicon.ico
WARNING 2026-06-14 11:21:23,822 log 35663 6131216384 Unauthorized: /api/users/profile/
WARNING 2026-06-14 11:21:24,329 log 35663 6148042752 Unauthorized: /api/users/profile/
ERROR 2026-06-14 11:21:24,381 log 35663 6131216384 Internal Server Error: /api/users/refresh-token
Traceback (most recent call last):
  File "/Users/grizzly/.pyenv/versions/mt/lib/python3.12/site-packages/django/core/handlers/exception.py", line 55, in inner
    response = get_response(request)
               ^^^^^^^^^^^^^^^^^^^^^
  File "/Users/grizzly/.pyenv/versions/mt/lib/python3.12/site-packages/django/utils/deprecation.py", line 311, in __call__
    response = self.process_response(request, response)
               ^^^^^^^^^^^^^^^^^^^^^^^^^^^^^^^^^^^^^^^^
  File "/Users/grizzly/.pyenv/versions/mt/lib/python3.12/site-packages/django/middleware/common.py", line 109, in process_response
    self.get_full_path_with_slash(request)
  File "/Users/grizzly/.pyenv/versions/mt/lib/python3.12/site-packages/django/middleware/common.py", line 87, in get_full_path_with_slash
    raise RuntimeError(
RuntimeError: You called this URL via POST, but the URL doesn't end in a slash and you have APPEND_SLASH set. Django can't redirect to the slash URL while maintaining POST data. Change your form to point to localhost:8000/api/users/refresh-token/ (note the trailing slash), or set APPEND_SLASH=False in your Django settings.
ERROR 2026-06-14 11:21:24,927 log 35663 6148042752 Internal Server Error: /api/users/refresh-token
Traceback (most recent call last):
  File "/Users/grizzly/.pyenv/versions/mt/lib/python3.12/site-packages/django/core/handlers/exception.py", line 55, in inner
    response = get_response(request)
               ^^^^^^^^^^^^^^^^^^^^^
  File "/Users/grizzly/.pyenv/versions/mt/lib/python3.12/site-packages/django/utils/deprecation.py", line 311, in __call__
    response = self.process_response(request, response)
               ^^^^^^^^^^^^^^^^^^^^^^^^^^^^^^^^^^^^^^^^
  File "/Users/grizzly/.pyenv/versions/mt/lib/python3.12/site-packages/django/middleware/common.py", line 109, in process_response
    self.get_full_path_with_slash(request)
  File "/Users/grizzly/.pyenv/versions/mt/lib/python3.12/site-packages/django/middleware/common.py", line 87, in get_full_path_with_slash
    raise RuntimeError(
RuntimeError: You called this URL via POST, but the URL doesn't end in a slash and you have APPEND_SLASH set. Django can't redirect to the slash URL while maintaining POST data. Change your form to point to localhost:8000/api/users/refresh-token/ (note the trailing slash), or set APPEND_SLASH=False in your Django settings.
INFO 2026-06-14 11:23:58,000 autoreload 35663 8598413504 /Users/grizzly/grizzly/edu/python/django/dmoneytracker/apps/endusers/models.py changed, reloading.
INFO 2026-06-14 11:23:58,652 autoreload 37595 8598413504 Watching for file changes with StatReloader
INFO 2026-06-14 11:37:44,521 autoreload 37595 8598413504 /Users/grizzly/grizzly/edu/python/django/dmoneytracker/apps/endusers/admin.py changed, reloading.
INFO 2026-06-14 11:37:44,975 autoreload 37952 8598413504 Watching for file changes with StatReloader
